instance,solver,seconds,size
del18,cascade,1.6813,81639
del18,cascade,1.6882,81640
del18,cascade,1.6905,81641
del18,cascade,1.6913,81642
del18,cascade,1.6920,81646
del18,cascade,1.6927,81647
del18,cascade,1.6935,81649
del18,cascade,1.6942,81650
del18,cascade,1.6960,81651
del18,cascade,1.6967,81652
del18,cascade,1.6989,81654
del18,cascade,1.7018,81655
del18,cascade,1.7032,81657
del18,cascade,1.7038,81658
del18,cascade,1.7053,81659
del18,cascade,1.7077,81660
del18,cascade,1.7084,81662
del18,cascade,1.7091,81664
del18,cascade,1.7099,81665
del18,cascade,1.7122,81667
del18,cascade,1.7130,81669
del18,cascade,1.7143,81670
del18,cascade,1.7193,81672
del18,cascade,1.7200,81673
del18,cascade,1.7234,81674
del18,cascade,1.7256,81676
del18,cascade,1.7263,81678
del18,cascade,1.7270,81680
del18,cascade,1.7284,81681
del18,cascade,1.7292,81682
del18,cascade,1.7316,81684
del18,cascade,1.7323,81685
del18,cascade,1.7352,81687
del18,cascade,1.7382,81689
del18,cascade,1.7390,81690
del18,cascade,1.7397,81691
del18,cascade,1.7425,81692
del18,cascade,1.7432,81694
del18,cascade,1.7440,81695
del18,cascade,1.7499,81698
del18,cascade,1.7512,81699
del18,cascade,1.7527,81700
del18,cascade,1.7542,81701
del18,cascade,1.7549,81702
del18,cascade,1.7557,81703
del18,cascade,1.7598,81705
del18,cascade,1.7612,81706
del18,cascade,1.7618,81707
del18,cascade,1.7634,81708
del18,cascade,1.7647,81710
del18,cascade,1.7654,81711
del18,cascade,1.7706,81712
del18,cascade,1.7713,81713
del18,cascade,1.7728,81714
del18,cascade,1.7743,81715
del18,cascade,1.7760,81716
del18,cascade,1.7776,81718
del18,cascade,1.7783,81719
del18,cascade,1.7819,81720
del18,cascade,1.7834,81721
del18,cascade,1.7848,81722
del18,cascade,1.7871,81724
del18,cascade,1.7879,81725
del18,cascade,1.7885,81726
del18,cascade,1.7907,81727
del18,cascade,1.7914,81728
del18,cascade,1.7928,81729
del18,cascade,1.7982,81731
del18,cascade,1.8022,81732
del18,cascade,1.8041,81733
del18,cascade,1.8085,81734
del18,cascade,1.8104,81735
del18,cascade,1.8121,81737
del18,cascade,1.8160,81739
del18,cascade,1.8201,81740
del18,cascade,1.8218,81741
del18,cascade,1.8234,81744
del18,cascade,1.8254,81746
del18,cascade,1.8272,81747
del18,cascade,1.8290,81750
del18,cascade,1.8309,81753
del18,cascade,1.8325,81754
del18,cascade,1.8344,81756
del18,cascade,1.8360,81757
del18,cascade,1.8380,81758
del18,cascade,1.8397,81759
del18,cascade,1.8431,81761
del18,cascade,1.8449,81762
del18,cascade,1.8468,81765
del18,cascade,1.8504,81769
del18,cascade,1.8557,81770
del18,cascade,1.8574,81771
del18,cascade,1.8630,81772
del18,cascade,1.8648,81773
del18,cascade,1.8665,81774
del18,cascade,1.8700,81776
del18,cascade,1.8722,81777
del18,cascade,1.8740,81779
del18,cascade,1.8778,81782
del18,cascade,1.8795,81783
del18,cascade,1.8864,81784
del18,cascade,1.8903,81787
del18,cascade,1.8924,81789
del18,cascade,1.8958,81790
del18,cascade,1.8997,81791
del18,cascade,1.9014,81792
del18,cascade,1.9068,81794
del18,cascade,1.9088,81798
del18,cascade,1.9106,81800
del18,cascade,1.9138,81801
del18,cascade,1.9176,81803
del18,cascade,1.9228,81804
del18,cascade,1.9244,81805
del18,cascade,1.9263,81806
del18,cascade,1.9280,81808
del18,cascade,1.9297,81809
del18,cascade,1.9330,81810
del18,cascade,1.9347,81813
del18,cascade,1.9365,81815
del18,cascade,1.9383,81816
del18,cascade,1.9410,81818
del18,cascade,1.9428,81819
del18,cascade,1.9445,81820
del18,cascade,1.9464,81821
del18,cascade,1.9481,81822
del18,cascade,1.9498,81823
del18,cascade,1.9518,81825
del18,cascade,1.9552,81827
del18,cascade,1.9568,81828
del18,cascade,1.9587,81831
del18,cascade,1.9622,81834
del18,cascade,1.9656,81835
del18,cascade,1.9710,81836
del18,cascade,1.9730,81837
del18,cascade,1.9784,81838
del18,cascade,1.9820,81840
del18,cascade,1.9856,81842
del18,cascade,1.9893,81843
del18,cascade,1.9928,81844
del18,cascade,2.0001,81845
del18,cascade,2.0018,81846
del18,cascade,2.0052,81848
del18,cascade,2.0086,81849
del18,cascade,2.0121,81852
del18,cascade,2.0154,81855
del18,cascade,2.0225,81857
del18,cascade,2.0302,81858
del18,cascade,2.0320,81859
del18,cascade,2.0408,81860
del18,cascade,2.0425,81862
del18,cascade,2.0441,81863
del18,cascade,2.0460,81864
del18,cascade,2.0494,81866
del18,cascade,2.0511,81868
del18,cascade,2.0625,81869
del18,cascade,2.0644,81871
del18,cascade,2.0663,81873
del18,cascade,2.0736,81874
del18,cascade,2.0755,81875
del18,cascade,2.0774,81876
del18,cascade,2.0814,81877
del18,cascade,2.0832,81878
del18,cascade,2.0850,81879
del18,cascade,2.0884,81880
del18,cascade,2.0902,81881
del18,cascade,2.0962,81882
del18,cascade,2.0980,81883
del18,cascade,2.1031,81885
del18,cascade,2.1050,81887
del18,cascade,2.1101,81888
del18,cascade,2.1120,81891
del18,cascade,2.1140,81892
del18,cascade,2.1156,81894
del18,cascade,2.1237,81895
del18,cascade,2.1272,81897
del18,cascade,2.1320,81899
del18,cascade,2.1335,81902
del18,cascade,2.1384,81904
del18,cascade,2.1424,81905
del18,cascade,2.1440,81907
del18,cascade,2.1476,81908
del18,cascade,2.1494,81909
del18,cascade,2.1656,81911
del18,cascade,2.1717,81912
del18,cascade,2.1733,81915
del18,cascade,2.1750,81917
del18,cascade,2.1765,81918
del18,cascade,2.1780,81919
del18,cascade,2.1873,81921
del18,cascade,2.1920,81922
del18,cascade,2.1950,81923
del18,cascade,2.2075,81926
del18,cascade,2.2130,81928
del18,cascade,2.2229,81931
del18,cascade,2.2275,81932
del18,cascade,2.2323,81935
del18,cascade,2.2371,81938
del18,cascade,2.2470,81939
del18,cascade,2.2518,81940
del18,cascade,2.2565,81941
del18,cascade,2.2629,81944
del18,cascade,2.2683,81946
del18,cascade,2.2730,81949
del18,cascade,2.2829,81952
del18,cascade,2.2878,81953
del18,cascade,2.2933,81958
del18,cascade,2.3037,81959
del18,cascade,2.3083,81962
del18,cascade,2.3146,81965
del18,cascade,2.3244,81968
del18,cascade,2.3294,81969
del18,cascade,2.3342,81973
del18,cascade,2.3403,81977
del18,cascade,2.3511,81978
del18,cascade,2.3560,81979
del18,cascade,2.3628,81985
del18,cascade,2.3688,81987
del18,cascade,2.3738,81990
del18,cascade,2.3789,81991
del18,cascade,2.3889,81992
del18,cascade,2.3936,81994
del18,cascade,2.3988,81996
del18,cascade,2.4096,81998
del18,cascade,2.4149,82000
del18,cascade,2.4206,82004
del18,cascade,2.4256,82005
del18,cascade,2.4310,82013
del18,cascade,2.4365,82014
del18,cascade,2.4415,82019
del18,cascade,2.4514,82022
del18,cascade,2.4624,82023
del18,cascade,2.4724,82025
del18,cascade,2.4776,82028
del18,cascade,2.4832,82029
del18,cascade,2.4882,82031
del18,cascade,2.4929,82032
del18,cascade,2.4979,82034
del18,cascade,2.5032,82036
del18,cascade,2.5080,82038
del18,cascade,2.5190,82039
del18,cascade,2.5288,82040
del18,cascade,2.5335,82043
del18,cascade,2.5386,82045
del18,cascade,2.5529,82047
del18,cascade,2.5627,82050
del18,cascade,2.5678,82051
del18,cascade,2.5779,82053
del18,cascade,2.5932,82054
del18,cascade,2.5980,82055
del18,cascade,2.6083,82057
del18,cascade,2.6188,82058
del18,cascade,2.6279,82059
del18,cascade,2.6329,82061
del18,cascade,2.6380,82062
del18,cascade,2.6427,82063
del18,cascade,2.6474,82065
del18,cascade,2.6530,82066
del18,cascade,2.6588,82067
del18,cascade,2.6641,82068
del18,cascade,2.6736,82069
del18,cascade,2.6783,82070
del18,cascade,2.6885,82071
del18,cascade,2.6934,82074
del18,cascade,2.6983,82075
del18,cascade,2.7080,82077
del18,cascade,2.7127,82080
del18,cascade,2.7224,82083
del18,cascade,2.7269,82086
del18,cascade,2.7318,82088
del18,cascade,2.7362,82091
del18,cascade,2.7409,82092
del18,cascade,2.7461,82093
del18,cascade,2.7511,82095
del18,cascade,2.7564,82096
del18,cascade,2.7615,82097
del18,cascade,2.7710,82098
del18,cascade,2.7757,82099
del18,cascade,2.7801,82100
del18,cascade,2.7911,82103
del18,cascade,2.8002,82104
del18,cascade,2.8089,82105
del18,cascade,2.8334,82107
del18,cascade,2.8579,82110
del18,cascade,2.8625,82113
del18,cascade,2.8676,82114
del18,cascade,2.8773,82116
del18,cascade,2.8825,82117
del18,cascade,2.8869,82118
del18,cascade,2.8960,82119
del18,cascade,2.9012,82122
del18,cascade,2.9062,82124
del18,cascade,2.9123,82128
del18,cascade,2.9173,82129
del18,cascade,2.9223,82131
del18,cascade,2.9270,82132
del18,cascade,2.9422,82134
del18,cascade,2.9516,82135
del18,cascade,2.9567,82136
del18,cascade,2.9616,82137
del18,cascade,2.9807,82138
del18,cascade,2.9862,82139
del18,cascade,2.9910,82142
del18,cascade,3.0011,82143
del18,cascade,3.0161,82145
del18,cascade,3.0204,82147
del18,cascade,3.0254,82148
del18,cascade,3.0450,82149
del18,cascade,3.0502,82151
del18,cascade,3.0662,82152
del18,cascade,3.0779,82153
del18,cascade,3.0837,82154
del18,cascade,3.0884,82156
del18,cascade,3.0934,82159
del18,cascade,3.0995,82160
del18,cascade,3.1106,82161
del18,cascade,3.1155,82162
del18,cascade,3.1262,82163
del18,cascade,3.1313,82164
del18,cascade,3.1370,82165
del18,cascade,3.1421,82166
del18,cascade,3.1472,82167
del18,cascade,3.1625,82169
del18,cascade,3.1671,82170
del18,cascade,3.1720,82172
del18,cascade,3.1821,82174
del18,cascade,3.1972,82178
del18,cascade,3.2033,82180
del18,cascade,3.2101,82181
del18,cascade,3.2153,82182
del18,cascade,3.2209,82183
del18,cascade,3.2305,82186
del18,cascade,3.2350,82187
del18,cascade,3.2553,82189
del18,cascade,3.2752,82190
del18,cascade,3.2891,82192
del18,cascade,3.2943,82193
del18,cascade,3.2991,82194
del18,cascade,3.3043,82195
del18,cascade,3.3143,82196
del18,cascade,3.3245,82197
del18,cascade,3.3867,82201
del18,cascade,3.4070,82203
del18,cascade,3.4317,82208
del18,cascade,3.4499,82209
del18,cascade,3.4713,82217
del18,cascade,3.5066,82219
del18,cascade,3.5293,82224
del18,cascade,3.5492,82226
del18,cascade,3.5683,82232
del18,cascade,3.5860,82236
del18,cascade,3.6072,82238
del18,cascade,3.6239,82240
del18,cascade,3.6414,82245
del18,cascade,3.6641,82249
del18,cascade,3.6817,82250
del18,cascade,3.6983,82254
del18,cascade,3.7362,82255
del18,cascade,3.7599,82259
del18,cascade,3.7790,82260
del18,cascade,3.7996,82262
del18,cascade,3.8179,82264
del18,cascade,3.8368,82266
del18,cascade,3.8567,82268
del18,cascade,3.8748,82270
del18,cascade,3.8933,82271
del18,cascade,3.9230,82273
del18,cascade,3.9430,82276
del18,cascade,3.9593,82278
del18,cascade,3.9804,82281
del18,cascade,3.9990,82283
del18,cascade,4.0172,82285
del18,cascade,4.0345,82287
del18,cascade,4.0552,82289
del18,cascade,4.0738,82291
del18,cascade,4.0956,82292
del18,cascade,4.1133,82293
del18,cascade,4.1321,82295
del18,cascade,4.1510,82297
del18,cascade,4.1742,82301
del18,cascade,4.1935,82304
del18,cascade,4.2147,82308
del18,cascade,4.2328,82309
del18,cascade,4.2507,82310
del18,cascade,4.2670,82312
del18,cascade,4.2850,82315
del18,cascade,4.3225,82316
del18,cascade,4.3389,82321
del18,cascade,4.3567,82322
del18,cascade,4.3753,82323
del18,cascade,4.3921,82325
del18,cascade,4.4105,82326
del18,cascade,4.4285,82327
del18,cascade,4.4468,82330
del18,cascade,4.4641,82331
del18,cascade,4.4828,82332
del18,cascade,4.5015,82333
del18,cascade,4.5177,82334
del18,cascade,4.5379,82337
del18,cascade,4.5544,82339
del18,cascade,4.5699,82341
del18,cascade,4.5868,82347
del18,cascade,4.6645,82350
del18,cascade,4.6827,82352
del18,cascade,4.7033,82353
del18,cascade,4.7191,82357
del18,cascade,4.7390,82359
del18,cascade,4.7590,82360
del18,cascade,4.7798,82361
del18,cascade,4.8034,82363
del18,cascade,4.8505,82365
del18,cascade,4.8711,82366
del18,cascade,4.8882,82369
del18,cascade,4.9061,82370
del18,cascade,4.9414,82372
del18,cascade,4.9581,82373
del18,cascade,4.9936,82376
del18,cascade,5.0125,82378
del18,cascade,5.0286,82379
del18,cascade,5.0829,82380
del18,cascade,5.1035,82381
del18,cascade,5.1194,82382
del18,cascade,5.1389,82383
del18,cascade,5.1959,82384
del18,cascade,5.2130,82385
del18,cascade,5.2310,82388
del18,cascade,5.2465,82389
del18,cascade,5.2641,82390
del18,cascade,5.3025,82393
del18,cascade,5.3198,82395
del18,cascade,5.3868,82396
del18,cascade,5.4042,82397
del18,cascade,5.4384,82398
del18,cascade,5.5435,82399
del18,cascade,5.5616,82400
del18,cascade,5.5794,82401
del18,cascade,5.5979,82403
del18,cascade,5.6169,82405
del18,cascade,5.6535,82406
del18,cascade,5.6692,82408
del18,cascade,5.7006,82409
del18,cascade,5.7177,82410
del18,cascade,5.7400,82411
del18,cascade,5.7990,82412
del18,cascade,5.8189,82413
del18,cascade,5.8378,82414
del18,cascade,5.8921,82415
del18,cascade,5.9260,82416
del18,cascade,5.9600,82417
del18,cascade,5.9763,82419
del18,cascade,5.9948,82421
del18,cascade,6.0327,82424
del18,cascade,6.0515,82425
del18,cascade,6.0704,82426
del18,cascade,6.0900,82427
del18,cascade,6.1432,82429
del18,cascade,6.1601,82431
del18,cascade,6.1776,82434
del18,cascade,6.2471,82437
del18,cascade,6.3054,82438
del18,cascade,6.5922,82440
del18,cascade,6.7308,82445
del18,cascade,6.8721,82447
del18,cascade,6.9663,82450
del18,cascade,7.0680,82453
del18,cascade,7.1725,82457
del18,cascade,7.2941,82460
del18,cascade,7.4548,82461
del18,cascade,7.5629,82462
del18,cascade,7.7038,82463
del18,cascade,7.9158,82467
del18,cascade,7.9991,82470
del18,cascade,8.1005,82474
del18,cascade,8.2531,82476
del18,cascade,8.3429,82478
del18,cascade,8.6171,82481
del18,cascade,8.9177,82483
del18,cascade,9.0481,82486
del18,cascade,9.1756,82488
del18,cascade,9.3808,82491
del18,cascade,9.6768,82494
del18,cascade,9.8005,82497
del18,cascade,10.0241,82500
del18,cascade,10.1657,82504
del18,cascade,10.3249,82508
del18,cascade,10.4468,82510
del18,cascade,10.5410,82514
del18,cascade,10.6482,82516
del18,cascade,10.7633,82519
del18,cascade,10.8781,82520
del18,cascade,10.9653,82521
del18,cascade,11.1087,82523
del18,cascade,11.2001,82524
del18,cascade,11.3224,82525
del18,cascade,11.4523,82526
del18,cascade,11.6683,82528
del18,cascade,11.7765,82530
del18,cascade,11.8537,82531
del18,cascade,11.9574,82532
del18,cascade,12.0561,82534
del18,cascade,12.2656,82535
del18,cascade,12.4206,82536
del18,cascade,12.5120,82538
del18,cascade,12.6038,82541
del18,cascade,12.7436,82542
del18,cascade,12.8297,82544
del18,cascade,12.9384,82546
del18,cascade,13.0193,82547
del18,cascade,13.1254,82550
del18,cascade,13.5001,82551
del18,cascade,13.7758,82552
del18,cascade,13.9890,82553
del18,cascade,14.0971,82557
del18,cascade,14.1882,82559
del18,cascade,14.3993,82560
del18,cascade,14.5148,82564
del18,cascade,14.7880,82566
del18,cascade,14.8839,82567
del18,cascade,15.2488,82568
del18,cascade,15.3342,82569
del18,cascade,15.5516,82573
del18,cascade,15.7324,82574
del18,cascade,15.9939,82577
del18,cascade,16.3575,82578
del18,cascade,16.4620,82579
del18,cascade,16.5840,82580
del18,cascade,17.2563,82581
del18,cascade,17.3518,82582
del18,cascade,17.4789,82583
del18,cascade,17.8832,82584
del18,cascade,18.0808,82586
del18,cascade,18.2839,82587
del18,cascade,18.4284,82589
del18,cascade,18.5221,82590
del18,cascade,18.7488,82591
del18,cascade,19.3516,82592
del18,cascade,19.4635,82594
del18,cascade,19.5487,82595
del18,cascade,19.8027,82599
del18,cascade,19.9531,82600
del18,cascade,20.1386,82602
del18,cascade,20.3203,82603
del18,cascade,21.0532,82604
del18,cascade,21.2598,82605
del18,cascade,21.3576,82606
del18,cascade,21.9264,82608
del18,cascade,22.2560,82610
del18,cascade,22.4280,82611
del18,cascade,22.6031,82612
del18,cascade,22.6954,82613
del18,cascade,22.8960,82614
del18,cascade,23.7180,82615
del18,cascade,24.0592,82616
del18,cascade,25.0244,82617
del18,cascade,25.1361,82618
del18,cascade,25.4548,82620
del18,cascade,25.7058,82621
del18,cascade,27.1846,82622
del18,cascade,29.2140,82623
del18,cascade,29.5187,82624
del18,cascade,29.6453,82626
del18,cascade,31.0452,82627
del18,cascade,31.9141,82629
del18,cascade,32.4285,82630
del18,cascade,34.2964,82631
del18,cascade,35.0044,82632
del18,cascade,35.0932,82633
del18,cascade,36.8073,82635
del18,cascade,37.0509,82636
del18,cascade,37.4155,82637
del18,cascade,37.7864,82638
del18,cascade,39.0163,82639
del18,cascade,40.1896,82640
del18,cascade,40.7363,82641
del18,cascade,41.2596,82642
del18,cascade,42.7748,82643
del18,cascade,43.4327,82644
del18,cascade,43.7355,82646
del18,cascade,43.8453,82647
del18,cascade,44.6220,82648
del18,cascade,44.7287,82649
del18,cascade,45.3687,82650
del18,cascade,46.5764,82651
del18,cascade,47.8045,82652
del18,cascade,48.2024,82653
del18,cascade,51.9541,82654
del18,cascade,58.0041,82655
del18,numvc,0.0000,73502
del18,numvc,0.0010,73503
del18,numvc,0.0030,73504
del18,numvc,0.0050,73505
del18,numvc,0.0070,73506
del18,numvc,0.0090,73507
del18,numvc,0.0110,73508
del18,numvc,0.0140,73509
del18,numvc,0.0160,73510
del18,numvc,0.0180,73511
del18,numvc,0.0200,73512
del18,numvc,0.0220,73513
del18,numvc,0.0250,73514
del18,numvc,0.0270,73515
del18,numvc,0.0290,73516
del18,numvc,0.0310,73517
del18,numvc,0.0330,73518
del18,numvc,0.0350,73519
del18,numvc,0.0380,73520
del18,numvc,0.0410,73521
del18,numvc,0.0430,73522
del18,numvc,0.0450,73523
del18,numvc,0.0480,73524
del18,numvc,0.0500,73525
del18,numvc,0.0520,73526
del18,numvc,0.0540,73527
del18,numvc,0.0550,73528
del18,numvc,0.0590,73529
del18,numvc,0.0610,73530
del18,numvc,0.0630,73531
del18,numvc,0.0650,73532
del18,numvc,0.0670,73533
del18,numvc,0.0690,73534
del18,numvc,0.0710,73535
del18,numvc,0.0730,73536
del18,numvc,0.0750,73537
del18,numvc,0.0770,73538
del18,numvc,0.0790,73539
del18,numvc,0.0810,73540
del18,numvc,0.0820,73541
del18,numvc,0.0840,73542
del18,numvc,0.0860,73543
del18,numvc,0.0880,73544
del18,numvc,0.0900,73545
del18,numvc,0.0920,73546
del18,numvc,0.0940,73547
del18,numvc,0.0960,73548
del18,numvc,0.0990,73549
del18,numvc,0.1010,73550
del18,numvc,0.1030,73551
del18,numvc,0.1050,73552
del18,numvc,0.1070,73553
del18,numvc,0.1080,73554
del18,numvc,0.1100,73555
del18,numvc,0.1120,73556
del18,numvc,0.1140,73557
del18,numvc,0.1160,73558
del18,numvc,0.1190,73559
del18,numvc,0.1210,73560
del18,numvc,0.1230,73561
del18,numvc,0.1250,73562
del18,numvc,0.1270,73563
del18,numvc,0.1280,73564
del18,numvc,0.1300,73565
del18,numvc,0.1320,73566
del18,numvc,0.1340,73567
del18,numvc,0.1360,73568
del18,numvc,0.1380,73569
del18,numvc,0.1390,73570
del18,numvc,0.1410,73571
del18,numvc,0.1430,73572
del18,numvc,0.1450,73573
del18,numvc,0.1470,73574
del18,numvc,0.1490,73575
del18,numvc,0.1500,73576
del18,numvc,0.1520,73577
del18,numvc,0.1540,73578
del18,numvc,0.1560,73579
del18,numvc,0.1580,73580
del18,numvc,0.1600,73581
del18,numvc,0.1620,73582
del18,numvc,0.1640,73583
del18,numvc,0.1660,73584
del18,numvc,0.1680,73585
del18,numvc,0.1700,73586
del18,numvc,0.1710,73587
del18,numvc,0.1730,73588
del18,numvc,0.1750,73589
del18,numvc,0.1770,73590
del18,numvc,0.1790,73591
del18,numvc,0.1810,73592
del18,numvc,0.1820,73593
del18,numvc,0.1840,73594
del18,numvc,0.1860,73595
del18,numvc,0.1880,73596
del18,numvc,0.1900,73597
del18,numvc,0.1920,73598
del18,numvc,0.1930,73599
del18,numvc,0.1950,73600
del18,numvc,0.1980,73601
del18,numvc,0.1990,73602
del18,numvc,0.2010,73603
del18,numvc,0.2030,73604
del18,numvc,0.2050,73605
del18,numvc,0.2070,73606
del18,numvc,0.2090,73607
del18,numvc,0.2110,73608
del18,numvc,0.2130,73609
del18,numvc,0.2150,73610
del18,numvc,0.2180,73611
del18,numvc,0.2200,73612
del18,numvc,0.2220,73613
del18,numvc,0.2240,73614
del18,numvc,0.2260,73615
del18,numvc,0.2280,73616
del18,numvc,0.2300,73617
del18,numvc,0.2320,73618
del18,numvc,0.2340,73619
del18,numvc,0.2350,73620
del18,numvc,0.2370,73621
del18,numvc,0.2390,73622
del18,numvc,0.2410,73623
del18,numvc,0.2420,73624
del18,numvc,0.2440,73625
del18,numvc,0.2460,73626
del18,numvc,0.2480,73627
del18,numvc,0.2490,73628
del18,numvc,0.2510,73629
del18,numvc,0.2530,73630
del18,numvc,0.2550,73631
del18,numvc,0.2570,73632
del18,numvc,0.2590,73633
del18,numvc,0.2610,73634
del18,numvc,0.2620,73635
del18,numvc,0.2640,73636
del18,numvc,0.2660,73637
del18,numvc,0.2680,73638
del18,numvc,0.2700,73639
del18,numvc,0.2720,73640
del18,numvc,0.2730,73641
del18,numvc,0.2750,73642
del18,numvc,0.2770,73643
del18,numvc,0.2790,73644
del18,numvc,0.2810,73645
del18,numvc,0.2830,73646
del18,numvc,0.2850,73647
del18,numvc,0.2870,73648
del18,numvc,0.2890,73649
del18,numvc,0.2910,73650
del18,numvc,0.2930,73651
del18,numvc,0.2940,73652
del18,numvc,0.2960,73653
del18,numvc,0.2980,73654
del18,numvc,0.3000,73655
del18,numvc,0.3020,73656
del18,numvc,0.3040,73657
del18,numvc,0.3060,73658
del18,numvc,0.3070,73659
del18,numvc,0.3090,73660
del18,numvc,0.3110,73661
del18,numvc,0.3130,73662
del18,numvc,0.3150,73663
del18,numvc,0.3170,73664
del18,numvc,0.3180,73665
del18,numvc,0.3200,73666
del18,numvc,0.3220,73667
del18,numvc,0.3240,73668
del18,numvc,0.3260,73669
del18,numvc,0.3270,73670
del18,numvc,0.3300,73671
del18,numvc,0.3310,73672
del18,numvc,0.3330,73673
del18,numvc,0.3350,73674
del18,numvc,0.3380,73675
del18,numvc,0.3400,73676
del18,numvc,0.3410,73677
del18,numvc,0.3430,73678
del18,numvc,0.3450,73679
del18,numvc,0.3470,73680
del18,numvc,0.3490,73681
del18,numvc,0.3510,73682
del18,numvc,0.3540,73683
del18,numvc,0.3560,73684
del18,numvc,0.3590,73685
del18,numvc,0.3610,73686
del18,numvc,0.3640,73687
del18,numvc,0.3660,73688
del18,numvc,0.3670,73689
del18,numvc,0.3690,73690
del18,numvc,0.3710,73691
del18,numvc,0.3730,73692
del18,numvc,0.3750,73693
del18,numvc,0.3770,73694
del18,numvc,0.3780,73695
del18,numvc,0.3800,73696
del18,numvc,0.3820,73697
del18,numvc,0.3840,73698
del18,numvc,0.3860,73699
del18,numvc,0.3880,73700
del18,numvc,0.3900,73701
del18,numvc,0.3920,73702
del18,numvc,0.3930,73703
del18,numvc,0.3950,73704
del18,numvc,0.3970,73705
del18,numvc,0.3990,73706
del18,numvc,0.4010,73707
del18,numvc,0.4020,73708
del18,numvc,0.4040,73709
del18,numvc,0.4060,73710
del18,numvc,0.4080,73711
del18,numvc,0.4100,73712
del18,numvc,0.4120,73713
del18,numvc,0.4140,73714
del18,numvc,0.4160,73715
del18,numvc,0.4180,73716
del18,numvc,0.4220,73717
del18,numvc,0.4240,73718
del18,numvc,0.4260,73719
del18,numvc,0.4280,73720
del18,numvc,0.4300,73721
del18,numvc,0.4320,73722
del18,numvc,0.4340,73723
del18,numvc,0.4360,73724
del18,numvc,0.4380,73725
del18,numvc,0.4390,73726
del18,numvc,0.4410,73727
del18,numvc,0.4430,73728
del18,numvc,0.4450,73729
del18,numvc,0.4460,73730
del18,numvc,0.4480,73731
del18,numvc,0.4500,73732
del18,numvc,0.4520,73733
del18,numvc,0.4530,73734
del18,numvc,0.4550,73735
del18,numvc,0.4570,73736
del18,numvc,0.4590,73737
del18,numvc,0.4600,73738
del18,numvc,0.4620,73739
del18,numvc,0.4640,73740
del18,numvc,0.4660,73741
del18,numvc,0.4680,73742
del18,numvc,0.4700,73743
del18,numvc,0.4710,73744
del18,numvc,0.4730,73745
del18,numvc,0.4750,73746
del18,numvc,0.4770,73747
del18,numvc,0.4790,73748
del18,numvc,0.4810,73749
del18,numvc,0.4820,73750
del18,numvc,0.4840,73751
del18,numvc,0.4860,73752
del18,numvc,0.4880,73753
del18,numvc,0.4900,73754
del18,numvc,0.4910,73755
del18,numvc,0.4930,73756
del18,numvc,0.4950,73757
del18,numvc,0.4970,73758
del18,numvc,0.4990,73759
del18,numvc,0.5010,73760
del18,numvc,0.5030,73761
del18,numvc,0.5040,73762
del18,numvc,0.5060,73763
del18,numvc,0.5080,73764
del18,numvc,0.5100,73765
del18,numvc,0.5120,73766
del18,numvc,0.5140,73767
del18,numvc,0.5150,73768
del18,numvc,0.5170,73769
del18,numvc,0.5190,73770
del18,numvc,0.5210,73771
del18,numvc,0.5230,73772
del18,numvc,0.5240,73773
del18,numvc,0.5260,73774
del18,numvc,0.5280,73775
del18,numvc,0.5300,73776
del18,numvc,0.5310,73777
del18,numvc,0.5330,73778
del18,numvc,0.5350,73779
del18,numvc,0.5370,73780
del18,numvc,0.5390,73781
del18,numvc,0.5410,73782
del18,numvc,0.5420,73783
del18,numvc,0.5440,73784
del18,numvc,0.5460,73785
del18,numvc,0.5480,73786
del18,numvc,0.5490,73787
del18,numvc,0.5510,73788
del18,numvc,0.5530,73789
del18,numvc,0.5550,73790
del18,numvc,0.5570,73791
del18,numvc,0.5580,73792
del18,numvc,0.5600,73793
del18,numvc,0.5620,73794
del18,numvc,0.5640,73795
del18,numvc,0.5660,73796
del18,numvc,0.5680,73797
del18,numvc,0.5700,73798
del18,numvc,0.5710,73799
del18,numvc,0.5730,73800
del18,numvc,0.5750,73801
del18,numvc,0.5770,73802
del18,numvc,0.5790,73803
del18,numvc,0.5800,73804
del18,numvc,0.5820,73805
del18,numvc,0.5840,73806
del18,numvc,0.5860,73807
del18,numvc,0.5880,73808
del18,numvc,0.5900,73809
del18,numvc,0.5910,73810
del18,numvc,0.5930,73811
del18,numvc,0.5950,73812
del18,numvc,0.5970,73813
del18,numvc,0.5990,73814
del18,numvc,0.6000,73815
del18,numvc,0.6020,73816
del18,numvc,0.6040,73817
del18,numvc,0.6060,73818
del18,numvc,0.6080,73819
del18,numvc,0.6090,73820
del18,numvc,0.6110,73821
del18,numvc,0.6130,73822
del18,numvc,0.6150,73823
del18,numvc,0.6170,73824
del18,numvc,0.6190,73825
del18,numvc,0.6210,73826
del18,numvc,0.6220,73827
del18,numvc,0.6250,73828
del18,numvc,0.6320,73829
del18,numvc,0.6340,73830
del18,numvc,0.6360,73831
del18,numvc,0.6380,73832
del18,numvc,0.6400,73833
del18,numvc,0.6420,73834
del18,numvc,0.6440,73835
del18,numvc,0.6460,73836
del18,numvc,0.6480,73837
del18,numvc,0.6510,73838
del18,numvc,0.6530,73839
del18,numvc,0.6550,73840
del18,numvc,0.6570,73841
del18,numvc,0.6590,73842
del18,numvc,0.6620,73843
del18,numvc,0.6640,73844
del18,numvc,0.6660,73845
del18,numvc,0.6680,73846
del18,numvc,0.6700,73847
del18,numvc,0.6720,73848
del18,numvc,0.6740,73849
del18,numvc,0.6760,73850
del18,numvc,0.6770,73851
del18,numvc,0.6790,73852
del18,numvc,0.6810,73853
del18,numvc,0.6830,73854
del18,numvc,0.6850,73855
del18,numvc,0.6860,73856
del18,numvc,0.6880,73857
del18,numvc,0.6900,73858
del18,numvc,0.6920,73859
del18,numvc,0.6940,73860
del18,numvc,0.6950,73861
del18,numvc,0.6970,73862
del18,numvc,0.6990,73863
del18,numvc,0.7010,73864
del18,numvc,0.7030,73865
del18,numvc,0.7050,73866
del18,numvc,0.7060,73867
del18,numvc,0.7080,73868
del18,numvc,0.7100,73869
del18,numvc,0.7120,73870
del18,numvc,0.7140,73871
del18,numvc,0.7160,73872
del18,numvc,0.7180,73873
del18,numvc,0.7190,73874
del18,numvc,0.7210,73875
del18,numvc,0.7230,73876
del18,numvc,0.7250,73877
del18,numvc,0.7260,73878
del18,numvc,0.7280,73879
del18,numvc,0.7300,73880
del18,numvc,0.7320,73881
del18,numvc,0.7330,73882
del18,numvc,0.7350,73883
del18,numvc,0.7370,73884
del18,numvc,0.7390,73885
del18,numvc,0.7410,73886
del18,numvc,0.7420,73887
del18,numvc,0.7440,73888
del18,numvc,0.7460,73889
del18,numvc,0.7480,73890
del18,numvc,0.7500,73891
del18,numvc,0.7510,73892
del18,numvc,0.7530,73893
del18,numvc,0.7550,73894
del18,numvc,0.7570,73895
del18,numvc,0.7590,73896
del18,numvc,0.7600,73897
del18,numvc,0.7620,73898
del18,numvc,0.7640,73899
del18,numvc,0.7660,73900
del18,numvc,0.7670,73901
del18,numvc,0.7690,73902
del18,numvc,0.7710,73903
del18,numvc,0.7730,73904
del18,numvc,0.7740,73905
del18,numvc,0.7760,73906
del18,numvc,0.7780,73907
del18,numvc,0.7800,73908
del18,numvc,0.7810,73909
del18,numvc,0.7830,73910
del18,numvc,0.7850,73911
del18,numvc,0.7870,73912
del18,numvc,0.7880,73913
del18,numvc,0.7900,73914
del18,numvc,0.7920,73915
del18,numvc,0.7940,73916
del18,numvc,0.7950,73917
del18,numvc,0.7970,73918
del18,numvc,0.7990,73919
del18,numvc,0.8010,73920
del18,numvc,0.8030,73921
del18,numvc,0.8040,73922
del18,numvc,0.8060,73923
del18,numvc,0.8080,73924
del18,numvc,0.8100,73925
del18,numvc,0.8110,73926
del18,numvc,0.8130,73927
del18,numvc,0.8150,73928
del18,numvc,0.8170,73929
del18,numvc,0.8180,73930
del18,numvc,0.8200,73931
del18,numvc,0.8220,73932
del18,numvc,0.8240,73933
del18,numvc,0.8250,73934
del18,numvc,0.8270,73935
del18,numvc,0.8290,73936
del18,numvc,0.8310,73937
del18,numvc,0.8330,73938
del18,numvc,0.8340,73939
del18,numvc,0.8360,73940
del18,numvc,0.8380,73941
del18,numvc,0.8400,73942
del18,numvc,0.8420,73943
del18,numvc,0.8440,73944
del18,numvc,0.8460,73945
del18,numvc,0.8470,73946
del18,numvc,0.8490,73947
del18,numvc,0.8510,73948
del18,numvc,0.8530,73949
del18,numvc,0.8550,73950
del18,numvc,0.8560,73951
del18,numvc,0.8580,73952
del18,numvc,0.8600,73953
del18,numvc,0.8620,73954
del18,numvc,0.8630,73955
del18,numvc,0.8650,73956
del18,numvc,0.8670,73957
del18,numvc,0.8690,73958
del18,numvc,0.8700,73959
del18,numvc,0.8720,73960
del18,numvc,0.8740,73961
del18,numvc,0.8760,73962
del18,numvc,0.8780,73963
del18,numvc,0.8790,73964
del18,numvc,0.8810,73965
del18,numvc,0.8830,73966
del18,numvc,0.8850,73967
del18,numvc,0.8870,73968
del18,numvc,0.8890,73969
del18,numvc,0.8910,73970
del18,numvc,0.8920,73971
del18,numvc,0.8940,73972
del18,numvc,0.8960,73973
del18,numvc,0.8980,73974
del18,numvc,0.8990,73975
del18,numvc,0.9010,73976
del18,numvc,0.9030,73977
del18,numvc,0.9050,73978
del18,numvc,0.9070,73979
del18,numvc,0.9080,73980
del18,numvc,0.9100,73981
del18,numvc,0.9120,73982
del18,numvc,0.9140,73983
del18,numvc,0.9160,73984
del18,numvc,0.9180,73985
del18,numvc,0.9190,73986
del18,numvc,0.9210,73987
del18,numvc,0.9230,73988
del18,numvc,0.9250,73989
del18,numvc,0.9260,73990
del18,numvc,0.9280,73991
del18,numvc,0.9300,73992
del18,numvc,0.9320,73993
del18,numvc,0.9340,73994
del18,numvc,0.9350,73995
del18,numvc,0.9370,73996
del18,numvc,0.9390,73997
del18,numvc,0.9410,73998
del18,numvc,0.9420,73999
del18,numvc,0.9440,74000
del18,numvc,0.9460,74001
del18,numvc,0.9480,74002
del18,numvc,0.9490,74003
del18,numvc,0.9510,74004
del18,numvc,0.9530,74005
del18,numvc,0.9550,74006
del18,numvc,0.9570,74007
del18,numvc,0.9590,74008
del18,numvc,0.9610,74009
del18,numvc,0.9630,74010
del18,numvc,0.9650,74011
del18,numvc,0.9670,74012
del18,numvc,0.9680,74013
del18,numvc,0.9700,74014
del18,numvc,0.9720,74015
del18,numvc,0.9740,74016
del18,numvc,0.9760,74017
del18,numvc,0.9780,74018
del18,numvc,0.9800,74019
del18,numvc,0.9810,74020
del18,numvc,0.9830,74021
del18,numvc,0.9850,74022
del18,numvc,0.9870,74023
del18,numvc,0.9890,74024
del18,numvc,0.9910,74025
del18,numvc,0.9930,74026
del18,numvc,0.9950,74027
del18,numvc,0.9970,74028
del18,numvc,0.9990,74029
del18,numvc,1.0000,74030
del18,numvc,1.0020,74031
del18,numvc,1.0040,74032
del18,numvc,1.0060,74033
del18,numvc,1.0080,74034
del18,numvc,1.0100,74035
del18,numvc,1.0110,74036
del18,numvc,1.0130,74037
del18,numvc,1.0150,74038
del18,numvc,1.0170,74039
del18,numvc,1.0190,74040
del18,numvc,1.0210,74041
del18,numvc,1.0230,74042
del18,numvc,1.0250,74043
del18,numvc,1.0270,74044
del18,numvc,1.0290,74045
del18,numvc,1.0300,74046
del18,numvc,1.0320,74047
del18,numvc,1.0340,74048
del18,numvc,1.0360,74049
del18,numvc,1.0380,74050
del18,numvc,1.0400,74051
del18,numvc,1.0420,74052
del18,numvc,1.0440,74053
del18,numvc,1.0450,74054
del18,numvc,1.0470,74055
del18,numvc,1.0490,74056
del18,numvc,1.0510,74057
del18,numvc,1.0530,74058
del18,numvc,1.0550,74059
del18,numvc,1.0570,74060
del18,numvc,1.0590,74061
del18,numvc,1.0610,74062
del18,numvc,1.0620,74063
del18,numvc,1.0640,74064
del18,numvc,1.0660,74065
del18,numvc,1.0680,74066
del18,numvc,1.0700,74067
del18,numvc,1.0710,74068
del18,numvc,1.0730,74069
del18,numvc,1.0750,74070
del18,numvc,1.0770,74071
del18,numvc,1.0790,74072
del18,numvc,1.0800,74073
del18,numvc,1.0820,74074
del18,numvc,1.0840,74075
del18,numvc,1.0860,74076
del18,numvc,1.0870,74077
del18,numvc,1.0890,74078
del18,numvc,1.0910,74079
del18,numvc,1.0930,74080
del18,numvc,1.0950,74081
del18,numvc,1.0960,74082
del18,numvc,1.0980,74083
del18,numvc,1.1000,74084
del18,numvc,1.1020,74085
del18,numvc,1.1030,74086
del18,numvc,1.1050,74087
del18,numvc,1.1070,74088
del18,numvc,1.1090,74089
del18,numvc,1.1110,74090
del18,numvc,1.1130,74091
del18,numvc,1.1150,74092
del18,numvc,1.1170,74093
del18,numvc,1.1190,74094
del18,numvc,1.1200,74095
del18,numvc,1.1220,74096
del18,numvc,1.1240,74097
del18,numvc,1.1260,74098
del18,numvc,1.1280,74099
del18,numvc,1.1290,74100
del18,numvc,1.1310,74101
del18,numvc,1.1330,74102
del18,numvc,1.1350,74103
del18,numvc,1.1370,74104
del18,numvc,1.1380,74105
del18,numvc,1.1410,74106
del18,numvc,1.1430,74107
del18,numvc,1.1440,74108
del18,numvc,1.1460,74109
del18,numvc,1.1480,74110
del18,numvc,1.1500,74111
del18,numvc,1.1510,74112
del18,numvc,1.1530,74113
del18,numvc,1.1550,74114
del18,numvc,1.1570,74115
del18,numvc,1.1590,74116
del18,numvc,1.1600,74117
del18,numvc,1.1620,74118
del18,numvc,1.1640,74119
del18,numvc,1.1660,74120
del18,numvc,1.1680,74121
del18,numvc,1.1690,74122
del18,numvc,1.1710,74123
del18,numvc,1.1730,74124
del18,numvc,1.1750,74125
del18,numvc,1.1770,74126
del18,numvc,1.1790,74127
del18,numvc,1.1810,74128
del18,numvc,1.1830,74129
del18,numvc,1.1850,74130
del18,numvc,1.1870,74131
del18,numvc,1.1890,74132
del18,numvc,1.1910,74133
del18,numvc,1.1930,74134
del18,numvc,1.1940,74135
del18,numvc,1.1960,74136
del18,numvc,1.1980,74137
del18,numvc,1.2000,74138
del18,numvc,1.2010,74139
del18,numvc,1.2030,74140
del18,numvc,1.2070,74141
del18,numvc,1.2100,74142
del18,numvc,1.2120,74143
del18,numvc,1.2130,74144
del18,numvc,1.2150,74145
del18,numvc,1.2170,74146
del18,numvc,1.2190,74147
del18,numvc,1.2210,74148
del18,numvc,1.2230,74149
del18,numvc,1.2240,74150
del18,numvc,1.2260,74151
del18,numvc,1.2280,74152
del18,numvc,1.2300,74153
del18,numvc,1.2310,74154
del18,numvc,1.2330,74155
del18,numvc,1.2350,74156
del18,numvc,1.2370,74157
del18,numvc,1.2390,74158
del18,numvc,1.2400,74159
del18,numvc,1.2420,74160
del18,numvc,1.2440,74161
del18,numvc,1.2460,74162
del18,numvc,1.2480,74163
del18,numvc,1.2490,74164
del18,numvc,1.2510,74165
del18,numvc,1.2530,74166
del18,numvc,1.2550,74167
del18,numvc,1.2570,74168
del18,numvc,1.2580,74169
del18,numvc,1.2600,74170
del18,numvc,1.2620,74171
del18,numvc,1.2640,74172
del18,numvc,1.2650,74173
del18,numvc,1.2670,74174
del18,numvc,1.2690,74175
del18,numvc,1.2710,74176
del18,numvc,1.2720,74177
del18,numvc,1.2740,74178
del18,numvc,1.2760,74179
del18,numvc,1.2780,74180
del18,numvc,1.2800,74181
del18,numvc,1.2820,74182
del18,numvc,1.2830,74183
del18,numvc,1.2850,74184
del18,numvc,1.2870,74185
del18,numvc,1.2890,74186
del18,numvc,1.2910,74187
del18,numvc,1.2930,74188
del18,numvc,1.2940,74189
del18,numvc,1.2960,74190
del18,numvc,1.2980,74191
del18,numvc,1.3000,74192
del18,numvc,1.3020,74193
del18,numvc,1.3030,74194
del18,numvc,1.3050,74195
del18,numvc,1.3070,74196
del18,numvc,1.3090,74197
del18,numvc,1.3110,74198
del18,numvc,1.3130,74199
del18,numvc,1.3140,74200
del18,numvc,1.3160,74201
del18,numvc,1.3180,74202
del18,numvc,1.3200,74203
del18,numvc,1.3220,74204
del18,numvc,1.3240,74205
del18,numvc,1.3250,74206
del18,numvc,1.3270,74207
del18,numvc,1.3290,74208
del18,numvc,1.3310,74209
del18,numvc,1.3330,74210
del18,numvc,1.3350,74211
del18,numvc,1.3370,74212
del18,numvc,1.3390,74213
del18,numvc,1.3420,74214
del18,numvc,1.3450,74215
del18,numvc,1.3470,74216
del18,numvc,1.3490,74217
del18,numvc,1.3510,74218
del18,numvc,1.3530,74219
del18,numvc,1.3550,74220
del18,numvc,1.3570,74221
del18,numvc,1.3580,74222
del18,numvc,1.3600,74223
del18,numvc,1.3620,74224
del18,numvc,1.3640,74225
del18,numvc,1.3660,74226
del18,numvc,1.3680,74227
del18,numvc,1.3690,74228
del18,numvc,1.3710,74229
del18,numvc,1.3730,74230
del18,numvc,1.3750,74231
del18,numvc,1.3760,74232
del18,numvc,1.3780,74233
del18,numvc,1.3800,74234
del18,numvc,1.3820,74235
del18,numvc,1.3840,74236
del18,numvc,1.3850,74237
del18,numvc,1.3870,74238
del18,numvc,1.3890,74239
del18,numvc,1.3910,74240
del18,numvc,1.3930,74241
del18,numvc,1.3950,74242
del18,numvc,1.3960,74243
del18,numvc,1.3980,74244
del18,numvc,1.4000,74245
del18,numvc,1.4020,74246
del18,numvc,1.4030,74247
del18,numvc,1.4050,74248
del18,numvc,1.4070,74249
del18,numvc,1.4090,74250
del18,numvc,1.4110,74251
del18,numvc,1.4120,74252
del18,numvc,1.4140,74253
del18,numvc,1.4160,74254
del18,numvc,1.4180,74255
del18,numvc,1.4200,74256
del18,numvc,1.4210,74257
del18,numvc,1.4230,74258
del18,numvc,1.4250,74259
del18,numvc,1.4270,74260
del18,numvc,1.4290,74261
del18,numvc,1.4310,74262
del18,numvc,1.4320,74263
del18,numvc,1.4340,74264
del18,numvc,1.4360,74265
del18,numvc,1.4380,74266
del18,numvc,1.4400,74267
del18,numvc,1.4420,74268
del18,numvc,1.4440,74269
del18,numvc,1.4460,74270
del18,numvc,1.4480,74271
del18,numvc,1.4490,74272
del18,numvc,1.4510,74273
del18,numvc,1.4530,74274
del18,numvc,1.4550,74275
del18,numvc,1.4570,74276
del18,numvc,1.4590,74277
del18,numvc,1.4600,74278
del18,numvc,1.4620,74279
del18,numvc,1.4650,74280
del18,numvc,1.4660,74281
del18,numvc,1.4680,74282
del18,numvc,1.4700,74283
del18,numvc,1.4720,74284
del18,numvc,1.4740,74285
del18,numvc,1.4760,74286
del18,numvc,1.4770,74287
del18,numvc,1.4790,74288
del18,numvc,1.4810,74289
del18,numvc,1.4830,74290
del18,numvc,1.4850,74291
del18,numvc,1.4870,74292
del18,numvc,1.4890,74293
del18,numvc,1.4910,74294
del18,numvc,1.4930,74295
del18,numvc,1.4960,74296
del18,numvc,1.4980,74297
del18,numvc,1.5000,74298
del18,numvc,1.5020,74299
del18,numvc,1.5040,74300
del18,numvc,1.5060,74301
del18,numvc,1.5090,74302
del18,numvc,1.5110,74303
del18,numvc,1.5130,74304
del18,numvc,1.5150,74305
del18,numvc,1.5170,74306
del18,numvc,1.5190,74307
del18,numvc,1.5210,74308
del18,numvc,1.5230,74309
del18,numvc,1.5250,74310
del18,numvc,1.5270,74311
del18,numvc,1.5310,74312
del18,numvc,1.5420,74313
del18,numvc,1.5460,74314
del18,numvc,1.5480,74315
del18,numvc,1.5500,74316
del18,numvc,1.5520,74317
del18,numvc,1.5540,74318
del18,numvc,1.5560,74319
del18,numvc,1.5590,74320
del18,numvc,1.5610,74321
del18,numvc,1.5630,74322
del18,numvc,1.5650,74323
del18,numvc,1.5670,74324
del18,numvc,1.5690,74325
del18,numvc,1.5710,74326
del18,numvc,1.5730,74327
del18,numvc,1.5740,74328
del18,numvc,1.5760,74329
del18,numvc,1.5780,74330
del18,numvc,1.5800,74331
del18,numvc,1.5820,74332
del18,numvc,1.5830,74333
del18,numvc,1.5850,74334
del18,numvc,1.5870,74335
del18,numvc,1.5890,74336
del18,numvc,1.5910,74337
del18,numvc,1.5930,74338
del18,numvc,1.5940,74339
del18,numvc,1.5960,74340
del18,numvc,1.5980,74341
del18,numvc,1.6000,74342
del18,numvc,1.6020,74343
del18,numvc,1.6040,74344
del18,numvc,1.6060,74345
del18,numvc,1.6080,74346
del18,numvc,1.6100,74347
del18,numvc,1.6140,74348
del18,numvc,1.6160,74349
del18,numvc,1.6180,74350
del18,numvc,1.6190,74351
del18,numvc,1.6210,74352
del18,numvc,1.6230,74353
del18,numvc,1.6250,74354
del18,numvc,1.6270,74355
del18,numvc,1.6290,74356
del18,numvc,1.6300,74357
del18,numvc,1.6330,74358
del18,numvc,1.6340,74359
del18,numvc,1.6360,74360
del18,numvc,1.6380,74361
del18,numvc,1.6400,74362
del18,numvc,1.6420,74363
del18,numvc,1.6440,74364
del18,numvc,1.6450,74365
del18,numvc,1.6470,74366
del18,numvc,1.6500,74367
del18,numvc,1.6520,74368
del18,numvc,1.6530,74369
del18,numvc,1.6550,74370
del18,numvc,1.6570,74371
del18,numvc,1.6590,74372
del18,numvc,1.6660,74373
del18,numvc,1.6680,74374
del18,numvc,1.6700,74375
del18,numvc,1.6720,74376
del18,numvc,1.6740,74377
del18,numvc,1.6760,74378
del18,numvc,1.6780,74379
del18,numvc,1.6790,74380
del18,numvc,1.6810,74381
del18,numvc,1.6830,74382
del18,numvc,1.6850,74383
del18,numvc,1.6870,74384
del18,numvc,1.6890,74385
del18,numvc,1.6910,74386
del18,numvc,1.6930,74387
del18,numvc,1.6950,74388
del18,numvc,1.6970,74389
del18,numvc,1.7020,74390
del18,numvc,1.7110,74391
del18,numvc,1.7130,74392
del18,numvc,1.7150,74393
del18,numvc,1.7170,74394
del18,numvc,1.7190,74395
del18,numvc,1.7210,74396
del18,numvc,1.7230,74397
del18,numvc,1.7250,74398
del18,numvc,1.7270,74399
del18,numvc,1.7290,74400
del18,numvc,1.7300,74401
del18,numvc,1.7330,74402
del18,numvc,1.7340,74403
del18,numvc,1.7360,74404
del18,numvc,1.7380,74405
del18,numvc,1.7400,74406
del18,numvc,1.7420,74407
del18,numvc,1.7440,74408
del18,numvc,1.7460,74409
del18,numvc,1.7480,74410
del18,numvc,1.7500,74411
del18,numvc,1.7520,74412
del18,numvc,1.7530,74413
del18,numvc,1.7550,74414
del18,numvc,1.7570,74415
del18,numvc,1.7590,74416
del18,numvc,1.7610,74417
del18,numvc,1.7620,74418
del18,numvc,1.7640,74419
del18,numvc,1.7660,74420
del18,numvc,1.7680,74421
del18,numvc,1.7700,74422
del18,numvc,1.7710,74423
del18,numvc,1.7730,74424
del18,numvc,1.7750,74425
del18,numvc,1.7770,74426
del18,numvc,1.7790,74427
del18,numvc,1.7800,74428
del18,numvc,1.7820,74429
del18,numvc,1.7840,74430
del18,numvc,1.7860,74431
del18,numvc,1.7890,74432
del18,numvc,1.7910,74433
del18,numvc,1.7920,74434
del18,numvc,1.7940,74435
del18,numvc,1.7960,74436
del18,numvc,1.7980,74437
del18,numvc,1.8000,74438
del18,numvc,1.8020,74439
del18,numvc,1.8040,74440
del18,numvc,1.8060,74441
del18,numvc,1.8070,74442
del18,numvc,1.8090,74443
del18,numvc,1.8110,74444
del18,numvc,1.8130,74445
del18,numvc,1.8150,74446
del18,numvc,1.8180,74447
del18,numvc,1.8210,74448
del18,numvc,1.8230,74449
del18,numvc,1.8250,74450
del18,numvc,1.8280,74451
del18,numvc,1.8300,74452
del18,numvc,1.8310,74453
del18,numvc,1.8330,74454
del18,numvc,1.8350,74455
del18,numvc,1.8370,74456
del18,numvc,1.8390,74457
del18,numvc,1.8410,74458
del18,numvc,1.8430,74459
del18,numvc,1.8450,74460
del18,numvc,1.8470,74461
del18,numvc,1.8480,74462
del18,numvc,1.8500,74463
del18,numvc,1.8520,74464
del18,numvc,1.8540,74465
del18,numvc,1.8560,74466
del18,numvc,1.8570,74467
del18,numvc,1.8590,74468
del18,numvc,1.8610,74469
del18,numvc,1.8630,74470
del18,numvc,1.8650,74471
del18,numvc,1.8670,74472
del18,numvc,1.8700,74473
del18,numvc,1.8710,74474
del18,numvc,1.8730,74475
del18,numvc,1.8750,74476
del18,numvc,1.8770,74477
del18,numvc,1.8790,74478
del18,numvc,1.8800,74479
del18,numvc,1.8820,74480
del18,numvc,1.8840,74481
del18,numvc,1.8860,74482
del18,numvc,1.8880,74483
del18,numvc,1.8900,74484
del18,numvc,1.8920,74485
del18,numvc,1.8940,74486
del18,numvc,1.8950,74487
del18,numvc,1.8970,74488
del18,numvc,1.8990,74489
del18,numvc,1.9010,74490
del18,numvc,1.9020,74491
del18,numvc,1.9040,74492
del18,numvc,1.9060,74493
del18,numvc,1.9080,74494
del18,numvc,1.9090,74495
del18,numvc,1.9110,74496
del18,numvc,1.9130,74497
del18,numvc,1.9150,74498
del18,numvc,1.9170,74499
del18,numvc,1.9180,74500
del18,numvc,1.9200,74501
del18,numvc,1.9220,74502
del18,numvc,1.9240,74503
del18,numvc,1.9250,74504
del18,numvc,1.9270,74505
del18,numvc,1.9290,74506
del18,numvc,1.9310,74507
del18,numvc,1.9330,74508
del18,numvc,1.9350,74509
del18,numvc,1.9370,74510
del18,numvc,1.9390,74511
del18,numvc,1.9410,74512
del18,numvc,1.9420,74513
del18,numvc,1.9440,74514
del18,numvc,1.9460,74515
del18,numvc,1.9480,74516
del18,numvc,1.9500,74517
del18,numvc,1.9510,74518
del18,numvc,1.9530,74519
del18,numvc,1.9550,74520
del18,numvc,1.9570,74521
del18,numvc,1.9590,74522
del18,numvc,1.9610,74523
del18,numvc,1.9630,74524
del18,numvc,1.9650,74525
del18,numvc,1.9660,74526
del18,numvc,1.9690,74527
del18,numvc,1.9700,74528
del18,numvc,1.9720,74529
del18,numvc,1.9740,74530
del18,numvc,1.9760,74531
del18,numvc,1.9780,74532
del18,numvc,1.9800,74533
del18,numvc,1.9810,74534
del18,numvc,1.9830,74535
del18,numvc,1.9850,74536
del18,numvc,1.9870,74537
del18,numvc,1.9890,74538
del18,numvc,1.9900,74539
del18,numvc,1.9920,74540
del18,numvc,1.9940,74541
del18,numvc,1.9960,74542
del18,numvc,1.9980,74543
del18,numvc,2.0000,74544
del18,numvc,2.0020,74545
del18,numvc,2.0040,74546
del18,numvc,2.0060,74547
del18,numvc,2.0080,74548
del18,numvc,2.0100,74549
del18,numvc,2.0110,74550
del18,numvc,2.0130,74551
del18,numvc,2.0150,74552
del18,numvc,2.0170,74553
del18,numvc,2.0190,74554
del18,numvc,2.0210,74555
del18,numvc,2.0230,74556
del18,numvc,2.0240,74557
del18,numvc,2.0260,74558
del18,numvc,2.0280,74559
del18,numvc,2.0300,74560
del18,numvc,2.0320,74561
del18,numvc,2.0340,74562
del18,numvc,2.0350,74563
del18,numvc,2.0370,74564
del18,numvc,2.0390,74565
del18,numvc,2.0410,74566
del18,numvc,2.0420,74567
del18,numvc,2.0440,74568
del18,numvc,2.0460,74569
del18,numvc,2.0480,74570
del18,numvc,2.0500,74571
del18,numvc,2.0510,74572
del18,numvc,2.0530,74573
del18,numvc,2.0550,74574
del18,numvc,2.0570,74575
del18,numvc,2.0580,74576
del18,numvc,2.0600,74577
del18,numvc,2.0620,74578
del18,numvc,2.0640,74579
del18,numvc,2.0660,74580
del18,numvc,2.0670,74581
del18,numvc,2.0690,74582
del18,numvc,2.0710,74583
del18,numvc,2.0730,74584
del18,numvc,2.0740,74585
del18,numvc,2.0760,74586
del18,numvc,2.0780,74587
del18,numvc,2.0800,74588
del18,numvc,2.0820,74589
del18,numvc,2.0830,74590
del18,numvc,2.0850,74591
del18,numvc,2.0870,74592
del18,numvc,2.0890,74593
del18,numvc,2.0900,74594
del18,numvc,2.0920,74595
del18,numvc,2.0940,74596
del18,numvc,2.0960,74597
del18,numvc,2.0980,74598
del18,numvc,2.0990,74599
del18,numvc,2.1010,74600
del18,numvc,2.1030,74601
del18,numvc,2.1050,74602
del18,numvc,2.1060,74603
del18,numvc,2.1080,74604
del18,numvc,2.1100,74605
del18,numvc,2.1120,74606
del18,numvc,2.1140,74607
del18,numvc,2.1150,74608
del18,numvc,2.1170,74609
del18,numvc,2.1190,74610
del18,numvc,2.1210,74611
del18,numvc,2.1220,74612
del18,numvc,2.1240,74613
del18,numvc,2.1260,74614
del18,numvc,2.1280,74615
del18,numvc,2.1300,74616
del18,numvc,2.1320,74617
del18,numvc,2.1340,74618
del18,numvc,2.1350,74619
del18,numvc,2.1370,74620
del18,numvc,2.1390,74621
del18,numvc,2.1410,74622
del18,numvc,2.1430,74623
del18,numvc,2.1450,74624
del18,numvc,2.1460,74625
del18,numvc,2.1480,74626
del18,numvc,2.1500,74627
del18,numvc,2.1520,74628
del18,numvc,2.1540,74629
del18,numvc,2.1560,74630
del18,numvc,2.1580,74631
del18,numvc,2.1590,74632
del18,numvc,2.1610,74633
del18,numvc,2.1630,74634
del18,numvc,2.1650,74635
del18,numvc,2.1660,74636
del18,numvc,2.1680,74637
del18,numvc,2.1700,74638
del18,numvc,2.1720,74639
del18,numvc,2.1740,74640
del18,numvc,2.1750,74641
del18,numvc,2.1770,74642
del18,numvc,2.1800,74643
del18,numvc,2.1820,74644
del18,numvc,2.1830,74645
del18,numvc,2.1850,74646
del18,numvc,2.1870,74647
del18,numvc,2.1890,74648
del18,numvc,2.1910,74649
del18,numvc,2.1920,74650
del18,numvc,2.1940,74651
del18,numvc,2.1960,74652
del18,numvc,2.1980,74653
del18,numvc,2.1990,74654
del18,numvc,2.2010,74655
del18,numvc,2.2030,74656
del18,numvc,2.2050,74657
del18,numvc,2.2070,74658
del18,numvc,2.2080,74659
del18,numvc,2.2100,74660
del18,numvc,2.2120,74661
del18,numvc,2.2140,74662
del18,numvc,2.2160,74663
del18,numvc,2.2170,74664
del18,numvc,2.2190,74665
del18,numvc,2.2210,74666
del18,numvc,2.2230,74667
del18,numvc,2.2240,74668
del18,numvc,2.2260,74669
del18,numvc,2.2280,74670
del18,numvc,2.2300,74671
del18,numvc,2.2320,74672
del18,numvc,2.2340,74673
del18,numvc,2.2360,74674
del18,numvc,2.2380,74675
del18,numvc,2.2390,74676
del18,numvc,2.2410,74677
del18,numvc,2.2430,74678
del18,numvc,2.2450,74679
del18,numvc,2.2470,74680
del18,numvc,2.2490,74681
del18,numvc,2.2510,74682
del18,numvc,2.2530,74683
del18,numvc,2.2540,74684
del18,numvc,2.2560,74685
del18,numvc,2.2580,74686
del18,numvc,2.2600,74687
del18,numvc,2.2620,74688
del18,numvc,2.2640,74689
del18,numvc,2.2650,74690
del18,numvc,2.2670,74691
del18,numvc,2.2690,74692
del18,numvc,2.2710,74693
del18,numvc,2.2730,74694
del18,numvc,2.2740,74695
del18,numvc,2.2760,74696
del18,numvc,2.2780,74697
del18,numvc,2.2800,74698
del18,numvc,2.2820,74699
del18,numvc,2.2830,74700
del18,numvc,2.2850,74701
del18,numvc,2.2880,74702
del18,numvc,2.2890,74703
del18,numvc,2.2910,74704
del18,numvc,2.2930,74705
del18,numvc,2.2950,74706
del18,numvc,2.2970,74707
del18,numvc,2.2980,74708
del18,numvc,2.3000,74709
del18,numvc,2.3020,74710
del18,numvc,2.3040,74711
del18,numvc,2.3050,74712
del18,numvc,2.3070,74713
del18,numvc,2.3090,74714
del18,numvc,2.3110,74715
del18,numvc,2.3130,74716
del18,numvc,2.3140,74717
del18,numvc,2.3160,74718
del18,numvc,2.3180,74719
del18,numvc,2.3200,74720
del18,numvc,2.3210,74721
del18,numvc,2.3230,74722
del18,numvc,2.3250,74723
del18,numvc,2.3270,74724
del18,numvc,2.3290,74725
del18,numvc,2.3310,74726
del18,numvc,2.3330,74727
del18,numvc,2.3340,74728
del18,numvc,2.3360,74729
del18,numvc,2.3380,74730
del18,numvc,2.3400,74731
del18,numvc,2.3420,74732
del18,numvc,2.3430,74733
del18,numvc,2.3450,74734
del18,numvc,2.3470,74735
del18,numvc,2.3490,74736
del18,numvc,2.3510,74737
del18,numvc,2.3530,74738
del18,numvc,2.3540,74739
del18,numvc,2.3560,74740
del18,numvc,2.3580,74741
del18,numvc,2.3600,74742
del18,numvc,2.3620,74743
del18,numvc,2.3640,74744
del18,numvc,2.3660,74745
del18,numvc,2.3670,74746
del18,numvc,2.3690,74747
del18,numvc,2.3710,74748
del18,numvc,2.3740,74749
del18,numvc,2.3760,74750
del18,numvc,2.3780,74751
del18,numvc,2.3800,74752
del18,numvc,2.3810,74753
del18,numvc,2.3830,74754
del18,numvc,2.3850,74755
del18,numvc,2.3870,74756
del18,numvc,2.3890,74757
del18,numvc,2.3910,74758
del18,numvc,2.3930,74759
del18,numvc,2.3940,74760
del18,numvc,2.3960,74761
del18,numvc,2.3980,74762
del18,numvc,2.4000,74763
del18,numvc,2.4020,74764
del18,numvc,2.4040,74765
del18,numvc,2.4050,74766
del18,numvc,2.4070,74767
del18,numvc,2.4090,74768
del18,numvc,2.4110,74769
del18,numvc,2.4130,74770
del18,numvc,2.4150,74771
del18,numvc,2.4160,74772
del18,numvc,2.4180,74773
del18,numvc,2.4200,74774
del18,numvc,2.4220,74775
del18,numvc,2.4240,74776
del18,numvc,2.4260,74777
del18,numvc,2.4270,74778
del18,numvc,2.4290,74779
del18,numvc,2.4310,74780
del18,numvc,2.4330,74781
del18,numvc,2.4350,74782
del18,numvc,2.4370,74783
del18,numvc,2.4390,74784
del18,numvc,2.4400,74785
del18,numvc,2.4420,74786
del18,numvc,2.4440,74787
del18,numvc,2.4460,74788
del18,numvc,2.4480,74789
del18,numvc,2.4500,74790
del18,numvc,2.4520,74791
del18,numvc,2.4540,74792
del18,numvc,2.4560,74793
del18,numvc,2.4580,74794
del18,numvc,2.4590,74795
del18,numvc,2.4610,74796
del18,numvc,2.4630,74797
del18,numvc,2.4650,74798
del18,numvc,2.4670,74799
del18,numvc,2.4690,74800
del18,numvc,2.4710,74801
del18,numvc,2.4720,74802
del18,numvc,2.4740,74803
del18,numvc,2.4760,74804
del18,numvc,2.4780,74805
del18,numvc,2.4800,74806
del18,numvc,2.4810,74807
del18,numvc,2.4830,74808
del18,numvc,2.4850,74809
del18,numvc,2.4870,74810
del18,numvc,2.4890,74811
del18,numvc,2.4900,74812
del18,numvc,2.4920,74813
del18,numvc,2.4940,74814
del18,numvc,2.4960,74815
del18,numvc,2.4980,74816
del18,numvc,2.4990,74817
del18,numvc,2.5010,74818
del18,numvc,2.5030,74819
del18,numvc,2.5050,74820
del18,numvc,2.5070,74821
del18,numvc,2.5080,74822
del18,numvc,2.5100,74823
del18,numvc,2.5120,74824
del18,numvc,2.5140,74825
del18,numvc,2.5150,74826
del18,numvc,2.5170,74827
del18,numvc,2.5190,74828
del18,numvc,2.5210,74829
del18,numvc,2.5230,74830
del18,numvc,2.5240,74831
del18,numvc,2.5260,74832
del18,numvc,2.5280,74833
del18,numvc,2.5300,74834
del18,numvc,2.5320,74835
del18,numvc,2.5340,74836
del18,numvc,2.5370,74837
del18,numvc,2.5390,74838
del18,numvc,2.5400,74839
del18,numvc,2.5420,74840
del18,numvc,2.5440,74841
del18,numvc,2.5460,74842
del18,numvc,2.5480,74843
del18,numvc,2.5500,74844
del18,numvc,2.5520,74845
del18,numvc,2.5540,74846
del18,numvc,2.5560,74847
del18,numvc,2.5580,74848
del18,numvc,2.5600,74849
del18,numvc,2.5610,74850
del18,numvc,2.5630,74851
del18,numvc,2.5650,74852
del18,numvc,2.5670,74853
del18,numvc,2.5690,74854
del18,numvc,2.5710,74855
del18,numvc,2.5730,74856
del18,numvc,2.5750,74857
del18,numvc,2.5770,74858
del18,numvc,2.5780,74859
del18,numvc,2.5800,74860
del18,numvc,2.5820,74861
del18,numvc,2.5840,74862
del18,numvc,2.5860,74863
del18,numvc,2.5880,74864
del18,numvc,2.5890,74865
del18,numvc,2.5910,74866
del18,numvc,2.5930,74867
del18,numvc,2.5950,74868
del18,numvc,2.5970,74869
del18,numvc,2.5990,74870
del18,numvc,2.6010,74871
del18,numvc,2.6020,74872
del18,numvc,2.6040,74873
del18,numvc,2.6060,74874
del18,numvc,2.6080,74875
del18,numvc,2.6090,74876
del18,numvc,2.6110,74877
del18,numvc,2.6130,74878
del18,numvc,2.6150,74879
del18,numvc,2.6170,74880
del18,numvc,2.6180,74881
del18,numvc,2.6200,74882
del18,numvc,2.6220,74883
del18,numvc,2.6240,74884
del18,numvc,2.6260,74885
del18,numvc,2.6270,74886
del18,numvc,2.6290,74887
del18,numvc,2.6310,74888
del18,numvc,2.6330,74889
del18,numvc,2.6350,74890
del18,numvc,2.6370,74891
del18,numvc,2.6380,74892
del18,numvc,2.6400,74893
del18,numvc,2.6420,74894
del18,numvc,2.6440,74895
del18,numvc,2.6460,74896
del18,numvc,2.6480,74897
del18,numvc,2.6500,74898
del18,numvc,2.6520,74899
del18,numvc,2.6540,74900
del18,numvc,2.6560,74901
del18,numvc,2.6570,74902
del18,numvc,2.6590,74903
del18,numvc,2.6610,74904
del18,numvc,2.6630,74905
del18,numvc,2.6650,74906
del18,numvc,2.6660,74907
del18,numvc,2.6680,74908
del18,numvc,2.6700,74909
del18,numvc,2.6720,74910
del18,numvc,2.6740,74911
del18,numvc,2.6760,74912
del18,numvc,2.6780,74913
del18,numvc,2.6790,74914
del18,numvc,2.6810,74915
del18,numvc,2.6830,74916
del18,numvc,2.6850,74917
del18,numvc,2.6870,74918
del18,numvc,2.6890,74919
del18,numvc,2.6910,74920
del18,numvc,2.6930,74921
del18,numvc,2.6940,74922
del18,numvc,2.6960,74923
del18,numvc,2.6980,74924
del18,numvc,2.7000,74925
del18,numvc,2.7020,74926
del18,numvc,2.7040,74927
del18,numvc,2.7050,74928
del18,numvc,2.7070,74929
del18,numvc,2.7090,74930
del18,numvc,2.7110,74931
del18,numvc,2.7130,74932
del18,numvc,2.7150,74933
del18,numvc,2.7170,74934
del18,numvc,2.7190,74935
del18,numvc,2.7210,74936
del18,numvc,2.7220,74937
del18,numvc,2.7240,74938
del18,numvc,2.7260,74939
del18,numvc,2.7280,74940
del18,numvc,2.7290,74941
del18,numvc,2.7310,74942
del18,numvc,2.7330,74943
del18,numvc,2.7350,74944
del18,numvc,2.7370,74945
del18,numvc,2.7390,74946
del18,numvc,2.7410,74947
del18,numvc,2.7440,74948
del18,numvc,2.7460,74949
del18,numvc,2.7480,74950
del18,numvc,2.7490,74951
del18,numvc,2.7510,74952
del18,numvc,2.7530,74953
del18,numvc,2.7550,74954
del18,numvc,2.7570,74955
del18,numvc,2.7580,74956
del18,numvc,2.7600,74957
del18,numvc,2.7620,74958
del18,numvc,2.7640,74959
del18,numvc,2.7660,74960
del18,numvc,2.7670,74961
del18,numvc,2.7690,74962
del18,numvc,2.7710,74963
del18,numvc,2.7730,74964
del18,numvc,2.7750,74965
del18,numvc,2.7760,74966
del18,numvc,2.7780,74967
del18,numvc,2.7800,74968
del18,numvc,2.7820,74969
del18,numvc,2.7840,74970
del18,numvc,2.7850,74971
del18,numvc,2.7870,74972
del18,numvc,2.7890,74973
del18,numvc,2.7910,74974
del18,numvc,2.7930,74975
del18,numvc,2.7940,74976
del18,numvc,2.7960,74977
del18,numvc,2.7980,74978
del18,numvc,2.8000,74979
del18,numvc,2.8020,74980
del18,numvc,2.8030,74981
del18,numvc,2.8050,74982
del18,numvc,2.8070,74983
del18,numvc,2.8090,74984
del18,numvc,2.8110,74985
del18,numvc,2.8130,74986
del18,numvc,2.8140,74987
del18,numvc,2.8160,74988
del18,numvc,2.8180,74989
del18,numvc,2.8200,74990
del18,numvc,2.8220,74991
del18,numvc,2.8230,74992
del18,numvc,2.8250,74993
del18,numvc,2.8270,74994
del18,numvc,2.8290,74995
del18,numvc,2.8310,74996
del18,numvc,2.8320,74997
del18,numvc,2.8340,74998
del18,numvc,2.8360,74999
del18,numvc,2.8400,75000
del18,numvc,2.8420,75001
del18,numvc,2.8440,75002
del18,numvc,2.8460,75003
del18,numvc,2.8470,75004
del18,numvc,2.8490,75005
del18,numvc,2.8510,75006
del18,numvc,2.8530,75007
del18,numvc,2.8550,75008
del18,numvc,2.8560,75009
del18,numvc,2.8580,75010
del18,numvc,2.8600,75011
del18,numvc,2.8620,75012
del18,numvc,2.8640,75013
del18,numvc,2.8650,75014
del18,numvc,2.8670,75015
del18,numvc,2.8690,75016
del18,numvc,2.8710,75017
del18,numvc,2.8730,75018
del18,numvc,2.8740,75019
del18,numvc,2.8760,75020
del18,numvc,2.8780,75021
del18,numvc,2.8800,75022
del18,numvc,2.8820,75023
del18,numvc,2.8830,75024
del18,numvc,2.8850,75025
del18,numvc,2.8870,75026
del18,numvc,2.8890,75027
del18,numvc,2.8910,75028
del18,numvc,2.8920,75029
del18,numvc,2.8940,75030
del18,numvc,2.8960,75031
del18,numvc,2.8980,75032
del18,numvc,2.8990,75033
del18,numvc,2.9010,75034
del18,numvc,2.9030,75035
del18,numvc,2.9050,75036
del18,numvc,2.9070,75037
del18,numvc,2.9080,75038
del18,numvc,2.9100,75039
del18,numvc,2.9120,75040
del18,numvc,2.9140,75041
del18,numvc,2.9160,75042
del18,numvc,2.9170,75043
del18,numvc,2.9190,75044
del18,numvc,2.9210,75045
del18,numvc,2.9230,75046
del18,numvc,2.9250,75047
del18,numvc,2.9260,75048
del18,numvc,2.9280,75049
del18,numvc,2.9300,75050
del18,numvc,2.9320,75051
del18,numvc,2.9340,75052
del18,numvc,2.9350,75053
del18,numvc,2.9370,75054
del18,numvc,2.9390,75055
del18,numvc,2.9410,75056
del18,numvc,2.9430,75057
del18,numvc,2.9440,75058
del18,numvc,2.9460,75059
del18,numvc,2.9480,75060
del18,numvc,2.9500,75061
del18,numvc,2.9520,75062
del18,numvc,2.9530,75063
del18,numvc,2.9550,75064
del18,numvc,2.9570,75065
del18,numvc,2.9590,75066
del18,numvc,2.9610,75067
del18,numvc,2.9620,75068
del18,numvc,2.9640,75069
del18,numvc,2.9660,75070
del18,numvc,2.9690,75071
del18,numvc,2.9710,75072
del18,numvc,2.9720,75073
del18,numvc,2.9740,75074
del18,numvc,2.9760,75075
del18,numvc,2.9780,75076
del18,numvc,2.9800,75077
del18,numvc,2.9810,75078
del18,numvc,2.9830,75079
del18,numvc,2.9850,75080
del18,numvc,2.9870,75081
del18,numvc,2.9890,75082
del18,numvc,2.9900,75083
del18,numvc,2.9920,75084
del18,numvc,2.9940,75085
del18,numvc,2.9960,75086
del18,numvc,2.9980,75087
del18,numvc,3.0000,75088
del18,numvc,3.0020,75089
del18,numvc,3.0040,75090
del18,numvc,3.0050,75091
del18,numvc,3.0070,75092
del18,numvc,3.0090,75093
del18,numvc,3.0110,75094
del18,numvc,3.0130,75095
del18,numvc,3.0140,75096
del18,numvc,3.0160,75097
del18,numvc,3.0180,75098
del18,numvc,3.0200,75099
del18,numvc,3.0220,75100
del18,numvc,3.0250,75101
del18,numvc,3.0270,75102
del18,numvc,3.0290,75103
del18,numvc,3.0310,75104
del18,numvc,3.0330,75105
del18,numvc,3.0350,75106
del18,numvc,3.0370,75107
del18,numvc,3.0390,75108
del18,numvc,3.0410,75109
del18,numvc,3.0430,75110
del18,numvc,3.0450,75111
del18,numvc,3.0460,75112
del18,numvc,3.0480,75113
del18,numvc,3.0500,75114
del18,numvc,3.0530,75115
del18,numvc,3.0550,75116
del18,numvc,3.0570,75117
del18,numvc,3.0590,75118
del18,numvc,3.0610,75119
del18,numvc,3.0620,75120
del18,numvc,3.0640,75121
del18,numvc,3.0660,75122
del18,numvc,3.0680,75123
del18,numvc,3.0700,75124
del18,numvc,3.0720,75125
del18,numvc,3.0740,75126
del18,numvc,3.0760,75127
del18,numvc,3.0780,75128
del18,numvc,3.0800,75129
del18,numvc,3.0820,75130
del18,numvc,3.0840,75131
del18,numvc,3.0860,75132
del18,numvc,3.0880,75133
del18,numvc,3.0900,75134
del18,numvc,3.0920,75135
del18,numvc,3.0940,75136
del18,numvc,3.0950,75137
del18,numvc,3.0970,75138
del18,numvc,3.0990,75139
del18,numvc,3.1010,75140
del18,numvc,3.1030,75141
del18,numvc,3.1050,75142
del18,numvc,3.1070,75143
del18,numvc,3.1090,75144
del18,numvc,3.1110,75145
del18,numvc,3.1130,75146
del18,numvc,3.1150,75147
del18,numvc,3.1170,75148
del18,numvc,3.1190,75149
del18,numvc,3.1210,75150
del18,numvc,3.1230,75151
del18,numvc,3.1250,75152
del18,numvc,3.1270,75153
del18,numvc,3.1290,75154
del18,numvc,3.1320,75155
del18,numvc,3.1340,75156
del18,numvc,3.1360,75157
del18,numvc,3.1370,75158
del18,numvc,3.1390,75159
del18,numvc,3.1410,75160
del18,numvc,3.1430,75161
del18,numvc,3.1450,75162
del18,numvc,3.1470,75163
del18,numvc,3.1490,75164
del18,numvc,3.1510,75165
del18,numvc,3.1530,75166
del18,numvc,3.1550,75167
del18,numvc,3.1570,75168
del18,numvc,3.1590,75169
del18,numvc,3.1600,75170
del18,numvc,3.1620,75171
del18,numvc,3.1640,75172
del18,numvc,3.1660,75173
del18,numvc,3.1680,75174
del18,numvc,3.1700,75175
del18,numvc,3.1720,75176
del18,numvc,3.1740,75177
del18,numvc,3.1760,75178
del18,numvc,3.1780,75179
del18,numvc,3.1800,75180
del18,numvc,3.1810,75181
del18,numvc,3.1830,75182
del18,numvc,3.1850,75183
del18,numvc,3.1870,75184
del18,numvc,3.1890,75185
del18,numvc,3.1910,75186
del18,numvc,3.1920,75187
del18,numvc,3.1940,75188
del18,numvc,3.1960,75189
del18,numvc,3.1980,75190
del18,numvc,3.2000,75191
del18,numvc,3.2020,75192
del18,numvc,3.2030,75193
del18,numvc,3.2050,75194
del18,numvc,3.2070,75195
del18,numvc,3.2090,75196
del18,numvc,3.2110,75197
del18,numvc,3.2130,75198
del18,numvc,3.2140,75199
del18,numvc,3.2160,75200
del18,numvc,3.2180,75201
del18,numvc,3.2200,75202
del18,numvc,3.2220,75203
del18,numvc,3.2240,75204
del18,numvc,3.2260,75205
del18,numvc,3.2270,75206
del18,numvc,3.2290,75207
del18,numvc,3.2310,75208
del18,numvc,3.2330,75209
del18,numvc,3.2350,75210
del18,numvc,3.2370,75211
del18,numvc,3.2390,75212
del18,numvc,3.2410,75213
del18,numvc,3.2430,75214
del18,numvc,3.2450,75215
del18,numvc,3.2470,75216
del18,numvc,3.2480,75217
del18,numvc,3.2500,75218
del18,numvc,3.2520,75219
del18,numvc,3.2550,75220
del18,numvc,3.2570,75221
del18,numvc,3.2610,75222
del18,numvc,3.2650,75223
del18,numvc,3.2670,75224
del18,numvc,3.2690,75225
del18,numvc,3.2710,75226
del18,numvc,3.2730,75227
del18,numvc,3.2740,75228
del18,numvc,3.2760,75229
del18,numvc,3.2780,75230
del18,numvc,3.2800,75231
del18,numvc,3.2810,75232
del18,numvc,3.2830,75233
del18,numvc,3.2850,75234
del18,numvc,3.2870,75235
del18,numvc,3.2890,75236
del18,numvc,3.2900,75237
del18,numvc,3.2920,75238
del18,numvc,3.2940,75239
del18,numvc,3.2960,75240
del18,numvc,3.2980,75241
del18,numvc,3.2990,75242
del18,numvc,3.3010,75243
del18,numvc,3.3030,75244
del18,numvc,3.3050,75245
del18,numvc,3.3070,75246
del18,numvc,3.3090,75247
del18,numvc,3.3110,75248
del18,numvc,3.3120,75249
del18,numvc,3.3140,75250
del18,numvc,3.3160,75251
del18,numvc,3.3180,75252
del18,numvc,3.3200,75253
del18,numvc,3.3220,75254
del18,numvc,3.3240,75255
del18,numvc,3.3250,75256
del18,numvc,3.3270,75257
del18,numvc,3.3290,75258
del18,numvc,3.3310,75259
del18,numvc,3.3330,75260
del18,numvc,3.3340,75261
del18,numvc,3.3360,75262
del18,numvc,3.3380,75263
del18,numvc,3.3400,75264
del18,numvc,3.3420,75265
del18,numvc,3.3430,75266
del18,numvc,3.3450,75267
del18,numvc,3.3470,75268
del18,numvc,3.3490,75269
del18,numvc,3.3510,75270
del18,numvc,3.3520,75271
del18,numvc,3.3540,75272
del18,numvc,3.3560,75273
del18,numvc,3.3580,75274
del18,numvc,3.3600,75275
del18,numvc,3.3610,75276
del18,numvc,3.3630,75277
del18,numvc,3.3650,75278
del18,numvc,3.3670,75279
del18,numvc,3.3690,75280
del18,numvc,3.3700,75281
del18,numvc,3.3720,75282
del18,numvc,3.3740,75283
del18,numvc,3.3760,75284
del18,numvc,3.3780,75285
del18,numvc,3.3800,75286
del18,numvc,3.3810,75287
del18,numvc,3.3830,75288
del18,numvc,3.3850,75289
del18,numvc,3.3870,75290
del18,numvc,3.3890,75291
del18,numvc,3.3900,75292
del18,numvc,3.3920,75293
del18,numvc,3.3940,75294
del18,numvc,3.3960,75295
del18,numvc,3.3980,75296
del18,numvc,3.3990,75297
del18,numvc,3.4010,75298
del18,numvc,3.4030,75299
del18,numvc,3.4050,75300
del18,numvc,3.4070,75301
del18,numvc,3.4090,75302
del18,numvc,3.4110,75303
del18,numvc,3.4130,75304
del18,numvc,3.4150,75305
del18,numvc,3.4160,75306
del18,numvc,3.4180,75307
del18,numvc,3.4200,75308
del18,numvc,3.4220,75309
del18,numvc,3.4230,75310
del18,numvc,3.4250,75311
del18,numvc,3.4270,75312
del18,numvc,3.4290,75313
del18,numvc,3.4310,75314
del18,numvc,3.4320,75315
del18,numvc,3.4340,75316
del18,numvc,3.4360,75317
del18,numvc,3.4380,75318
del18,numvc,3.4390,75319
del18,numvc,3.4410,75320
del18,numvc,3.4430,75321
del18,numvc,3.4480,75322
del18,numvc,3.4510,75323
del18,numvc,3.4560,75324
del18,numvc,3.4620,75325
del18,numvc,3.4900,75326
del18,numvc,3.5060,75327
del18,numvc,3.5170,75328
del18,numvc,3.5340,75329
del18,numvc,3.5460,75330
del18,numvc,3.5520,75331
del18,numvc,3.5550,75332
del18,numvc,3.5580,75333
del18,numvc,3.5650,75334
del18,numvc,3.5690,75335
del18,numvc,3.5710,75336
del18,numvc,3.5780,75337
del18,numvc,3.5980,75338
del18,numvc,3.6030,75339
del18,numvc,3.6190,75340
del18,numvc,3.6350,75341
del18,numvc,3.6530,75342
del18,numvc,3.6670,75343
del18,numvc,3.6780,75344
del18,numvc,3.7140,75345
del18,numvc,3.7350,75346
del18,numvc,3.7410,75347
del18,numvc,3.7490,75348
del18,numvc,3.7540,75349
del18,numvc,3.7620,75350
del18,numvc,3.7750,75351
del18,numvc,3.8000,75352
del18,numvc,3.8090,75353
del18,numvc,3.8240,75354
del18,numvc,3.8360,75355
del18,numvc,3.8410,75356
del18,numvc,3.8490,75357
del18,numvc,3.8790,75358
del18,numvc,3.8920,75359
del18,numvc,3.9000,75360
del18,numvc,3.9030,75361
del18,numvc,3.9090,75362
del18,numvc,3.9110,75363
del18,numvc,3.9270,75364
del18,numvc,3.9470,75365
del18,numvc,3.9560,75366
del18,numvc,3.9600,75367
del18,numvc,3.9620,75368
del18,numvc,3.9690,75369
del18,numvc,3.9710,75370
del18,numvc,3.9790,75371
del18,numvc,3.9870,75372
del18,numvc,4.0040,75373
del18,numvc,4.0130,75374
del18,numvc,4.0220,75375
del18,numvc,4.0300,75376
del18,numvc,4.0400,75377
del18,numvc,4.0450,75378
del18,numvc,4.0510,75379
del18,numvc,4.0560,75380
del18,numvc,4.0670,75381
del18,numvc,4.0750,75382
del18,numvc,4.0820,75383
del18,numvc,4.1030,75384
del18,numvc,4.1050,75385
del18,numvc,4.1080,75386
del18,numvc,4.1140,75387
del18,numvc,4.1180,75388
del18,numvc,4.1230,75389
del18,numvc,4.1300,75390
del18,numvc,4.1370,75391
del18,numvc,4.1410,75392
del18,numvc,4.1550,75393
del18,numvc,4.1750,75394
del18,numvc,4.1790,75395
del18,numvc,4.1840,75396
del18,numvc,4.1900,75397
del18,numvc,4.2030,75398
del18,numvc,4.2110,75399
del18,numvc,4.2140,75400
del18,numvc,4.2210,75401
del18,numvc,4.2250,75402
del18,numvc,4.2390,75403
del18,numvc,4.2450,75404
del18,numvc,4.2470,75405
del18,numvc,4.2520,75406
del18,numvc,4.2710,75407
del18,numvc,4.2860,75408
del18,numvc,4.2980,75409
del18,numvc,4.3040,75410
del18,numvc,4.3200,75411
del18,numvc,4.3310,75412
del18,numvc,4.3460,75413
del18,numvc,4.3500,75414
del18,numvc,4.3560,75415
del18,numvc,4.3590,75416
del18,numvc,4.3790,75417
del18,numvc,4.3920,75418
del18,numvc,4.4040,75419
del18,numvc,4.4090,75420
del18,numvc,4.4180,75421
del18,numvc,4.4200,75422
del18,numvc,4.4270,75423
del18,numvc,4.4300,75424
del18,numvc,4.4330,75425
del18,numvc,4.4390,75426
del18,numvc,4.4420,75427
del18,numvc,4.4540,75428
del18,numvc,4.4560,75429
del18,numvc,4.4620,75430
del18,numvc,4.4640,75431
del18,numvc,4.4760,75432
del18,numvc,4.4800,75433
del18,numvc,4.4890,75434
del18,numvc,4.4940,75435
del18,numvc,4.4960,75436
del18,numvc,4.4990,75437
del18,numvc,4.5250,75438
del18,numvc,4.5270,75439
del18,numvc,4.5430,75440
del18,numvc,4.5480,75441
del18,numvc,4.5680,75442
del18,numvc,4.5750,75443
del18,numvc,4.5920,75444
del18,numvc,4.5940,75445
del18,numvc,4.5990,75446
del18,numvc,4.6020,75447
del18,numvc,4.6070,75448
del18,numvc,4.6130,75449
del18,numvc,4.6160,75450
del18,numvc,4.6200,75451
del18,numvc,4.6250,75452
del18,numvc,4.6310,75453
del18,numvc,4.6370,75454
del18,numvc,4.6390,75455
del18,numvc,4.6550,75456
del18,numvc,4.6590,75457
del18,numvc,4.6730,75458
del18,numvc,4.6790,75459
del18,numvc,4.6830,75460
del18,numvc,4.6900,75461
del18,numvc,4.6940,75462
del18,numvc,4.6960,75463
del18,numvc,4.7050,75464
del18,numvc,4.7130,75465
del18,numvc,4.7410,75466
del18,numvc,4.7460,75467
del18,numvc,4.7530,75468
del18,numvc,4.7760,75469
del18,numvc,4.7790,75470
del18,numvc,4.7930,75471
del18,numvc,4.7970,75472
del18,numvc,4.8060,75473
del18,numvc,4.8260,75474
del18,numvc,4.8300,75475
del18,numvc,4.8340,75476
del18,numvc,4.8380,75477
del18,numvc,4.8410,75478
del18,numvc,4.8430,75479
del18,numvc,4.8520,75480
del18,numvc,4.8650,75481
del18,numvc,4.8670,75482
del18,numvc,4.8940,75483
del18,numvc,4.8960,75484
del18,numvc,4.9050,75485
del18,numvc,4.9150,75486
del18,numvc,4.9170,75487
del18,numvc,4.9250,75488
del18,numvc,4.9310,75489
del18,numvc,4.9350,75490
del18,numvc,4.9390,75491
del18,numvc,4.9480,75492
del18,numvc,4.9690,75493
del18,numvc,4.9820,75494
del18,numvc,4.9840,75495
del18,numvc,4.9960,75496
del18,numvc,5.0000,75497
del18,numvc,5.0040,75498
del18,numvc,5.0110,75499
del18,numvc,5.0300,75500
del18,numvc,5.0320,75501
del18,numvc,5.0360,75502
del18,numvc,5.0380,75503
del18,numvc,5.0440,75504
del18,numvc,5.0520,75505
del18,numvc,5.0570,75506
del18,numvc,5.0640,75507
del18,numvc,5.0680,75508
del18,numvc,5.0740,75509
del18,numvc,5.0770,75510
del18,numvc,5.0800,75511
del18,numvc,5.0860,75512
del18,numvc,5.0960,75513
del18,numvc,5.1020,75514
del18,numvc,5.1040,75515
del18,numvc,5.1160,75516
del18,numvc,5.1190,75517
del18,numvc,5.1210,75518
del18,numvc,5.1270,75519
del18,numvc,5.1330,75520
del18,numvc,5.1390,75521
del18,numvc,5.1540,75522
del18,numvc,5.1630,75523
del18,numvc,5.1840,75524
del18,numvc,5.1960,75525
del18,numvc,5.2030,75526
del18,numvc,5.2340,75527
del18,numvc,5.2370,75528
del18,numvc,5.2410,75529
del18,numvc,5.2520,75530
del18,numvc,5.2710,75531
del18,numvc,5.2780,75532
del18,numvc,5.2880,75533
del18,numvc,5.3050,75534
del18,numvc,5.3130,75535
del18,numvc,5.3200,75536
del18,numvc,5.3330,75537
del18,numvc,5.3430,75538
del18,numvc,5.3610,75539
del18,numvc,5.3650,75540
del18,numvc,5.3700,75541
del18,numvc,5.3760,75542
del18,numvc,5.3800,75543
del18,numvc,5.3850,75544
del18,numvc,5.4020,75545
del18,numvc,5.4040,75546
del18,numvc,5.4150,75547
del18,numvc,5.4180,75548
del18,numvc,5.4250,75549
del18,numvc,5.4440,75550
del18,numvc,5.4520,75551
del18,numvc,5.4600,75552
del18,numvc,5.4660,75553
del18,numvc,5.4690,75554
del18,numvc,5.4790,75555
del18,numvc,5.4850,75556
del18,numvc,5.4960,75557
del18,numvc,5.4980,75558
del18,numvc,5.5030,75559
del18,numvc,5.5080,75560
del18,numvc,5.5090,75561
del18,numvc,5.5150,75562
del18,numvc,5.5370,75563
del18,numvc,5.5460,75564
del18,numvc,5.5550,75565
del18,numvc,5.5620,75566
del18,numvc,5.5680,75567
del18,numvc,5.5750,75568
del18,numvc,5.5790,75569
del18,numvc,5.5890,75570
del18,numvc,5.5950,75571
del18,numvc,5.6090,75572
del18,numvc,5.6220,75573
del18,numvc,5.6410,75574
del18,numvc,5.6680,75575
del18,numvc,5.6900,75576
del18,numvc,5.7010,75577
del18,numvc,5.7070,75578
del18,numvc,5.7160,75579
del18,numvc,5.7200,75580
del18,numvc,5.7270,75581
del18,numvc,5.7290,75582
del18,numvc,5.7400,75583
del18,numvc,5.7430,75584
del18,numvc,5.7550,75585
del18,numvc,5.7580,75586
del18,numvc,5.7630,75587
del18,numvc,5.7680,75588
del18,numvc,5.7740,75589
del18,numvc,5.7780,75590
del18,numvc,5.7850,75591
del18,numvc,5.7880,75592
del18,numvc,5.7980,75593
del18,numvc,5.8090,75594
del18,numvc,5.8150,75595
del18,numvc,5.8280,75596
del18,numvc,5.8330,75597
del18,numvc,5.8390,75598
del18,numvc,5.8570,75599
del18,numvc,5.8610,75600
del18,numvc,5.8740,75601
del18,numvc,5.8800,75602
del18,numvc,5.8920,75603
del18,numvc,5.8960,75604
del18,numvc,5.9000,75605
del18,numvc,5.9220,75606
del18,numvc,5.9280,75607
del18,numvc,5.9340,75608
del18,numvc,5.9460,75609
del18,numvc,5.9500,75610
del18,numvc,5.9510,75611
del18,numvc,5.9620,75612
del18,numvc,5.9660,75613
del18,numvc,5.9800,75614
del18,numvc,5.9830,75615
del18,numvc,5.9940,75616
del18,numvc,5.9970,75617
del18,numvc,6.0060,75618
del18,numvc,6.0080,75619
del18,numvc,6.0260,75620
del18,numvc,6.0280,75621
del18,numvc,6.0330,75622
del18,numvc,6.0390,75623
del18,numvc,6.0510,75624
del18,numvc,6.0570,75625
del18,numvc,6.0670,75626
del18,numvc,6.0730,75627
del18,numvc,6.0770,75628
del18,numvc,6.0860,75629
del18,numvc,6.0990,75630
del18,numvc,6.1070,75631
del18,numvc,6.1090,75632
del18,numvc,6.1150,75633
del18,numvc,6.1230,75634
del18,numvc,6.1250,75635
del18,numvc,6.1310,75636
del18,numvc,6.1400,75637
del18,numvc,6.1440,75638
del18,numvc,6.1500,75639
del18,numvc,6.1540,75640
del18,numvc,6.1730,75641
del18,numvc,6.1880,75642
del18,numvc,6.1970,75643
del18,numvc,6.2080,75644
del18,numvc,6.2130,75645
del18,numvc,6.2160,75646
del18,numvc,6.2260,75647
del18,numvc,6.2400,75648
del18,numvc,6.2470,75649
del18,numvc,6.2510,75650
del18,numvc,6.2720,75651
del18,numvc,6.2800,75652
del18,numvc,6.2940,75653
del18,numvc,6.3010,75654
del18,numvc,6.3080,75655
del18,numvc,6.3100,75656
del18,numvc,6.3150,75657
del18,numvc,6.3230,75658
del18,numvc,6.3290,75659
del18,numvc,6.3310,75660
del18,numvc,6.3350,75661
del18,numvc,6.3480,75662
del18,numvc,6.3540,75663
del18,numvc,6.3590,75664
del18,numvc,6.3720,75665
del18,numvc,6.3850,75666
del18,numvc,6.3870,75667
del18,numvc,6.3990,75668
del18,numvc,6.4040,75669
del18,numvc,6.4160,75670
del18,numvc,6.4220,75671
del18,numvc,6.4260,75672
del18,numvc,6.4380,75673
del18,numvc,6.4450,75674
del18,numvc,6.4470,75675
del18,numvc,6.4510,75676
del18,numvc,6.4560,75677
del18,numvc,6.4630,75678
del18,numvc,6.4750,75679
del18,numvc,6.4900,75680
del18,numvc,6.4920,75681
del18,numvc,6.5110,75682
del18,numvc,6.5190,75683
del18,numvc,6.5270,75684
del18,numvc,6.5320,75685
del18,numvc,6.5360,75686
del18,numvc,6.5420,75687
del18,numvc,6.5540,75688
del18,numvc,6.5560,75689
del18,numvc,6.5620,75690
del18,numvc,6.5680,75691
del18,numvc,6.5730,75692
del18,numvc,6.5820,75693
del18,numvc,6.5870,75694
del18,numvc,6.5960,75695
del18,numvc,6.6090,75696
del18,numvc,6.6170,75697
del18,numvc,6.6260,75698
del18,numvc,6.6290,75699
del18,numvc,6.6330,75700
del18,numvc,6.6350,75701
del18,numvc,6.6460,75702
del18,numvc,6.6480,75703
del18,numvc,6.6520,75704
del18,numvc,6.6620,75705
del18,numvc,6.6680,75706
del18,numvc,6.6700,75707
del18,numvc,6.6750,75708
del18,numvc,6.6770,75709
del18,numvc,6.6830,75710
del18,numvc,6.6870,75711
del18,numvc,6.6920,75712
del18,numvc,6.7030,75713
del18,numvc,6.7040,75714
del18,numvc,6.7160,75715
del18,numvc,6.7210,75716
del18,numvc,6.7270,75717
del18,numvc,6.7360,75718
del18,numvc,6.7540,75719
del18,numvc,6.7600,75720
del18,numvc,6.7640,75721
del18,numvc,6.7720,75722
del18,numvc,6.7970,75723
del18,numvc,6.8070,75724
del18,numvc,6.8250,75725
del18,numvc,6.8320,75726
del18,numvc,6.8350,75727
del18,numvc,6.8450,75728
del18,numvc,6.8490,75729
del18,numvc,6.8540,75730
del18,numvc,6.8600,75731
del18,numvc,6.8680,75732
del18,numvc,6.8720,75733
del18,numvc,6.8780,75734
del18,numvc,6.8820,75735
del18,numvc,6.8930,75736
del18,numvc,6.9140,75737
del18,numvc,6.9200,75738
del18,numvc,6.9230,75739
del18,numvc,6.9350,75740
del18,numvc,6.9600,75741
del18,numvc,6.9660,75742
del18,numvc,6.9880,75743
del18,numvc,7.0090,75744
del18,numvc,7.0240,75745
del18,numvc,7.0470,75746
del18,numvc,7.0620,75747
del18,numvc,7.0740,75748
del18,numvc,7.0750,75749
del18,numvc,7.0810,75750
del18,numvc,7.0830,75751
del18,numvc,7.0910,75752
del18,numvc,7.1160,75753
del18,numvc,7.1220,75754
del18,numvc,7.1350,75755
del18,numvc,7.1410,75756
del18,numvc,7.1470,75757
del18,numvc,7.1870,75758
del18,numvc,7.2020,75759
del18,numvc,7.2080,75760
del18,numvc,7.2220,75761
del18,numvc,7.2260,75762
del18,numvc,7.2330,75763
del18,numvc,7.2350,75764
del18,numvc,7.2500,75765
del18,numvc,7.2540,75766
del18,numvc,7.2670,75767
del18,numvc,7.2710,75768
del18,numvc,7.2830,75769
del18,numvc,7.2870,75770
del18,numvc,7.2890,75771
del18,numvc,7.2950,75772
del18,numvc,7.3010,75773
del18,numvc,7.3080,75774
del18,numvc,7.3160,75775
del18,numvc,7.3190,75776
del18,numvc,7.3230,75777
del18,numvc,7.3340,75778
del18,numvc,7.3450,75779
del18,numvc,7.3510,75780
del18,numvc,7.3580,75781
del18,numvc,7.4000,75782
del18,numvc,7.4050,75783
del18,numvc,7.4110,75784
del18,numvc,7.4180,75785
del18,numvc,7.4190,75786
del18,numvc,7.4280,75787
del18,numvc,7.4300,75788
del18,numvc,7.4470,75789
del18,numvc,7.4510,75790
del18,numvc,7.4580,75791
del18,numvc,7.4600,75792
del18,numvc,7.4700,75793
del18,numvc,7.4770,75794
del18,numvc,7.4800,75795
del18,numvc,7.4860,75796
del18,numvc,7.4890,75797
del18,numvc,7.5050,75798
del18,numvc,7.5170,75799
del18,numvc,7.5200,75800
del18,numvc,7.5290,75801
del18,numvc,7.5420,75802
del18,numvc,7.5520,75803
del18,numvc,7.5840,75804
del18,numvc,7.5950,75805
del18,numvc,7.6120,75806
del18,numvc,7.6210,75807
del18,numvc,7.6380,75808
del18,numvc,7.6420,75809
del18,numvc,7.6510,75810
del18,numvc,7.6600,75811
del18,numvc,7.6730,75812
del18,numvc,7.6850,75813
del18,numvc,7.6930,75814
del18,numvc,7.7110,75815
del18,numvc,7.7160,75816
del18,numvc,7.7200,75817
del18,numvc,7.7280,75818
del18,numvc,7.7390,75819
del18,numvc,7.7410,75820
del18,numvc,7.7520,75821
del18,numvc,7.7850,75822
del18,numvc,7.8050,75823
del18,numvc,7.8100,75824
del18,numvc,7.8200,75825
del18,numvc,7.8320,75826
del18,numvc,7.8410,75827
del18,numvc,7.8580,75828
del18,numvc,7.8640,75829
del18,numvc,7.8670,75830
del18,numvc,7.8830,75831
del18,numvc,7.8860,75832
del18,numvc,7.9030,75833
del18,numvc,7.9110,75834
del18,numvc,7.9190,75835
del18,numvc,7.9280,75836
del18,numvc,7.9390,75837
del18,numvc,7.9470,75838
del18,numvc,7.9550,75839
del18,numvc,7.9590,75840
del18,numvc,7.9770,75841
del18,numvc,7.9790,75842
del18,numvc,7.9830,75843
del18,numvc,7.9890,75844
del18,numvc,7.9960,75845
del18,numvc,8.0040,75846
del18,numvc,8.0110,75847
del18,numvc,8.0190,75848
del18,numvc,8.0230,75849
del18,numvc,8.0300,75850
del18,numvc,8.0320,75851
del18,numvc,8.0630,75852
del18,numvc,8.0690,75853
del18,numvc,8.0780,75854
del18,numvc,8.0870,75855
del18,numvc,8.0990,75856
del18,numvc,8.1030,75857
del18,numvc,8.1070,75858
del18,numvc,8.1240,75859
del18,numvc,8.1330,75860
del18,numvc,8.1520,75861
del18,numvc,8.1640,75862
del18,numvc,8.1690,75863
del18,numvc,8.1940,75864
del18,numvc,8.1960,75865
del18,numvc,8.2070,75866
del18,numvc,8.2250,75867
del18,numvc,8.2430,75868
del18,numvc,8.2480,75869
del18,numvc,8.2510,75870
del18,numvc,8.2640,75871
del18,numvc,8.2690,75872
del18,numvc,8.2730,75873
del18,numvc,8.2750,75874
del18,numvc,8.2890,75875
del18,numvc,8.2950,75876
del18,numvc,8.3040,75877
del18,numvc,8.3120,75878
del18,numvc,8.3260,75879
del18,numvc,8.3370,75880
del18,numvc,8.3480,75881
del18,numvc,8.3610,75882
del18,numvc,8.3710,75883
del18,numvc,8.3790,75884
del18,numvc,8.3860,75885
del18,numvc,8.3970,75886
del18,numvc,8.3990,75887
del18,numvc,8.4120,75888
del18,numvc,8.4210,75889
del18,numvc,8.4690,75890
del18,numvc,8.4800,75891
del18,numvc,8.5020,75892
del18,numvc,8.5090,75893
del18,numvc,8.5140,75894
del18,numvc,8.5210,75895
del18,numvc,8.5290,75896
del18,numvc,8.5380,75897
del18,numvc,8.5430,75898
del18,numvc,8.5450,75899
del18,numvc,8.5480,75900
del18,numvc,8.5520,75901
del18,numvc,8.5590,75902
del18,numvc,8.5680,75903
del18,numvc,8.5760,75904
del18,numvc,8.5790,75905
del18,numvc,8.5870,75906
del18,numvc,8.5950,75907
del18,numvc,8.6030,75908
del18,numvc,8.6130,75909
del18,numvc,8.6330,75910
del18,numvc,8.6350,75911
del18,numvc,8.6410,75912
del18,numvc,8.6550,75913
del18,numvc,8.6650,75914
del18,numvc,8.6920,75915
del18,numvc,8.7000,75916
del18,numvc,8.7020,75917
del18,numvc,8.7100,75918
del18,numvc,8.7110,75919
del18,numvc,8.7650,75920
del18,numvc,8.7770,75921
del18,numvc,8.7840,75922
del18,numvc,8.7950,75923
del18,numvc,8.8110,75924
del18,numvc,8.8200,75925
del18,numvc,8.8340,75926
del18,numvc,8.8400,75927
del18,numvc,8.8450,75928
del18,numvc,8.8560,75929
del18,numvc,8.8640,75930
del18,numvc,8.8800,75931
del18,numvc,8.8850,75932
del18,numvc,8.8900,75933
del18,numvc,8.8950,75934
del18,numvc,8.9080,75935
del18,numvc,8.9220,75936
del18,numvc,8.9420,75937
del18,numvc,8.9460,75938
del18,numvc,8.9520,75939
del18,numvc,8.9610,75940
del18,numvc,8.9630,75941
del18,numvc,8.9690,75942
del18,numvc,8.9730,75943
del18,numvc,8.9850,75944
del18,numvc,8.9910,75945
del18,numvc,8.9930,75946
del18,numvc,8.9980,75947
del18,numvc,9.0010,75948
del18,numvc,9.0070,75949
del18,numvc,9.0200,75950
del18,numvc,9.0260,75951
del18,numvc,9.0300,75952
del18,numvc,9.0410,75953
del18,numvc,9.0490,75954
del18,numvc,9.0550,75955
del18,numvc,9.0850,75956
del18,numvc,9.0900,75957
del18,numvc,9.0930,75958
del18,numvc,9.1170,75959
del18,numvc,9.1190,75960
del18,numvc,9.1240,75961
del18,numvc,9.1340,75962
del18,numvc,9.1410,75963
del18,numvc,9.1460,75964
del18,numvc,9.1610,75965
del18,numvc,9.1700,75966
del18,numvc,9.1720,75967
del18,numvc,9.1800,75968
del18,numvc,9.1840,75969
del18,numvc,9.1930,75970
del18,numvc,9.2120,75971
del18,numvc,9.2150,75972
del18,numvc,9.2220,75973
del18,numvc,9.2240,75974
del18,numvc,9.2400,75975
del18,numvc,9.2650,75976
del18,numvc,9.2670,75977
del18,numvc,9.2740,75978
del18,numvc,9.2840,75979
del18,numvc,9.2900,75980
del18,numvc,9.2920,75981
del18,numvc,9.2960,75982
del18,numvc,9.3030,75983
del18,numvc,9.3090,75984
del18,numvc,9.3270,75985
del18,numvc,9.3320,75986
del18,numvc,9.3480,75987
del18,numvc,9.3500,75988
del18,numvc,9.3720,75989
del18,numvc,9.3760,75990
del18,numvc,9.3950,75991
del18,numvc,9.4010,75992
del18,numvc,9.4050,75993
del18,numvc,9.4130,75994
del18,numvc,9.4170,75995
del18,numvc,9.4240,75996
del18,numvc,9.4280,75997
del18,numvc,9.4350,75998
del18,numvc,9.4410,75999
del18,numvc,9.4430,76000
del18,numvc,9.4550,76001
del18,numvc,9.4610,76002
del18,numvc,9.4720,76003
del18,numvc,9.4800,76004
del18,numvc,9.4850,76005
del18,numvc,9.4990,76006
del18,numvc,9.5030,76007
del18,numvc,9.5160,76008
del18,numvc,9.5240,76009
del18,numvc,9.5310,76010
del18,numvc,9.5380,76011
del18,numvc,9.5530,76012
del18,numvc,9.5580,76013
del18,numvc,9.5700,76014
del18,numvc,9.5720,76015
del18,numvc,9.5760,76016
del18,numvc,9.5890,76017
del18,numvc,9.5910,76018
del18,numvc,9.5950,76019
del18,numvc,9.6110,76020
del18,numvc,9.6170,76021
del18,numvc,9.6200,76022
del18,numvc,9.6380,76023
del18,numvc,9.6470,76024
del18,numvc,9.6680,76025
del18,numvc,9.6760,76026
del18,numvc,9.6880,76027
del18,numvc,9.7010,76028
del18,numvc,9.7090,76029
del18,numvc,9.7140,76030
del18,numvc,9.7270,76031
del18,numvc,9.7470,76032
del18,numvc,9.7560,76033
del18,numvc,9.7750,76034
del18,numvc,9.7800,76035
del18,numvc,9.7830,76036
del18,numvc,9.7930,76037
del18,numvc,9.8140,76038
del18,numvc,9.8220,76039
del18,numvc,9.8300,76040
del18,numvc,9.8340,76041
del18,numvc,9.8440,76042
del18,numvc,9.8470,76043
del18,numvc,9.8660,76044
del18,numvc,9.8730,76045
del18,numvc,9.8750,76046
del18,numvc,9.8790,76047
del18,numvc,9.8840,76048
del18,numvc,9.9060,76049
del18,numvc,9.9210,76050
del18,numvc,9.9260,76051
del18,numvc,9.9380,76052
del18,numvc,9.9430,76053
del18,numvc,9.9500,76054
del18,numvc,9.9580,76055
del18,numvc,9.9720,76056
del18,numvc,9.9740,76057
del18,numvc,9.9880,76058
del18,numvc,9.9900,76059
del18,numvc,10.0020,76060
del18,numvc,10.0070,76061
del18,numvc,10.0130,76062
del18,numvc,10.0150,76063
del18,numvc,10.0230,76064
del18,numvc,10.0330,76065
del18,numvc,10.0420,76066
del18,numvc,10.0440,76067
del18,numvc,10.0540,76068
del18,numvc,10.0750,76069
del18,numvc,10.0820,76070
del18,numvc,10.0840,76071
del18,numvc,10.0880,76072
del18,numvc,10.0940,76073
del18,numvc,10.1040,76074
del18,numvc,10.1110,76075
del18,numvc,10.1210,76076
del18,numvc,10.1300,76077
del18,numvc,10.1540,76078
del18,numvc,10.1910,76079
del18,numvc,10.1970,76080
del18,numvc,10.2060,76081
del18,numvc,10.2160,76082
del18,numvc,10.2220,76083
del18,numvc,10.2330,76084
del18,numvc,10.2350,76085
del18,numvc,10.2480,76086
del18,numvc,10.2630,76087
del18,numvc,10.2650,76088
del18,numvc,10.2730,76089
del18,numvc,10.2830,76090
del18,numvc,10.2880,76091
del18,numvc,10.2960,76092
del18,numvc,10.3070,76093
del18,numvc,10.3270,76094
del18,numvc,10.3330,76095
del18,numvc,10.3400,76096
del18,numvc,10.3440,76097
del18,numvc,10.3520,76098
del18,numvc,10.3710,76099
del18,numvc,10.3750,76100
del18,numvc,10.3780,76101
del18,numvc,10.3820,76102
del18,numvc,10.3940,76103
del18,numvc,10.3960,76104
del18,numvc,10.4010,76105
del18,numvc,10.4250,76106
del18,numvc,10.4270,76107
del18,numvc,10.4330,76108
del18,numvc,10.4470,76109
del18,numvc,10.4530,76110
del18,numvc,10.4610,76111
del18,numvc,10.4630,76112
del18,numvc,10.4670,76113
del18,numvc,10.4720,76114
del18,numvc,10.4850,76115
del18,numvc,10.5120,76116
del18,numvc,10.5210,76117
del18,numvc,10.5290,76118
del18,numvc,10.5330,76119
del18,numvc,10.5410,76120
del18,numvc,10.5460,76121
del18,numvc,10.5540,76122
del18,numvc,10.5570,76123
del18,numvc,10.5710,76124
del18,numvc,10.5840,76125
del18,numvc,10.5880,76126
del18,numvc,10.5920,76127
del18,numvc,10.6090,76128
del18,numvc,10.6110,76129
del18,numvc,10.6160,76130
del18,numvc,10.6290,76131
del18,numvc,10.6310,76132
del18,numvc,10.6360,76133
del18,numvc,10.6420,76134
del18,numvc,10.6470,76135
del18,numvc,10.6490,76136
del18,numvc,10.6550,76137
del18,numvc,10.6600,76138
del18,numvc,10.6830,76139
del18,numvc,10.6900,76140
del18,numvc,10.6990,76141
del18,numvc,10.7130,76142
del18,numvc,10.7180,76143
del18,numvc,10.7240,76144
del18,numvc,10.7440,76145
del18,numvc,10.7610,76146
del18,numvc,10.7640,76147
del18,numvc,10.7740,76148
del18,numvc,10.7800,76149
del18,numvc,10.7890,76150
del18,numvc,10.8010,76151
del18,numvc,10.8060,76152
del18,numvc,10.8140,76153
del18,numvc,10.8160,76154
del18,numvc,10.8220,76155
del18,numvc,10.8470,76156
del18,numvc,10.8520,76157
del18,numvc,10.8610,76158
del18,numvc,10.8800,76159
del18,numvc,10.8860,76160
del18,numvc,10.8910,76161
del18,numvc,10.8950,76162
del18,numvc,10.8990,76163
del18,numvc,10.9030,76164
del18,numvc,10.9130,76165
del18,numvc,10.9170,76166
del18,numvc,10.9270,76167
del18,numvc,10.9520,76168
del18,numvc,10.9590,76169
del18,numvc,10.9660,76170
del18,numvc,10.9700,76171
del18,numvc,10.9920,76172
del18,numvc,10.9970,76173
del18,numvc,11.0090,76174
del18,numvc,11.0160,76175
del18,numvc,11.0230,76176
del18,numvc,11.0350,76177
del18,numvc,11.0500,76178
del18,numvc,11.0510,76179
del18,numvc,11.0600,76180
del18,numvc,11.0670,76181
del18,numvc,11.0840,76182
del18,numvc,11.0900,76183
del18,numvc,11.0940,76184
del18,numvc,11.1020,76185
del18,numvc,11.1070,76186
del18,numvc,11.1110,76187
del18,numvc,11.1130,76188
del18,numvc,11.1310,76189
del18,numvc,11.1390,76190
del18,numvc,11.1420,76191
del18,numvc,11.1460,76192
del18,numvc,11.1550,76193
del18,numvc,11.1610,76194
del18,numvc,11.1690,76195
del18,numvc,11.1880,76196
del18,numvc,11.2030,76197
del18,numvc,11.2090,76198
del18,numvc,11.2210,76199
del18,numvc,11.2280,76200
del18,numvc,11.2300,76201
del18,numvc,11.2340,76202
del18,numvc,11.2390,76203
del18,numvc,11.2410,76204
del18,numvc,11.2560,76205
del18,numvc,11.2590,76206
del18,numvc,11.2670,76207
del18,numvc,11.2770,76208
del18,numvc,11.2910,76209
del18,numvc,11.3020,76210
del18,numvc,11.3330,76211
del18,numvc,11.3350,76212
del18,numvc,11.3410,76213
del18,numvc,11.3450,76214
del18,numvc,11.3510,76215
del18,numvc,11.3580,76216
del18,numvc,11.3670,76217
del18,numvc,11.3790,76218
del18,numvc,11.3820,76219
del18,numvc,11.3880,76220
del18,numvc,11.3930,76221
del18,numvc,11.3950,76222
del18,numvc,11.4000,76223
del18,numvc,11.4160,76224
del18,numvc,11.4470,76225
del18,numvc,11.4580,76226
del18,numvc,11.4770,76227
del18,numvc,11.4860,76228
del18,numvc,11.4880,76229
del18,numvc,11.4940,76230
del18,numvc,11.5110,76231
del18,numvc,11.5210,76232
del18,numvc,11.5290,76233
del18,numvc,11.5310,76234
del18,numvc,11.5420,76235
del18,numvc,11.5470,76236
del18,numvc,11.5580,76237
del18,numvc,11.5710,76238
del18,numvc,11.5790,76239
del18,numvc,11.5840,76240
del18,numvc,11.5900,76241
del18,numvc,11.5940,76242
del18,numvc,11.5970,76243
del18,numvc,11.6120,76244
del18,numvc,11.6160,76245
del18,numvc,11.6220,76246
del18,numvc,11.6280,76247
del18,numvc,11.6310,76248
del18,numvc,11.6480,76249
del18,numvc,11.6550,76250
del18,numvc,11.6670,76251
del18,numvc,11.6750,76252
del18,numvc,11.6790,76253
del18,numvc,11.6900,76254
del18,numvc,11.7060,76255
del18,numvc,11.7200,76256
del18,numvc,11.7260,76257
del18,numvc,11.7340,76258
del18,numvc,11.7420,76259
del18,numvc,11.7450,76260
del18,numvc,11.7580,76261
del18,numvc,11.7690,76262
del18,numvc,11.7860,76263
del18,numvc,11.7900,76264
del18,numvc,11.7970,76265
del18,numvc,11.8140,76266
del18,numvc,11.8240,76267
del18,numvc,11.8300,76268
del18,numvc,11.8460,76269
del18,numvc,11.8520,76270
del18,numvc,11.8600,76271
del18,numvc,11.8750,76272
del18,numvc,11.8770,76273
del18,numvc,11.9030,76274
del18,numvc,11.9110,76275
del18,numvc,11.9230,76276
del18,numvc,11.9250,76277
del18,numvc,11.9300,76278
del18,numvc,11.9390,76279
del18,numvc,11.9430,76280
del18,numvc,11.9550,76281
del18,numvc,11.9600,76282
del18,numvc,11.9660,76283
del18,numvc,11.9720,76284
del18,numvc,11.9930,76285
del18,numvc,12.0330,76286
del18,numvc,12.0440,76287
del18,numvc,12.0480,76288
del18,numvc,12.0570,76289
del18,numvc,12.0650,76290
del18,numvc,12.0860,76291
del18,numvc,12.0950,76292
del18,numvc,12.0970,76293
del18,numvc,12.1090,76294
del18,numvc,12.1190,76295
del18,numvc,12.1220,76296
del18,numvc,12.1360,76297
del18,numvc,12.1410,76298
del18,numvc,12.1460,76299
del18,numvc,12.1470,76300
del18,numvc,12.1570,76301
del18,numvc,12.1690,76302
del18,numvc,12.1820,76303
del18,numvc,12.2240,76304
del18,numvc,12.2360,76305
del18,numvc,12.2550,76306
del18,numvc,12.2590,76307
del18,numvc,12.2690,76308
del18,numvc,12.2750,76309
del18,numvc,12.2860,76310
del18,numvc,12.3130,76311
del18,numvc,12.3300,76312
del18,numvc,12.3380,76313
del18,numvc,12.3460,76314
del18,numvc,12.3530,76315
del18,numvc,12.3590,76316
del18,numvc,12.3640,76317
del18,numvc,12.3690,76318
del18,numvc,12.3820,76319
del18,numvc,12.4050,76320
del18,numvc,12.4220,76321
del18,numvc,12.4300,76322
del18,numvc,12.4340,76323
del18,numvc,12.4420,76324
del18,numvc,12.4470,76325
del18,numvc,12.4490,76326
del18,numvc,12.4570,76327
del18,numvc,12.4590,76328
del18,numvc,12.4790,76329
del18,numvc,12.4840,76330
del18,numvc,12.4990,76331
del18,numvc,12.5060,76332
del18,numvc,12.5100,76333
del18,numvc,12.5170,76334
del18,numvc,12.5230,76335
del18,numvc,12.5330,76336
del18,numvc,12.5370,76337
del18,numvc,12.5590,76338
del18,numvc,12.5660,76339
del18,numvc,12.5730,76340
del18,numvc,12.5740,76341
del18,numvc,12.5820,76342
del18,numvc,12.5910,76343
del18,numvc,12.5990,76344
del18,numvc,12.6070,76345
del18,numvc,12.6160,76346
del18,numvc,12.6290,76347
del18,numvc,12.6330,76348
del18,numvc,12.6530,76349
del18,numvc,12.6550,76350
del18,numvc,12.6630,76351
del18,numvc,12.6690,76352
del18,numvc,12.6750,76353
del18,numvc,12.6780,76354
del18,numvc,12.6900,76355
del18,numvc,12.7020,76356
del18,numvc,12.7090,76357
del18,numvc,12.7130,76358
del18,numvc,12.7150,76359
del18,numvc,12.7210,76360
del18,numvc,12.7320,76361
del18,numvc,12.7360,76362
del18,numvc,12.7510,76363
del18,numvc,12.7570,76364
del18,numvc,12.7670,76365
del18,numvc,12.7690,76366
del18,numvc,12.7830,76367
del18,numvc,12.7930,76368
del18,numvc,12.7990,76369
del18,numvc,12.8000,76370
del18,numvc,12.8060,76371
del18,numvc,12.8180,76372
del18,numvc,12.8260,76373
del18,numvc,12.8300,76374
del18,numvc,12.8380,76375
del18,numvc,12.8490,76376
del18,numvc,12.8540,76377
del18,numvc,12.8560,76378
del18,numvc,12.8810,76379
del18,numvc,12.8830,76380
del18,numvc,12.8890,76381
del18,numvc,12.8910,76382
del18,numvc,12.8980,76383
del18,numvc,12.9140,76384
del18,numvc,12.9210,76385
del18,numvc,12.9280,76386
del18,numvc,12.9290,76387
del18,numvc,12.9470,76388
del18,numvc,12.9490,76389
del18,numvc,12.9560,76390
del18,numvc,12.9600,76391
del18,numvc,12.9750,76392
del18,numvc,12.9830,76393
del18,numvc,12.9870,76394
del18,numvc,12.9990,76395
del18,numvc,13.0050,76396
del18,numvc,13.0090,76397
del18,numvc,13.0150,76398
del18,numvc,13.0550,76399
del18,numvc,13.0600,76400
del18,numvc,13.0660,76401
del18,numvc,13.0690,76402
del18,numvc,13.0770,76403
del18,numvc,13.0880,76404
del18,numvc,13.0940,76405
del18,numvc,13.1030,76406
del18,numvc,13.1080,76407
del18,numvc,13.1150,76408
del18,numvc,13.1270,76409
del18,numvc,13.1290,76410
del18,numvc,13.1370,76411
del18,numvc,13.1440,76412
del18,numvc,13.1460,76413
del18,numvc,13.1510,76414
del18,numvc,13.1570,76415
del18,numvc,13.1670,76416
del18,numvc,13.1730,76417
del18,numvc,13.1780,76418
del18,numvc,13.1800,76419
del18,numvc,13.1860,76420
del18,numvc,13.1930,76421
del18,numvc,13.2040,76422
del18,numvc,13.2130,76423
del18,numvc,13.2200,76424
del18,numvc,13.2240,76425
del18,numvc,13.2300,76426
del18,numvc,13.2370,76427
del18,numvc,13.2390,76428
del18,numvc,13.2670,76429
del18,numvc,13.2800,76430
del18,numvc,13.2820,76431
del18,numvc,13.2910,76432
del18,numvc,13.3030,76433
del18,numvc,13.3070,76434
del18,numvc,13.3220,76435
del18,numvc,13.3340,76436
del18,numvc,13.3480,76437
del18,numvc,13.3540,76438
del18,numvc,13.3610,76439
del18,numvc,13.3740,76440
del18,numvc,13.3780,76441
del18,numvc,13.4010,76442
del18,numvc,13.4120,76443
del18,numvc,13.4160,76444
del18,numvc,13.4180,76445
del18,numvc,13.4240,76446
del18,numvc,13.4280,76447
del18,numvc,13.4390,76448
del18,numvc,13.4480,76449
del18,numvc,13.4560,76450
del18,numvc,13.4630,76451
del18,numvc,13.4720,76452
del18,numvc,13.4740,76453
del18,numvc,13.4800,76454
del18,numvc,13.4870,76455
del18,numvc,13.4960,76456
del18,numvc,13.5090,76457
del18,numvc,13.5200,76458
del18,numvc,13.5300,76459
del18,numvc,13.5320,76460
del18,numvc,13.5410,76461
del18,numvc,13.5500,76462
del18,numvc,13.5560,76463
del18,numvc,13.5670,76464
del18,numvc,13.5730,76465
del18,numvc,13.5850,76466
del18,numvc,13.5890,76467
del18,numvc,13.5940,76468
del18,numvc,13.6010,76469
del18,numvc,13.6030,76470
del18,numvc,13.6070,76471
del18,numvc,13.6180,76472
del18,numvc,13.6200,76473
del18,numvc,13.6340,76474
del18,numvc,13.6490,76475
del18,numvc,13.6570,76476
del18,numvc,13.6620,76477
del18,numvc,13.6690,76478
del18,numvc,13.6860,76479
del18,numvc,13.6930,76480
del18,numvc,13.7030,76481
del18,numvc,13.7170,76482
del18,numvc,13.7340,76483
del18,numvc,13.7450,76484
del18,numvc,13.7500,76485
del18,numvc,13.7640,76486
del18,numvc,13.7690,76487
del18,numvc,13.7720,76488
del18,numvc,13.7770,76489
del18,numvc,13.7810,76490
del18,numvc,13.7880,76491
del18,numvc,13.7930,76492
del18,numvc,13.8180,76493
del18,numvc,13.8250,76494
del18,numvc,13.8360,76495
del18,numvc,13.8530,76496
del18,numvc,13.8630,76497
del18,numvc,13.8690,76498
del18,numvc,13.9020,76499
del18,numvc,13.9120,76500
del18,numvc,13.9170,76501
del18,numvc,13.9230,76502
del18,numvc,13.9290,76503
del18,numvc,13.9390,76504
del18,numvc,13.9550,76505
del18,numvc,13.9560,76506
del18,numvc,13.9590,76507
del18,numvc,13.9640,76508
del18,numvc,13.9930,76509
del18,numvc,14.0170,76510
del18,numvc,14.0310,76511
del18,numvc,14.0400,76512
del18,numvc,14.0470,76513
del18,numvc,14.0550,76514
del18,numvc,14.0570,76515
del18,numvc,14.0650,76516
del18,numvc,14.0700,76517
del18,numvc,14.0760,76518
del18,numvc,14.0820,76519
del18,numvc,14.0920,76520
del18,numvc,14.1040,76521
del18,numvc,14.1070,76522
del18,numvc,14.1130,76523
del18,numvc,14.1280,76524
del18,numvc,14.1340,76525
del18,numvc,14.1370,76526
del18,numvc,14.1460,76527
del18,numvc,14.1500,76528
del18,numvc,14.1550,76529
del18,numvc,14.1580,76530
del18,numvc,14.1660,76531
del18,numvc,14.1710,76532
del18,numvc,14.1750,76533
del18,numvc,14.1910,76534
del18,numvc,14.1960,76535
del18,numvc,14.2080,76536
del18,numvc,14.2110,76537
del18,numvc,14.2180,76538
del18,numvc,14.2230,76539
del18,numvc,14.2280,76540
del18,numvc,14.2490,76541
del18,numvc,14.2530,76542
del18,numvc,14.2590,76543
del18,numvc,14.2680,76544
del18,numvc,14.2860,76545
del18,numvc,14.3090,76546
del18,numvc,14.3160,76547
del18,numvc,14.3180,76548
del18,numvc,14.3210,76549
del18,numvc,14.3280,76550
del18,numvc,14.3370,76551
del18,numvc,14.3560,76552
del18,numvc,14.3580,76553
del18,numvc,14.3700,76554
del18,numvc,14.3840,76555
del18,numvc,14.4080,76556
del18,numvc,14.4270,76557
del18,numvc,14.4310,76558
del18,numvc,14.4450,76559
del18,numvc,14.4470,76560
del18,numvc,14.4500,76561
del18,numvc,14.4550,76562
del18,numvc,14.4620,76563
del18,numvc,14.4810,76564
del18,numvc,14.4830,76565
del18,numvc,14.4910,76566
del18,numvc,14.4940,76567
del18,numvc,14.5040,76568
del18,numvc,14.5170,76569
del18,numvc,14.5260,76570
del18,numvc,14.5360,76571
del18,numvc,14.5480,76572
del18,numvc,14.5550,76573
del18,numvc,14.5590,76574
del18,numvc,14.5710,76575
del18,numvc,14.5760,76576
del18,numvc,14.5960,76577
del18,numvc,14.6220,76578
del18,numvc,14.6290,76579
del18,numvc,14.6400,76580
del18,numvc,14.6530,76581
del18,numvc,14.6640,76582
del18,numvc,14.6710,76583
del18,numvc,14.6770,76584
del18,numvc,14.6830,76585
del18,numvc,14.6930,76586
del18,numvc,14.6950,76587
del18,numvc,14.7210,76588
del18,numvc,14.7510,76589
del18,numvc,14.7540,76590
del18,numvc,14.7590,76591
del18,numvc,14.7640,76592
del18,numvc,14.7670,76593
del18,numvc,14.7750,76594
del18,numvc,14.7770,76595
del18,numvc,14.7820,76596
del18,numvc,14.7980,76597
del18,numvc,14.7990,76598
del18,numvc,14.8140,76599
del18,numvc,14.8220,76600
del18,numvc,14.8350,76601
del18,numvc,14.8410,76602
del18,numvc,14.8480,76603
del18,numvc,14.8590,76604
del18,numvc,14.8740,76605
del18,numvc,14.8800,76606
del18,numvc,14.8840,76607
del18,numvc,14.8970,76608
del18,numvc,14.9240,76609
del18,numvc,14.9410,76610
del18,numvc,14.9470,76611
del18,numvc,14.9550,76612
del18,numvc,14.9640,76613
del18,numvc,14.9760,76614
del18,numvc,14.9810,76615
del18,numvc,14.9860,76616
del18,numvc,14.9980,76617
del18,numvc,15.0000,76618
del18,numvc,15.0070,76619
del18,numvc,15.0090,76620
del18,numvc,15.0140,76621
del18,numvc,15.0250,76622
del18,numvc,15.0270,76623
del18,numvc,15.0300,76624
del18,numvc,15.0350,76625
del18,numvc,15.0420,76626
del18,numvc,15.0440,76627
del18,numvc,15.0540,76628
del18,numvc,15.0690,76629
del18,numvc,15.0920,76630
del18,numvc,15.1270,76631
del18,numvc,15.1490,76632
del18,numvc,15.1620,76633
del18,numvc,15.1650,76634
del18,numvc,15.1760,76635
del18,numvc,15.1830,76636
del18,numvc,15.1850,76637
del18,numvc,15.1900,76638
del18,numvc,15.1940,76639
del18,numvc,15.2190,76640
del18,numvc,15.2220,76641
del18,numvc,15.2260,76642
del18,numvc,15.2330,76643
del18,numvc,15.2420,76644
del18,numvc,15.2550,76645
del18,numvc,15.2730,76646
del18,numvc,15.2850,76647
del18,numvc,15.2880,76648
del18,numvc,15.2960,76649
del18,numvc,15.3000,76650
del18,numvc,15.3070,76651
del18,numvc,15.3110,76652
del18,numvc,15.3280,76653
del18,numvc,15.3420,76654
del18,numvc,15.3440,76655
del18,numvc,15.3580,76656
del18,numvc,15.3710,76657
del18,numvc,15.3790,76658
del18,numvc,15.3830,76659
del18,numvc,15.3880,76660
del18,numvc,15.3970,76661
del18,numvc,15.4120,76662
del18,numvc,15.4160,76663
del18,numvc,15.4330,76664
del18,numvc,15.4500,76665
del18,numvc,15.4590,76666
del18,numvc,15.4750,76667
del18,numvc,15.4810,76668
del18,numvc,15.4860,76669
del18,numvc,15.4880,76670
del18,numvc,15.4950,76671
del18,numvc,15.5010,76672
del18,numvc,15.5100,76673
del18,numvc,15.5340,76674
del18,numvc,15.5540,76675
del18,numvc,15.5630,76676
del18,numvc,15.5680,76677
del18,numvc,15.5790,76678
del18,numvc,15.5860,76679
del18,numvc,15.5920,76680
del18,numvc,15.5960,76681
del18,numvc,15.5980,76682
del18,numvc,15.6060,76683
del18,numvc,15.6240,76684
del18,numvc,15.6480,76685
del18,numvc,15.6600,76686
del18,numvc,15.6690,76687
del18,numvc,15.6780,76688
del18,numvc,15.6880,76689
del18,numvc,15.6990,76690
del18,numvc,15.7110,76691
del18,numvc,15.7130,76692
del18,numvc,15.7200,76693
del18,numvc,15.7250,76694
del18,numvc,15.7330,76695
del18,numvc,15.7350,76696
del18,numvc,15.7450,76697
del18,numvc,15.7470,76698
del18,numvc,15.7520,76699
del18,numvc,15.7600,76700
del18,numvc,15.7680,76701
del18,numvc,15.7850,76702
del18,numvc,15.7990,76703
del18,numvc,15.8100,76704
del18,numvc,15.8150,76705
del18,numvc,15.8240,76706
del18,numvc,15.8280,76707
del18,numvc,15.8300,76708
del18,numvc,15.8400,76709
del18,numvc,15.8840,76710
del18,numvc,15.8970,76711
del18,numvc,15.9030,76712
del18,numvc,15.9090,76713
del18,numvc,15.9200,76714
del18,numvc,15.9270,76715
del18,numvc,15.9410,76716
del18,numvc,15.9470,76717
del18,numvc,15.9560,76718
del18,numvc,15.9710,76719
del18,numvc,15.9740,76720
del18,numvc,15.9820,76721
del18,numvc,15.9950,76722
del18,numvc,16.0030,76723
del18,numvc,16.0140,76724
del18,numvc,16.0220,76725
del18,numvc,16.0320,76726
del18,numvc,16.0390,76727
del18,numvc,16.0440,76728
del18,numvc,16.0580,76729
del18,numvc,16.0640,76730
del18,numvc,16.0680,76731
del18,numvc,16.0800,76732
del18,numvc,16.0850,76733
del18,numvc,16.0980,76734
del18,numvc,16.1120,76735
del18,numvc,16.1280,76736
del18,numvc,16.1330,76737
del18,numvc,16.1430,76738
del18,numvc,16.1530,76739
del18,numvc,16.1690,76740
del18,numvc,16.1780,76741
del18,numvc,16.1920,76742
del18,numvc,16.1960,76743
del18,numvc,16.2030,76744
del18,numvc,16.2070,76745
del18,numvc,16.2140,76746
del18,numvc,16.2180,76747
del18,numvc,16.2240,76748
del18,numvc,16.2260,76749
del18,numvc,16.2360,76750
del18,numvc,16.2410,76751
del18,numvc,16.2500,76752
del18,numvc,16.2560,76753
del18,numvc,16.2580,76754
del18,numvc,16.2630,76755
del18,numvc,16.2760,76756
del18,numvc,16.2810,76757
del18,numvc,16.2890,76758
del18,numvc,16.2950,76759
del18,numvc,16.3060,76760
del18,numvc,16.3080,76761
del18,numvc,16.3120,76762
del18,numvc,16.3190,76763
del18,numvc,16.3290,76764
del18,numvc,16.3350,76765
del18,numvc,16.3520,76766
del18,numvc,16.3540,76767
del18,numvc,16.3700,76768
del18,numvc,16.3800,76769
del18,numvc,16.3920,76770
del18,numvc,16.3950,76771
del18,numvc,16.4030,76772
del18,numvc,16.4080,76773
del18,numvc,16.4100,76774
del18,numvc,16.4240,76775
del18,numvc,16.4300,76776
del18,numvc,16.4400,76777
del18,numvc,16.4480,76778
del18,numvc,16.4560,76779
del18,numvc,16.4590,76780
del18,numvc,16.4700,76781
del18,numvc,16.4790,76782
del18,numvc,16.4810,76783
del18,numvc,16.5030,76784
del18,numvc,16.5120,76785
del18,numvc,16.5450,76786
del18,numvc,16.5470,76787
del18,numvc,16.5500,76788
del18,numvc,16.5540,76789
del18,numvc,16.5620,76790
del18,numvc,16.5660,76791
del18,numvc,16.5690,76792
del18,numvc,16.5770,76793
del18,numvc,16.5850,76794
del18,numvc,16.6030,76795
del18,numvc,16.6210,76796
del18,numvc,16.6370,76797
del18,numvc,16.6420,76798
del18,numvc,16.6530,76799
del18,numvc,16.6660,76800
del18,numvc,16.6770,76801
del18,numvc,16.6870,76802
del18,numvc,16.6930,76803
del18,numvc,16.7090,76804
del18,numvc,16.7230,76805
del18,numvc,16.7270,76806
del18,numvc,16.7290,76807
del18,numvc,16.7330,76808
del18,numvc,16.7370,76809
del18,numvc,16.7390,76810
del18,numvc,16.7420,76811
del18,numvc,16.7460,76812
del18,numvc,16.7660,76813
del18,numvc,16.7810,76814
del18,numvc,16.7930,76815
del18,numvc,16.8210,76816
del18,numvc,16.8300,76817
del18,numvc,16.8390,76818
del18,numvc,16.8490,76819
del18,numvc,16.8510,76820
del18,numvc,16.8570,76821
del18,numvc,16.8620,76822
del18,numvc,16.8920,76823
del18,numvc,16.8970,76824
del18,numvc,16.9070,76825
del18,numvc,16.9150,76826
del18,numvc,16.9170,76827
del18,numvc,16.9260,76828
del18,numvc,16.9310,76829
del18,numvc,16.9430,76830
del18,numvc,16.9610,76831
del18,numvc,16.9690,76832
del18,numvc,16.9750,76833
del18,numvc,16.9780,76834
del18,numvc,16.9860,76835
del18,numvc,16.9920,76836
del18,numvc,17.0090,76837
del18,numvc,17.0440,76838
del18,numvc,17.0500,76839
del18,numvc,17.0630,76840
del18,numvc,17.0770,76841
del18,numvc,17.0820,76842
del18,numvc,17.0930,76843
del18,numvc,17.0980,76844
del18,numvc,17.1020,76845
del18,numvc,17.1090,76846
del18,numvc,17.1120,76847
del18,numvc,17.1160,76848
del18,numvc,17.1400,76849
del18,numvc,17.1520,76850
del18,numvc,17.1570,76851
del18,numvc,17.1590,76852
del18,numvc,17.1680,76853
del18,numvc,17.1780,76854
del18,numvc,17.1820,76855
del18,numvc,17.1910,76856
del18,numvc,17.1960,76857
del18,numvc,17.2100,76858
del18,numvc,17.2130,76859
del18,numvc,17.2240,76860
del18,numvc,17.2300,76861
del18,numvc,17.2360,76862
del18,numvc,17.2480,76863
del18,numvc,17.2500,76864
del18,numvc,17.2650,76865
del18,numvc,17.2800,76866
del18,numvc,17.2970,76867
del18,numvc,17.3020,76868
del18,numvc,17.3040,76869
del18,numvc,17.3200,76870
del18,numvc,17.3380,76871
del18,numvc,17.3410,76872
del18,numvc,17.3540,76873
del18,numvc,17.3590,76874
del18,numvc,17.3660,76875
del18,numvc,17.3690,76876
del18,numvc,17.3790,76877
del18,numvc,17.3820,76878
del18,numvc,17.3950,76879
del18,numvc,17.4140,76880
del18,numvc,17.4190,76881
del18,numvc,17.4280,76882
del18,numvc,17.4510,76883
del18,numvc,17.4540,76884
del18,numvc,17.4760,76885
del18,numvc,17.4840,76886
del18,numvc,17.5060,76887
del18,numvc,17.5300,76888
del18,numvc,17.5380,76889
del18,numvc,17.5530,76890
del18,numvc,17.5570,76891
del18,numvc,17.5640,76892
del18,numvc,17.5760,76893
del18,numvc,17.5910,76894
del18,numvc,17.5990,76895
del18,numvc,17.6110,76896
del18,numvc,17.6130,76897
del18,numvc,17.6150,76898
del18,numvc,17.6190,76899
del18,numvc,17.6220,76900
del18,numvc,17.6300,76901
del18,numvc,17.6360,76902
del18,numvc,17.6470,76903
del18,numvc,17.6520,76904
del18,numvc,17.6560,76905
del18,numvc,17.6620,76906
del18,numvc,17.6720,76907
del18,numvc,17.6910,76908
del18,numvc,17.6930,76909
del18,numvc,17.7070,76910
del18,numvc,17.7120,76911
del18,numvc,17.7150,76912
del18,numvc,17.7250,76913
del18,numvc,17.7330,76914
del18,numvc,17.7380,76915
del18,numvc,17.7440,76916
del18,numvc,17.7550,76917
del18,numvc,17.7750,76918
del18,numvc,17.7860,76919
del18,numvc,17.7900,76920
del18,numvc,17.7980,76921
del18,numvc,17.8040,76922
del18,numvc,17.8300,76923
del18,numvc,17.8350,76924
del18,numvc,17.8440,76925
del18,numvc,17.8510,76926
del18,numvc,17.8640,76927
del18,numvc,17.8710,76928
del18,numvc,17.8730,76929
del18,numvc,17.8780,76930
del18,numvc,17.8860,76931
del18,numvc,17.8940,76932
del18,numvc,17.8980,76933
del18,numvc,17.9070,76934
del18,numvc,17.9180,76935
del18,numvc,17.9220,76936
del18,numvc,17.9320,76937
del18,numvc,17.9340,76938
del18,numvc,17.9470,76939
del18,numvc,17.9520,76940
del18,numvc,17.9670,76941
del18,numvc,17.9710,76942
del18,numvc,17.9780,76943
del18,numvc,17.9870,76944
del18,numvc,18.0030,76945
del18,numvc,18.0130,76946
del18,numvc,18.0190,76947
del18,numvc,18.0230,76948
del18,numvc,18.0280,76949
del18,numvc,18.0390,76950
del18,numvc,18.0490,76951
del18,numvc,18.0680,76952
del18,numvc,18.0700,76953
del18,numvc,18.0740,76954
del18,numvc,18.0780,76955
del18,numvc,18.0860,76956
del18,numvc,18.0960,76957
del18,numvc,18.1050,76958
del18,numvc,18.1070,76959
del18,numvc,18.1170,76960
del18,numvc,18.1300,76961
del18,numvc,18.1390,76962
del18,numvc,18.1530,76963
del18,numvc,18.1610,76964
del18,numvc,18.1690,76965
del18,numvc,18.1750,76966
del18,numvc,18.1880,76967
del18,numvc,18.2150,76968
del18,numvc,18.2220,76969
del18,numvc,18.2300,76970
del18,numvc,18.2400,76971
del18,numvc,18.2640,76972
del18,numvc,18.2700,76973
del18,numvc,18.2800,76974
del18,numvc,18.2900,76975
del18,numvc,18.2980,76976
del18,numvc,18.3030,76977
del18,numvc,18.3190,76978
del18,numvc,18.3310,76979
del18,numvc,18.3410,76980
del18,numvc,18.3430,76981
del18,numvc,18.3530,76982
del18,numvc,18.3580,76983
del18,numvc,18.3670,76984
del18,numvc,18.3770,76985
del18,numvc,18.3890,76986
del18,numvc,18.3960,76987
del18,numvc,18.3990,76988
del18,numvc,18.4150,76989
del18,numvc,18.4360,76990
del18,numvc,18.4550,76991
del18,numvc,18.4690,76992
del18,numvc,18.4730,76993
del18,numvc,18.4790,76994
del18,numvc,18.4910,76995
del18,numvc,18.4940,76996
del18,numvc,18.4980,76997
del18,numvc,18.5030,76998
del18,numvc,18.5160,76999
del18,numvc,18.5280,77000
del18,numvc,18.5380,77001
del18,numvc,18.5510,77002
del18,numvc,18.5600,77003
del18,numvc,18.5690,77004
del18,numvc,18.5850,77005
del18,numvc,18.5910,77006
del18,numvc,18.5980,77007
del18,numvc,18.6100,77008
del18,numvc,18.6240,77009
del18,numvc,18.6370,77010
del18,numvc,18.6390,77011
del18,numvc,18.6480,77012
del18,numvc,18.6500,77013
del18,numvc,18.6550,77014
del18,numvc,18.6600,77015
del18,numvc,18.6670,77016
del18,numvc,18.6850,77017
del18,numvc,18.6940,77018
del18,numvc,18.6980,77019
del18,numvc,18.7020,77020
del18,numvc,18.7120,77021
del18,numvc,18.7190,77022
del18,numvc,18.7230,77023
del18,numvc,18.7290,77024
del18,numvc,18.7400,77025
del18,numvc,18.7560,77026
del18,numvc,18.7580,77027
del18,numvc,18.7610,77028
del18,numvc,18.7800,77029
del18,numvc,18.7890,77030
del18,numvc,18.7920,77031
del18,numvc,18.8000,77032
del18,numvc,18.8080,77033
del18,numvc,18.8260,77034
del18,numvc,18.8370,77035
del18,numvc,18.8500,77036
del18,numvc,18.8690,77037
del18,numvc,18.8880,77038
del18,numvc,18.8940,77039
del18,numvc,18.9040,77040
del18,numvc,18.9060,77041
del18,numvc,18.9190,77042
del18,numvc,18.9280,77043
del18,numvc,18.9360,77044
del18,numvc,18.9510,77045
del18,numvc,18.9560,77046
del18,numvc,18.9640,77047
del18,numvc,18.9680,77048
del18,numvc,18.9760,77049
del18,numvc,18.9780,77050
del18,numvc,18.9970,77051
del18,numvc,19.0230,77052
del18,numvc,19.0500,77053
del18,numvc,19.0570,77054
del18,numvc,19.0620,77055
del18,numvc,19.0680,77056
del18,numvc,19.0810,77057
del18,numvc,19.0910,77058
del18,numvc,19.0990,77059
del18,numvc,19.1050,77060
del18,numvc,19.1100,77061
del18,numvc,19.1170,77062
del18,numvc,19.1320,77063
del18,numvc,19.1390,77064
del18,numvc,19.1420,77065
del18,numvc,19.1510,77066
del18,numvc,19.1610,77067
del18,numvc,19.1750,77068
del18,numvc,19.1770,77069
del18,numvc,19.1810,77070
del18,numvc,19.1850,77071
del18,numvc,19.1920,77072
del18,numvc,19.1970,77073
del18,numvc,19.2160,77074
del18,numvc,19.2280,77075
del18,numvc,19.2540,77076
del18,numvc,19.2690,77077
del18,numvc,19.2760,77078
del18,numvc,19.2870,77079
del18,numvc,19.2970,77080
del18,numvc,19.3030,77081
del18,numvc,19.3120,77082
del18,numvc,19.3170,77083
del18,numvc,19.3190,77084
del18,numvc,19.3240,77085
del18,numvc,19.3500,77086
del18,numvc,19.3540,77087
del18,numvc,19.3730,77088
del18,numvc,19.3780,77089
del18,numvc,19.3820,77090
del18,numvc,19.3940,77091
del18,numvc,19.3990,77092
del18,numvc,19.4010,77093
del18,numvc,19.4060,77094
del18,numvc,19.4120,77095
del18,numvc,19.4350,77096
del18,numvc,19.4390,77097
del18,numvc,19.4480,77098
del18,numvc,19.4540,77099
del18,numvc,19.4580,77100
del18,numvc,19.4660,77101
del18,numvc,19.4770,77102
del18,numvc,19.4850,77103
del18,numvc,19.4960,77104
del18,numvc,19.5030,77105
del18,numvc,19.5210,77106
del18,numvc,19.5380,77107
del18,numvc,19.5460,77108
del18,numvc,19.5580,77109
del18,numvc,19.5760,77110
del18,numvc,19.5790,77111
del18,numvc,19.5840,77112
del18,numvc,19.6060,77113
del18,numvc,19.6150,77114
del18,numvc,19.6210,77115
del18,numvc,19.6250,77116
del18,numvc,19.6270,77117
del18,numvc,19.6340,77118
del18,numvc,19.6400,77119
del18,numvc,19.6460,77120
del18,numvc,19.6540,77121
del18,numvc,19.6560,77122
del18,numvc,19.6630,77123
del18,numvc,19.6650,77124
del18,numvc,19.6700,77125
del18,numvc,19.7140,77126
del18,numvc,19.7220,77127
del18,numvc,19.7460,77128
del18,numvc,19.7600,77129
del18,numvc,19.7780,77130
del18,numvc,19.7840,77131
del18,numvc,19.7920,77132
del18,numvc,19.7980,77133
del18,numvc,19.8100,77134
del18,numvc,19.8170,77135
del18,numvc,19.8230,77136
del18,numvc,19.8340,77137
del18,numvc,19.8390,77138
del18,numvc,19.8440,77139
del18,numvc,19.8530,77140
del18,numvc,19.8620,77141
del18,numvc,19.8820,77142
del18,numvc,19.8880,77143
del18,numvc,19.9080,77144
del18,numvc,19.9120,77145
del18,numvc,19.9170,77146
del18,numvc,19.9210,77147
del18,numvc,19.9290,77148
del18,numvc,19.9350,77149
del18,numvc,19.9460,77150
del18,numvc,19.9530,77151
del18,numvc,19.9630,77152
del18,numvc,19.9690,77153
del18,numvc,19.9870,77154
del18,numvc,19.9940,77155
del18,numvc,19.9960,77156
del18,numvc,20.0010,77157
del18,numvc,20.0060,77158
del18,numvc,20.0300,77159
del18,numvc,20.0360,77160
del18,numvc,20.0410,77161
del18,numvc,20.0500,77162
del18,numvc,20.0520,77163
del18,numvc,20.0580,77164
del18,numvc,20.0640,77165
del18,numvc,20.0740,77166
del18,numvc,20.0780,77167
del18,numvc,20.0830,77168
del18,numvc,20.1150,77169
del18,numvc,20.1400,77170
del18,numvc,20.1420,77171
del18,numvc,20.1540,77172
del18,numvc,20.1720,77173
del18,numvc,20.1790,77174
del18,numvc,20.1970,77175
del18,numvc,20.2050,77176
del18,numvc,20.2090,77177
del18,numvc,20.2150,77178
del18,numvc,20.2340,77179
del18,numvc,20.2420,77180
del18,numvc,20.2490,77181
del18,numvc,20.2530,77182
del18,numvc,20.2580,77183
del18,numvc,20.2720,77184
del18,numvc,20.2880,77185
del18,numvc,20.2950,77186
del18,numvc,20.2990,77187
del18,numvc,20.3180,77188
del18,numvc,20.3220,77189
del18,numvc,20.3330,77190
del18,numvc,20.3440,77191
del18,numvc,20.3510,77192
del18,numvc,20.3720,77193
del18,numvc,20.3970,77194
del18,numvc,20.4070,77195
del18,numvc,20.4110,77196
del18,numvc,20.4150,77197
del18,numvc,20.4300,77198
del18,numvc,20.4440,77199
del18,numvc,20.4500,77200
del18,numvc,20.4520,77201
del18,numvc,20.4630,77202
del18,numvc,20.4700,77203
del18,numvc,20.4860,77204
del18,numvc,20.4930,77205
del18,numvc,20.5030,77206
del18,numvc,20.5110,77207
del18,numvc,20.5170,77208
del18,numvc,20.5280,77209
del18,numvc,20.5340,77210
del18,numvc,20.5470,77211
del18,numvc,20.5490,77212
del18,numvc,20.5570,77213
del18,numvc,20.5610,77214
del18,numvc,20.5650,77215
del18,numvc,20.5770,77216
del18,numvc,20.5860,77217
del18,numvc,20.6010,77218
del18,numvc,20.6090,77219
del18,numvc,20.6190,77220
del18,numvc,20.6250,77221
del18,numvc,20.6380,77222
del18,numvc,20.6420,77223
del18,numvc,20.6780,77224
del18,numvc,20.6880,77225
del18,numvc,20.6960,77226
del18,numvc,20.7020,77227
del18,numvc,20.7070,77228
del18,numvc,20.7180,77229
del18,numvc,20.7260,77230
del18,numvc,20.7390,77231
del18,numvc,20.7420,77232
del18,numvc,20.7490,77233
del18,numvc,20.7630,77234
del18,numvc,20.7760,77235
del18,numvc,20.7780,77236
del18,numvc,20.7840,77237
del18,numvc,20.7910,77238
del18,numvc,20.8050,77239
del18,numvc,20.8210,77240
del18,numvc,20.8280,77241
del18,numvc,20.8380,77242
del18,numvc,20.8460,77243
del18,numvc,20.8570,77244
del18,numvc,20.8620,77245
del18,numvc,20.8670,77246
del18,numvc,20.8700,77247
del18,numvc,20.8770,77248
del18,numvc,20.8930,77249
del18,numvc,20.9070,77250
del18,numvc,20.9090,77251
del18,numvc,20.9300,77252
del18,numvc,20.9350,77253
del18,numvc,20.9440,77254
del18,numvc,20.9510,77255
del18,numvc,20.9530,77256
del18,numvc,20.9570,77257
del18,numvc,20.9660,77258
del18,numvc,20.9760,77259
del18,numvc,20.9830,77260
del18,numvc,21.0070,77261
del18,numvc,21.0140,77262
del18,numvc,21.0230,77263
del18,numvc,21.0280,77264
del18,numvc,21.0300,77265
del18,numvc,21.0340,77266
del18,numvc,21.0440,77267
del18,numvc,21.0580,77268
del18,numvc,21.0890,77269
del18,numvc,21.0950,77270
del18,numvc,21.0990,77271
del18,numvc,21.1040,77272
del18,numvc,21.1100,77273
del18,numvc,21.1140,77274
del18,numvc,21.1160,77275
del18,numvc,21.1220,77276
del18,numvc,21.1360,77277
del18,numvc,21.1540,77278
del18,numvc,21.1610,77279
del18,numvc,21.1650,77280
del18,numvc,21.1750,77281
del18,numvc,21.1810,77282
del18,numvc,21.1850,77283
del18,numvc,21.1890,77284
del18,numvc,21.2020,77285
del18,numvc,21.2100,77286
del18,numvc,21.2200,77287
del18,numvc,21.2250,77288
del18,numvc,21.2460,77289
del18,numvc,21.2500,77290
del18,numvc,21.2610,77291
del18,numvc,21.2820,77292
del18,numvc,21.2840,77293
del18,numvc,21.2880,77294
del18,numvc,21.3000,77295
del18,numvc,21.3040,77296
del18,numvc,21.3130,77297
del18,numvc,21.3300,77298
del18,numvc,21.3370,77299
del18,numvc,21.3410,77300
del18,numvc,21.3490,77301
del18,numvc,21.3600,77302
del18,numvc,21.3810,77303
del18,numvc,21.3970,77304
del18,numvc,21.3990,77305
del18,numvc,21.4070,77306
del18,numvc,21.4110,77307
del18,numvc,21.4330,77308
del18,numvc,21.4460,77309
del18,numvc,21.4580,77310
del18,numvc,21.4650,77311
del18,numvc,21.4720,77312
del18,numvc,21.4750,77313
del18,numvc,21.4880,77314
del18,numvc,21.4970,77315
del18,numvc,21.5080,77316
del18,numvc,21.5150,77317
del18,numvc,21.5180,77318
del18,numvc,21.5280,77319
del18,numvc,21.5300,77320
del18,numvc,21.5360,77321
del18,numvc,21.5420,77322
del18,numvc,21.5520,77323
del18,numvc,21.5570,77324
del18,numvc,21.5670,77325
del18,numvc,21.5740,77326
del18,numvc,21.5830,77327
del18,numvc,21.5860,77328
del18,numvc,21.5910,77329
del18,numvc,21.5980,77330
del18,numvc,21.6040,77331
del18,numvc,21.6080,77332
del18,numvc,21.6130,77333
del18,numvc,21.6170,77334
del18,numvc,21.6250,77335
del18,numvc,21.6330,77336
del18,numvc,21.6400,77337
del18,numvc,21.6800,77338
del18,numvc,21.6970,77339
del18,numvc,21.7060,77340
del18,numvc,21.7230,77341
del18,numvc,21.7270,77342
del18,numvc,21.7380,77343
del18,numvc,21.7450,77344
del18,numvc,21.7580,77345
del18,numvc,21.7770,77346
del18,numvc,21.7790,77347
del18,numvc,21.7850,77348
del18,numvc,21.7940,77349
del18,numvc,21.7980,77350
del18,numvc,21.8120,77351
del18,numvc,21.8340,77352
del18,numvc,21.8450,77353
del18,numvc,21.8490,77354
del18,numvc,21.8510,77355
del18,numvc,21.8660,77356
del18,numvc,21.8730,77357
del18,numvc,21.8900,77358
del18,numvc,21.8990,77359
del18,numvc,21.9110,77360
del18,numvc,21.9220,77361
del18,numvc,21.9350,77362
del18,numvc,21.9440,77363
del18,numvc,21.9510,77364
del18,numvc,21.9540,77365
del18,numvc,21.9600,77366
del18,numvc,21.9680,77367
del18,numvc,21.9740,77368
del18,numvc,21.9790,77369
del18,numvc,21.9840,77370
del18,numvc,21.9880,77371
del18,numvc,21.9930,77372
del18,numvc,21.9990,77373
del18,numvc,22.0090,77374
del18,numvc,22.0300,77375
del18,numvc,22.0480,77376
del18,numvc,22.0560,77377
del18,numvc,22.0720,77378
del18,numvc,22.0790,77379
del18,numvc,22.0820,77380
del18,numvc,22.0840,77381
del18,numvc,22.0910,77382
del18,numvc,22.0970,77383
del18,numvc,22.1050,77384
del18,numvc,22.1170,77385
del18,numvc,22.1240,77386
del18,numvc,22.1320,77387
del18,numvc,22.1380,77388
del18,numvc,22.1420,77389
del18,numvc,22.1560,77390
del18,numvc,22.1700,77391
del18,numvc,22.1760,77392
del18,numvc,22.1850,77393
del18,numvc,22.1940,77394
del18,numvc,22.2080,77395
del18,numvc,22.2140,77396
del18,numvc,22.2150,77397
del18,numvc,22.2390,77398
del18,numvc,22.2560,77399
del18,numvc,22.2630,77400
del18,numvc,22.2690,77401
del18,numvc,22.2810,77402
del18,numvc,22.2940,77403
del18,numvc,22.3010,77404
del18,numvc,22.3120,77405
del18,numvc,22.3190,77406
del18,numvc,22.3270,77407
del18,numvc,22.3320,77408
del18,numvc,22.3380,77409
del18,numvc,22.3410,77410
del18,numvc,22.3460,77411
del18,numvc,22.3680,77412
del18,numvc,22.3700,77413
del18,numvc,22.3740,77414
del18,numvc,22.3800,77415
del18,numvc,22.3920,77416
del18,numvc,22.4030,77417
del18,numvc,22.4160,77418
del18,numvc,22.4200,77419
del18,numvc,22.4310,77420
del18,numvc,22.4460,77421
del18,numvc,22.4510,77422
del18,numvc,22.4600,77423
del18,numvc,22.4690,77424
del18,numvc,22.4860,77425
del18,numvc,22.4890,77426
del18,numvc,22.4970,77427
del18,numvc,22.5280,77428
del18,numvc,22.5320,77429
del18,numvc,22.5410,77430
del18,numvc,22.5470,77431
del18,numvc,22.5630,77432
del18,numvc,22.5690,77433
del18,numvc,22.5740,77434
del18,numvc,22.5910,77435
del18,numvc,22.6120,77436
del18,numvc,22.6190,77437
del18,numvc,22.6370,77438
del18,numvc,22.6450,77439
del18,numvc,22.6510,77440
del18,numvc,22.6560,77441
del18,numvc,22.6640,77442
del18,numvc,22.6690,77443
del18,numvc,22.6880,77444
del18,numvc,22.7020,77445
del18,numvc,22.7200,77446
del18,numvc,22.7250,77447
del18,numvc,22.7500,77448
del18,numvc,22.7780,77449
del18,numvc,22.7810,77450
del18,numvc,22.7910,77451
del18,numvc,22.7940,77452
del18,numvc,22.7970,77453
del18,numvc,22.8060,77454
del18,numvc,22.8110,77455
del18,numvc,22.8160,77456
del18,numvc,22.8440,77457
del18,numvc,22.8470,77458
del18,numvc,22.8530,77459
del18,numvc,22.8620,77460
del18,numvc,22.8680,77461
del18,numvc,22.8710,77462
del18,numvc,22.8840,77463
del18,numvc,22.8900,77464
del18,numvc,22.9070,77465
del18,numvc,22.9130,77466
del18,numvc,22.9200,77467
del18,numvc,22.9300,77468
del18,numvc,22.9420,77469
del18,numvc,22.9470,77470
del18,numvc,22.9590,77471
del18,numvc,22.9720,77472
del18,numvc,22.9870,77473
del18,numvc,22.9920,77474
del18,numvc,23.0070,77475
del18,numvc,23.0120,77476
del18,numvc,23.0160,77477
del18,numvc,23.0180,77478
del18,numvc,23.0270,77479
del18,numvc,23.0310,77480
del18,numvc,23.0600,77481
del18,numvc,23.0620,77482
del18,numvc,23.0680,77483
del18,numvc,23.0760,77484
del18,numvc,23.0910,77485
del18,numvc,23.0940,77486
del18,numvc,23.0980,77487
del18,numvc,23.1000,77488
del18,numvc,23.1110,77489
del18,numvc,23.1160,77490
del18,numvc,23.1240,77491
del18,numvc,23.1430,77492
del18,numvc,23.1510,77493
del18,numvc,23.1570,77494
del18,numvc,23.1840,77495
del18,numvc,23.1870,77496
del18,numvc,23.2210,77497
del18,numvc,23.2260,77498
del18,numvc,23.2310,77499
del18,numvc,23.2350,77500
del18,numvc,23.2470,77501
del18,numvc,23.2580,77502
del18,numvc,23.2640,77503
del18,numvc,23.2690,77504
del18,numvc,23.2790,77505
del18,numvc,23.2820,77506
del18,numvc,23.2920,77507
del18,numvc,23.3020,77508
del18,numvc,23.3170,77509
del18,numvc,23.3370,77510
del18,numvc,23.3410,77511
del18,numvc,23.3480,77512
del18,numvc,23.3640,77513
del18,numvc,23.3710,77514
del18,numvc,23.3750,77515
del18,numvc,23.3900,77516
del18,numvc,23.3960,77517
del18,numvc,23.3980,77518
del18,numvc,23.4120,77519
del18,numvc,23.4280,77520
del18,numvc,23.4350,77521
del18,numvc,23.4450,77522
del18,numvc,23.4520,77523
del18,numvc,23.4570,77524
del18,numvc,23.4660,77525
del18,numvc,23.4790,77526
del18,numvc,23.5040,77527
del18,numvc,23.5110,77528
del18,numvc,23.5150,77529
del18,numvc,23.5340,77530
del18,numvc,23.5420,77531
del18,numvc,23.5510,77532
del18,numvc,23.5600,77533
del18,numvc,23.5690,77534
del18,numvc,23.5740,77535
del18,numvc,23.5810,77536
del18,numvc,23.5870,77537
del18,numvc,23.6040,77538
del18,numvc,23.6100,77539
del18,numvc,23.6150,77540
del18,numvc,23.6230,77541
del18,numvc,23.6370,77542
del18,numvc,23.6630,77543
del18,numvc,23.6710,77544
del18,numvc,23.6750,77545
del18,numvc,23.6800,77546
del18,numvc,23.6900,77547
del18,numvc,23.6970,77548
del18,numvc,23.7030,77549
del18,numvc,23.7100,77550
del18,numvc,23.7260,77551
del18,numvc,23.7340,77552
del18,numvc,23.7380,77553
del18,numvc,23.7460,77554
del18,numvc,23.7630,77555
del18,numvc,23.7830,77556
del18,numvc,23.7980,77557
del18,numvc,23.8070,77558
del18,numvc,23.8100,77559
del18,numvc,23.8260,77560
del18,numvc,23.8280,77561
del18,numvc,23.8370,77562
del18,numvc,23.8440,77563
del18,numvc,23.8480,77564
del18,numvc,23.8530,77565
del18,numvc,23.8960,77566
del18,numvc,23.9070,77567
del18,numvc,23.9300,77568
del18,numvc,23.9340,77569
del18,numvc,23.9440,77570
del18,numvc,23.9670,77571
del18,numvc,23.9720,77572
del18,numvc,23.9760,77573
del18,numvc,23.9870,77574
del18,numvc,23.9890,77575
del18,numvc,23.9970,77576
del18,numvc,24.0060,77577
del18,numvc,24.0160,77578
del18,numvc,24.0370,77579
del18,numvc,24.0420,77580
del18,numvc,24.0450,77581
del18,numvc,24.0600,77582
del18,numvc,24.0680,77583
del18,numvc,24.0720,77584
del18,numvc,24.0730,77585
del18,numvc,24.0910,77586
del18,numvc,24.0940,77587
del18,numvc,24.1150,77588
del18,numvc,24.1280,77589
del18,numvc,24.1340,77590
del18,numvc,24.1610,77591
del18,numvc,24.1670,77592
del18,numvc,24.1750,77593
del18,numvc,24.1770,77594
del18,numvc,24.1790,77595
del18,numvc,24.1820,77596
del18,numvc,24.2050,77597
del18,numvc,24.2110,77598
del18,numvc,24.2160,77599
del18,numvc,24.2200,77600
del18,numvc,24.2250,77601
del18,numvc,24.2280,77602
del18,numvc,24.2330,77603
del18,numvc,24.2380,77604
del18,numvc,24.2460,77605
del18,numvc,24.2500,77606
del18,numvc,24.2560,77607
del18,numvc,24.2640,77608
del18,numvc,24.2680,77609
del18,numvc,24.2780,77610
del18,numvc,24.2820,77611
del18,numvc,24.2930,77612
del18,numvc,24.2990,77613
del18,numvc,24.3110,77614
del18,numvc,24.3210,77615
del18,numvc,24.3270,77616
del18,numvc,24.3290,77617
del18,numvc,24.3430,77618
del18,numvc,24.3600,77619
del18,numvc,24.3740,77620
del18,numvc,24.3810,77621
del18,numvc,24.3900,77622
del18,numvc,24.3970,77623
del18,numvc,24.4090,77624
del18,numvc,24.4130,77625
del18,numvc,24.4190,77626
del18,numvc,24.4270,77627
del18,numvc,24.4310,77628
del18,numvc,24.4370,77629
del18,numvc,24.4440,77630
del18,numvc,24.4470,77631
del18,numvc,24.4490,77632
del18,numvc,24.4620,77633
del18,numvc,24.4650,77634
del18,numvc,24.4760,77635
del18,numvc,24.4820,77636
del18,numvc,24.4970,77637
del18,numvc,24.5010,77638
del18,numvc,24.5130,77639
del18,numvc,24.5270,77640
del18,numvc,24.5370,77641
del18,numvc,24.5470,77642
del18,numvc,24.5540,77643
del18,numvc,24.6010,77644
del18,numvc,24.6050,77645
del18,numvc,24.6150,77646
del18,numvc,24.6210,77647
del18,numvc,24.6340,77648
del18,numvc,24.6390,77649
del18,numvc,24.6470,77650
del18,numvc,24.6580,77651
del18,numvc,24.6780,77652
del18,numvc,24.6990,77653
del18,numvc,24.7040,77654
del18,numvc,24.7180,77655
del18,numvc,24.7290,77656
del18,numvc,24.7330,77657
del18,numvc,24.7380,77658
del18,numvc,24.7500,77659
del18,numvc,24.7540,77660
del18,numvc,24.7620,77661
del18,numvc,24.7810,77662
del18,numvc,24.7840,77663
del18,numvc,24.7880,77664
del18,numvc,24.8030,77665
del18,numvc,24.8110,77666
del18,numvc,24.8280,77667
del18,numvc,24.8450,77668
del18,numvc,24.8600,77669
del18,numvc,24.8960,77670
del18,numvc,24.9060,77671
del18,numvc,24.9120,77672
del18,numvc,24.9370,77673
del18,numvc,24.9590,77674
del18,numvc,24.9710,77675
del18,numvc,24.9810,77676
del18,numvc,24.9930,77677
del18,numvc,24.9990,77678
del18,numvc,25.0090,77679
del18,numvc,25.0290,77680
del18,numvc,25.0390,77681
del18,numvc,25.0460,77682
del18,numvc,25.0610,77683
del18,numvc,25.0760,77684
del18,numvc,25.0880,77685
del18,numvc,25.0970,77686
del18,numvc,25.1080,77687
del18,numvc,25.1130,77688
del18,numvc,25.1320,77689
del18,numvc,25.1350,77690
del18,numvc,25.1470,77691
del18,numvc,25.1490,77692
del18,numvc,25.1620,77693
del18,numvc,25.1640,77694
del18,numvc,25.1680,77695
del18,numvc,25.1730,77696
del18,numvc,25.1940,77697
del18,numvc,25.1970,77698
del18,numvc,25.2020,77699
del18,numvc,25.2160,77700
del18,numvc,25.2300,77701
del18,numvc,25.2730,77702
del18,numvc,25.2800,77703
del18,numvc,25.2850,77704
del18,numvc,25.3100,77705
del18,numvc,25.3200,77706
del18,numvc,25.3230,77707
del18,numvc,25.3360,77708
del18,numvc,25.3580,77709
del18,numvc,25.3620,77710
del18,numvc,25.3750,77711
del18,numvc,25.3790,77712
del18,numvc,25.3860,77713
del18,numvc,25.3970,77714
del18,numvc,25.4000,77715
del18,numvc,25.4040,77716
del18,numvc,25.4160,77717
del18,numvc,25.4390,77718
del18,numvc,25.4440,77719
del18,numvc,25.4520,77720
del18,numvc,25.4650,77721
del18,numvc,25.4670,77722
del18,numvc,25.4690,77723
del18,numvc,25.4790,77724
del18,numvc,25.5010,77725
del18,numvc,25.5120,77726
del18,numvc,25.5310,77727
del18,numvc,25.5420,77728
del18,numvc,25.5460,77729
del18,numvc,25.5500,77730
del18,numvc,25.5650,77731
del18,numvc,25.5680,77732
del18,numvc,25.5760,77733
del18,numvc,25.5810,77734
del18,numvc,25.6120,77735
del18,numvc,25.6240,77736
del18,numvc,25.6330,77737
del18,numvc,25.6540,77738
del18,numvc,25.6650,77739
del18,numvc,25.6720,77740
del18,numvc,25.6790,77741
del18,numvc,25.6910,77742
del18,numvc,25.7000,77743
del18,numvc,25.7100,77744
del18,numvc,25.7190,77745
del18,numvc,25.7270,77746
del18,numvc,25.7370,77747
del18,numvc,25.7630,77748
del18,numvc,25.7780,77749
del18,numvc,25.7830,77750
del18,numvc,25.7900,77751
del18,numvc,25.8030,77752
del18,numvc,25.8070,77753
del18,numvc,25.8140,77754
del18,numvc,25.8180,77755
del18,numvc,25.8240,77756
del18,numvc,25.8320,77757
del18,numvc,25.8370,77758
del18,numvc,25.8460,77759
del18,numvc,25.8580,77760
del18,numvc,25.8660,77761
del18,numvc,25.8680,77762
del18,numvc,25.8710,77763
del18,numvc,25.8800,77764
del18,numvc,25.8830,77765
del18,numvc,25.9020,77766
del18,numvc,25.9070,77767
del18,numvc,25.9240,77768
del18,numvc,25.9280,77769
del18,numvc,25.9320,77770
del18,numvc,25.9360,77771
del18,numvc,25.9420,77772
del18,numvc,25.9510,77773
del18,numvc,25.9530,77774
del18,numvc,25.9590,77775
del18,numvc,25.9720,77776
del18,numvc,25.9740,77777
del18,numvc,25.9820,77778
del18,numvc,25.9930,77779
del18,numvc,26.0160,77780
del18,numvc,26.0200,77781
del18,numvc,26.0320,77782
del18,numvc,26.0400,77783
del18,numvc,26.0510,77784
del18,numvc,26.0640,77785
del18,numvc,26.0720,77786
del18,numvc,26.0750,77787
del18,numvc,26.0840,77788
del18,numvc,26.0860,77789
del18,numvc,26.0970,77790
del18,numvc,26.1000,77791
del18,numvc,26.1230,77792
del18,numvc,26.1410,77793
del18,numvc,26.1450,77794
del18,numvc,26.1500,77795
del18,numvc,26.1660,77796
del18,numvc,26.1700,77797
del18,numvc,26.1770,77798
del18,numvc,26.1810,77799
del18,numvc,26.2230,77800
del18,numvc,26.2270,77801
del18,numvc,26.2290,77802
del18,numvc,26.2390,77803
del18,numvc,26.2410,77804
del18,numvc,26.2490,77805
del18,numvc,26.2520,77806
del18,numvc,26.2580,77807
del18,numvc,26.2720,77808
del18,numvc,26.2780,77809
del18,numvc,26.2820,77810
del18,numvc,26.2880,77811
del18,numvc,26.2980,77812
del18,numvc,26.3090,77813
del18,numvc,26.3170,77814
del18,numvc,26.3220,77815
del18,numvc,26.3280,77816
del18,numvc,26.3440,77817
del18,numvc,26.3590,77818
del18,numvc,26.3690,77819
del18,numvc,26.3730,77820
del18,numvc,26.3860,77821
del18,numvc,26.3890,77822
del18,numvc,26.3920,77823
del18,numvc,26.4000,77824
del18,numvc,26.4080,77825
del18,numvc,26.4130,77826
del18,numvc,26.4330,77827
del18,numvc,26.4350,77828
del18,numvc,26.4410,77829
del18,numvc,26.4500,77830
del18,numvc,26.4570,77831
del18,numvc,26.4630,77832
del18,numvc,26.4790,77833
del18,numvc,26.4890,77834
del18,numvc,26.4910,77835
del18,numvc,26.5020,77836
del18,numvc,26.5250,77837
del18,numvc,26.5360,77838
del18,numvc,26.5480,77839
del18,numvc,26.5520,77840
del18,numvc,26.5620,77841
del18,numvc,26.5660,77842
del18,numvc,26.5790,77843
del18,numvc,26.5910,77844
del18,numvc,26.5930,77845
del18,numvc,26.6010,77846
del18,numvc,26.6080,77847
del18,numvc,26.6120,77848
del18,numvc,26.6150,77849
del18,numvc,26.6180,77850
del18,numvc,26.6230,77851
del18,numvc,26.6320,77852
del18,numvc,26.6370,77853
del18,numvc,26.6430,77854
del18,numvc,26.6480,77855
del18,numvc,26.6670,77856
del18,numvc,26.6830,77857
del18,numvc,26.6890,77858
del18,numvc,26.6920,77859
del18,numvc,26.7060,77860
del18,numvc,26.7160,77861
del18,numvc,26.7280,77862
del18,numvc,26.7840,77863
del18,numvc,26.7890,77864
del18,numvc,26.7980,77865
del18,numvc,26.8130,77866
del18,numvc,26.8250,77867
del18,numvc,26.8270,77868
del18,numvc,26.8390,77869
del18,numvc,26.8440,77870
del18,numvc,26.8540,77871
del18,numvc,26.8640,77872
del18,numvc,26.8690,77873
del18,numvc,26.8920,77874
del18,numvc,26.8950,77875
del18,numvc,26.9050,77876
del18,numvc,26.9220,77877
del18,numvc,26.9280,77878
del18,numvc,26.9340,77879
del18,numvc,26.9410,77880
del18,numvc,26.9460,77881
del18,numvc,26.9550,77882
del18,numvc,26.9670,77883
del18,numvc,26.9760,77884
del18,numvc,26.9810,77885
del18,numvc,26.9900,77886
del18,numvc,27.0000,77887
del18,numvc,27.0040,77888
del18,numvc,27.0100,77889
del18,numvc,27.0190,77890
del18,numvc,27.0240,77891
del18,numvc,27.0290,77892
del18,numvc,27.0380,77893
del18,numvc,27.0450,77894
del18,numvc,27.0510,77895
del18,numvc,27.0540,77896
del18,numvc,27.0620,77897
del18,numvc,27.0730,77898
del18,numvc,27.0790,77899
del18,numvc,27.0880,77900
del18,numvc,27.0920,77901
del18,numvc,27.0970,77902
del18,numvc,27.1120,77903
del18,numvc,27.1150,77904
del18,numvc,27.1260,77905
del18,numvc,27.1320,77906
del18,numvc,27.1420,77907
del18,numvc,27.1480,77908
del18,numvc,27.1610,77909
del18,numvc,27.1630,77910
del18,numvc,27.1670,77911
del18,numvc,27.1890,77912
del18,numvc,27.1960,77913
del18,numvc,27.2040,77914
del18,numvc,27.2150,77915
del18,numvc,27.2170,77916
del18,numvc,27.2240,77917
del18,numvc,27.2390,77918
del18,numvc,27.2410,77919
del18,numvc,27.2470,77920
del18,numvc,27.2790,77921
del18,numvc,27.2820,77922
del18,numvc,27.3080,77923
del18,numvc,27.3340,77924
del18,numvc,27.3440,77925
del18,numvc,27.3520,77926
del18,numvc,27.3610,77927
del18,numvc,27.3750,77928
del18,numvc,27.3830,77929
del18,numvc,27.3870,77930
del18,numvc,27.3910,77931
del18,numvc,27.3970,77932
del18,numvc,27.4090,77933
del18,numvc,27.4120,77934
del18,numvc,27.4250,77935
del18,numvc,27.4450,77936
del18,numvc,27.4590,77937
del18,numvc,27.4630,77938
del18,numvc,27.4770,77939
del18,numvc,27.4790,77940
del18,numvc,27.4950,77941
del18,numvc,27.5000,77942
del18,numvc,27.5040,77943
del18,numvc,27.5110,77944
del18,numvc,27.5210,77945
del18,numvc,27.5230,77946
del18,numvc,27.5290,77947
del18,numvc,27.5350,77948
del18,numvc,27.5480,77949
del18,numvc,27.5510,77950
del18,numvc,27.5560,77951
del18,numvc,27.5700,77952
del18,numvc,27.6280,77953
del18,numvc,27.6350,77954
del18,numvc,27.6420,77955
del18,numvc,27.6500,77956
del18,numvc,27.6580,77957
del18,numvc,27.6840,77958
del18,numvc,27.6880,77959
del18,numvc,27.6950,77960
del18,numvc,27.7020,77961
del18,numvc,27.7040,77962
del18,numvc,27.7190,77963
del18,numvc,27.7310,77964
del18,numvc,27.7580,77965
del18,numvc,27.7660,77966
del18,numvc,27.7770,77967
del18,numvc,27.7850,77968
del18,numvc,27.7900,77969
del18,numvc,27.7920,77970
del18,numvc,27.8040,77971
del18,numvc,27.8190,77972
del18,numvc,27.8300,77973
del18,numvc,27.8340,77974
del18,numvc,27.8520,77975
del18,numvc,27.8750,77976
del18,numvc,27.8850,77977
del18,numvc,27.8870,77978
del18,numvc,27.8920,77979
del18,numvc,27.9000,77980
del18,numvc,27.9060,77981
del18,numvc,27.9080,77982
del18,numvc,27.9120,77983
del18,numvc,27.9250,77984
del18,numvc,27.9310,77985
del18,numvc,27.9430,77986
del18,numvc,27.9450,77987
del18,numvc,27.9490,77988
del18,numvc,27.9570,77989
del18,numvc,27.9710,77990
del18,numvc,27.9820,77991
del18,numvc,27.9840,77992
del18,numvc,28.0100,77993
del18,numvc,28.0140,77994
del18,numvc,28.0360,77995
del18,numvc,28.0380,77996
del18,numvc,28.0650,77997
del18,numvc,28.0920,77998
del18,numvc,28.1010,77999
del18,numvc,28.1260,78000
del18,numvc,28.1350,78001
del18,numvc,28.1860,78002
del18,numvc,28.2140,78003
del18,numvc,28.2210,78004
del18,numvc,28.2250,78005
del18,numvc,28.2320,78006
del18,numvc,28.2600,78007
del18,numvc,28.2800,78008
del18,numvc,28.2950,78009
del18,numvc,28.3090,78010
del18,numvc,28.3140,78011
del18,numvc,28.3210,78012
del18,numvc,28.3320,78013
del18,numvc,28.3350,78014
del18,numvc,28.3380,78015
del18,numvc,28.3420,78016
del18,numvc,28.3510,78017
del18,numvc,28.3560,78018
del18,numvc,28.3620,78019
del18,numvc,28.3680,78020
del18,numvc,28.3920,78021
del18,numvc,28.3960,78022
del18,numvc,28.4130,78023
del18,numvc,28.4180,78024
del18,numvc,28.4530,78025
del18,numvc,28.4570,78026
del18,numvc,28.4640,78027
del18,numvc,28.4710,78028
del18,numvc,28.4820,78029
del18,numvc,28.4970,78030
del18,numvc,28.5080,78031
del18,numvc,28.5230,78032
del18,numvc,28.5410,78033
del18,numvc,28.5480,78034
del18,numvc,28.5550,78035
del18,numvc,28.5580,78036
del18,numvc,28.5670,78037
del18,numvc,28.5700,78038
del18,numvc,28.5840,78039
del18,numvc,28.5910,78040
del18,numvc,28.5950,78041
del18,numvc,28.6010,78042
del18,numvc,28.6080,78043
del18,numvc,28.6110,78044
del18,numvc,28.6140,78045
del18,numvc,28.6220,78046
del18,numvc,28.6330,78047
del18,numvc,28.6360,78048
del18,numvc,28.6480,78049
del18,numvc,28.6550,78050
del18,numvc,28.6660,78051
del18,numvc,28.6780,78052
del18,numvc,28.6840,78053
del18,numvc,28.6900,78054
del18,numvc,28.7010,78055
del18,numvc,28.7110,78056
del18,numvc,28.7180,78057
del18,numvc,28.7200,78058
del18,numvc,28.7340,78059
del18,numvc,28.7430,78060
del18,numvc,28.7450,78061
del18,numvc,28.7530,78062
del18,numvc,28.7620,78063
del18,numvc,28.7670,78064
del18,numvc,28.7710,78065
del18,numvc,28.7750,78066
del18,numvc,28.7900,78067
del18,numvc,28.7970,78068
del18,numvc,28.8050,78069
del18,numvc,28.8110,78070
del18,numvc,28.8200,78071
del18,numvc,28.8220,78072
del18,numvc,28.8280,78073
del18,numvc,28.8310,78074
del18,numvc,28.8410,78075
del18,numvc,28.8490,78076
del18,numvc,28.8640,78077
del18,numvc,28.8670,78078
del18,numvc,28.8730,78079
del18,numvc,28.8930,78080
del18,numvc,28.9010,78081
del18,numvc,28.9040,78082
del18,numvc,28.9150,78083
del18,numvc,28.9230,78084
del18,numvc,28.9420,78085
del18,numvc,28.9460,78086
del18,numvc,28.9510,78087
del18,numvc,28.9560,78088
del18,numvc,28.9720,78089
del18,numvc,28.9760,78090
del18,numvc,28.9830,78091
del18,numvc,28.9910,78092
del18,numvc,28.9950,78093
del18,numvc,29.0130,78094
del18,numvc,29.0250,78095
del18,numvc,29.0280,78096
del18,numvc,29.0360,78097
del18,numvc,29.0440,78098
del18,numvc,29.0520,78099
del18,numvc,29.0580,78100
del18,numvc,29.0630,78101
del18,numvc,29.0660,78102
del18,numvc,29.0820,78103
del18,numvc,29.0870,78104
del18,numvc,29.1030,78105
del18,numvc,29.1110,78106
del18,numvc,29.1150,78107
del18,numvc,29.1280,78108
del18,numvc,29.1340,78109
del18,numvc,29.1430,78110
del18,numvc,29.1570,78111
del18,numvc,29.1730,78112
del18,numvc,29.1790,78113
del18,numvc,29.1830,78114
del18,numvc,29.1890,78115
del18,numvc,29.2050,78116
del18,numvc,29.2070,78117
del18,numvc,29.2200,78118
del18,numvc,29.2320,78119
del18,numvc,29.2540,78120
del18,numvc,29.2990,78121
del18,numvc,29.3030,78122
del18,numvc,29.3130,78123
del18,numvc,29.3170,78124
del18,numvc,29.3270,78125
del18,numvc,29.3300,78126
del18,numvc,29.3610,78127
del18,numvc,29.3780,78128
del18,numvc,29.3870,78129
del18,numvc,29.4060,78130
del18,numvc,29.4130,78131
del18,numvc,29.4160,78132
del18,numvc,29.4330,78133
del18,numvc,29.4480,78134
del18,numvc,29.4580,78135
del18,numvc,29.4710,78136
del18,numvc,29.4730,78137
del18,numvc,29.4770,78138
del18,numvc,29.4790,78139
del18,numvc,29.4870,78140
del18,numvc,29.4990,78141
del18,numvc,29.5070,78142
del18,numvc,29.5120,78143
del18,numvc,29.5200,78144
del18,numvc,29.5250,78145
del18,numvc,29.5330,78146
del18,numvc,29.5360,78147
del18,numvc,29.5450,78148
del18,numvc,29.5610,78149
del18,numvc,29.5740,78150
del18,numvc,29.5800,78151
del18,numvc,29.5870,78152
del18,numvc,29.5940,78153
del18,numvc,29.6200,78154
del18,numvc,29.6300,78155
del18,numvc,29.6340,78156
del18,numvc,29.6410,78157
del18,numvc,29.6460,78158
del18,numvc,29.6520,78159
del18,numvc,29.6700,78160
del18,numvc,29.6780,78161
del18,numvc,29.6820,78162
del18,numvc,29.6940,78163
del18,numvc,29.6970,78164
del18,numvc,29.7110,78165
del18,numvc,29.7250,78166
del18,numvc,29.7350,78167
del18,numvc,29.7390,78168
del18,numvc,29.7480,78169
del18,numvc,29.7520,78170
del18,numvc,29.7600,78171
del18,numvc,29.7770,78172
del18,numvc,29.7830,78173
del18,numvc,29.7920,78174
del18,numvc,29.8000,78175
del18,numvc,29.8110,78176
del18,numvc,29.8210,78177
del18,numvc,29.8330,78178
del18,numvc,29.8430,78179
del18,numvc,29.8540,78180
del18,numvc,29.8620,78181
del18,numvc,29.8690,78182
del18,numvc,29.8720,78183
del18,numvc,29.8890,78184
del18,numvc,29.8920,78185
del18,numvc,29.8950,78186
del18,numvc,29.8990,78187
del18,numvc,29.9310,78188
del18,numvc,29.9360,78189
del18,numvc,29.9450,78190
del18,numvc,29.9480,78191
del18,numvc,29.9550,78192
del18,numvc,29.9590,78193
del18,numvc,29.9640,78194
del18,numvc,29.9670,78195
del18,numvc,29.9700,78196
del18,numvc,29.9770,78197
del18,numvc,29.9820,78198
del18,numvc,30.0020,78199
del18,numvc,30.0140,78200
del18,numvc,30.0180,78201
del18,numvc,30.0260,78202
del18,numvc,30.0290,78203
del18,numvc,30.0320,78204
del18,numvc,30.0360,78205
del18,numvc,30.0450,78206
del18,numvc,30.0700,78207
del18,numvc,30.0750,78208
del18,numvc,30.0890,78209
del18,numvc,30.0970,78210
del18,numvc,30.1070,78211
del18,numvc,30.1240,78212
del18,numvc,30.1360,78213
del18,numvc,30.1470,78214
del18,numvc,30.1500,78215
del18,numvc,30.1540,78216
del18,numvc,30.1640,78217
del18,numvc,30.1840,78218
del18,numvc,30.1900,78219
del18,numvc,30.2010,78220
del18,numvc,30.2060,78221
del18,numvc,30.2260,78222
del18,numvc,30.2280,78223
del18,numvc,30.2380,78224
del18,numvc,30.2670,78225
del18,numvc,30.2690,78226
del18,numvc,30.2760,78227
del18,numvc,30.2960,78228
del18,numvc,30.3010,78229
del18,numvc,30.3200,78230
del18,numvc,30.3330,78231
del18,numvc,30.3350,78232
del18,numvc,30.3430,78233
del18,numvc,30.3480,78234
del18,numvc,30.3540,78235
del18,numvc,30.3780,78236
del18,numvc,30.3870,78237
del18,numvc,30.3970,78238
del18,numvc,30.4040,78239
del18,numvc,30.4090,78240
del18,numvc,30.4110,78241
del18,numvc,30.4150,78242
del18,numvc,30.4220,78243
del18,numvc,30.4290,78244
del18,numvc,30.4330,78245
del18,numvc,30.4400,78246
del18,numvc,30.4500,78247
del18,numvc,30.4640,78248
del18,numvc,30.4670,78249
del18,numvc,30.4990,78250
del18,numvc,30.5010,78251
del18,numvc,30.5140,78252
del18,numvc,30.5200,78253
del18,numvc,30.5250,78254
del18,numvc,30.5280,78255
del18,numvc,30.5310,78256
del18,numvc,30.5410,78257
del18,numvc,30.5560,78258
del18,numvc,30.5640,78259
del18,numvc,30.6080,78260
del18,numvc,30.6110,78261
del18,numvc,30.6210,78262
del18,numvc,30.6230,78263
del18,numvc,30.6300,78264
del18,numvc,30.6370,78265
del18,numvc,30.6510,78266
del18,numvc,30.6540,78267
del18,numvc,30.6600,78268
del18,numvc,30.6780,78269
del18,numvc,30.6800,78270
del18,numvc,30.6850,78271
del18,numvc,30.7090,78272
del18,numvc,30.7280,78273
del18,numvc,30.7300,78274
del18,numvc,30.7430,78275
del18,numvc,30.7490,78276
del18,numvc,30.7520,78277
del18,numvc,30.7680,78278
del18,numvc,30.7700,78279
del18,numvc,30.7860,78280
del18,numvc,30.8050,78281
del18,numvc,30.8070,78282
del18,numvc,30.8210,78283
del18,numvc,30.8240,78284
del18,numvc,30.8370,78285
del18,numvc,30.8460,78286
del18,numvc,30.8650,78287
del18,numvc,30.8730,78288
del18,numvc,30.8770,78289
del18,numvc,30.8950,78290
del18,numvc,30.9100,78291
del18,numvc,30.9140,78292
del18,numvc,30.9200,78293
del18,numvc,30.9270,78294
del18,numvc,30.9420,78295
del18,numvc,30.9480,78296
del18,numvc,30.9550,78297
del18,numvc,30.9600,78298
del18,numvc,30.9730,78299
del18,numvc,30.9760,78300
del18,numvc,30.9800,78301
del18,numvc,30.9880,78302
del18,numvc,30.9940,78303
del18,numvc,31.0180,78304
del18,numvc,31.0360,78305
del18,numvc,31.0450,78306
del18,numvc,31.0480,78307
del18,numvc,31.0650,78308
del18,numvc,31.0670,78309
del18,numvc,31.0750,78310
del18,numvc,31.0810,78311
del18,numvc,31.0880,78312
del18,numvc,31.0890,78313
del18,numvc,31.0930,78314
del18,numvc,31.1030,78315
del18,numvc,31.1220,78316
del18,numvc,31.1420,78317
del18,numvc,31.1710,78318
del18,numvc,31.1750,78319
del18,numvc,31.1840,78320
del18,numvc,31.1900,78321
del18,numvc,31.1980,78322
del18,numvc,31.2110,78323
del18,numvc,31.2190,78324
del18,numvc,31.2240,78325
del18,numvc,31.2290,78326
del18,numvc,31.2330,78327
del18,numvc,31.2430,78328
del18,numvc,31.2550,78329
del18,numvc,31.2610,78330
del18,numvc,31.2760,78331
del18,numvc,31.2860,78332
del18,numvc,31.2900,78333
del18,numvc,31.3050,78334
del18,numvc,31.3090,78335
del18,numvc,31.3310,78336
del18,numvc,31.3450,78337
del18,numvc,31.3590,78338
del18,numvc,31.3650,78339
del18,numvc,31.3670,78340
del18,numvc,31.3710,78341
del18,numvc,31.3750,78342
del18,numvc,31.3890,78343
del18,numvc,31.3950,78344
del18,numvc,31.4020,78345
del18,numvc,31.4080,78346
del18,numvc,31.4170,78347
del18,numvc,31.4250,78348
del18,numvc,31.4460,78349
del18,numvc,31.4640,78350
del18,numvc,31.4700,78351
del18,numvc,31.4790,78352
del18,numvc,31.4900,78353
del18,numvc,31.4990,78354
del18,numvc,31.5380,78355
del18,numvc,31.5410,78356
del18,numvc,31.5450,78357
del18,numvc,31.5480,78358
del18,numvc,31.5500,78359
del18,numvc,31.5560,78360
del18,numvc,31.5610,78361
del18,numvc,31.5650,78362
del18,numvc,31.5700,78363
del18,numvc,31.5870,78364
del18,numvc,31.5950,78365
del18,numvc,31.5980,78366
del18,numvc,31.6110,78367
del18,numvc,31.6170,78368
del18,numvc,31.6200,78369
del18,numvc,31.6340,78370
del18,numvc,31.6450,78371
del18,numvc,31.6480,78372
del18,numvc,31.6540,78373
del18,numvc,31.6590,78374
del18,numvc,31.6640,78375
del18,numvc,31.6660,78376
del18,numvc,31.6720,78377
del18,numvc,31.6870,78378
del18,numvc,31.6910,78379
del18,numvc,31.6970,78380
del18,numvc,31.7060,78381
del18,numvc,31.7120,78382
del18,numvc,31.7200,78383
del18,numvc,31.7450,78384
del18,numvc,31.7610,78385
del18,numvc,31.7670,78386
del18,numvc,31.7690,78387
del18,numvc,31.7730,78388
del18,numvc,31.7780,78389
del18,numvc,31.7830,78390
del18,numvc,31.7880,78391
del18,numvc,31.7920,78392
del18,numvc,31.7970,78393
del18,numvc,31.8060,78394
del18,numvc,31.8510,78395
del18,numvc,31.8580,78396
del18,numvc,31.8640,78397
del18,numvc,31.8680,78398
del18,numvc,31.8700,78399
del18,numvc,31.8730,78400
del18,numvc,31.8820,78401
del18,numvc,31.8850,78402
del18,numvc,31.8900,78403
del18,numvc,31.8970,78404
del18,numvc,31.9020,78405
del18,numvc,31.9070,78406
del18,numvc,31.9120,78407
del18,numvc,31.9160,78408
del18,numvc,31.9260,78409
del18,numvc,31.9320,78410
del18,numvc,31.9360,78411
del18,numvc,31.9450,78412
del18,numvc,31.9590,78413
del18,numvc,31.9610,78414
del18,numvc,31.9660,78415
del18,numvc,31.9790,78416
del18,numvc,31.9990,78417
del18,numvc,32.0030,78418
del18,numvc,32.0120,78419
del18,numvc,32.0190,78420
del18,numvc,32.0380,78421
del18,numvc,32.0460,78422
del18,numvc,32.0570,78423
del18,numvc,32.0660,78424
del18,numvc,32.0960,78425
del18,numvc,32.1060,78426
del18,numvc,32.1110,78427
del18,numvc,32.1130,78428
del18,numvc,32.1230,78429
del18,numvc,32.1290,78430
del18,numvc,32.1370,78431
del18,numvc,32.1460,78432
del18,numvc,32.1500,78433
del18,numvc,32.1670,78434
del18,numvc,32.1770,78435
del18,numvc,32.1820,78436
del18,numvc,32.2150,78437
del18,numvc,32.2250,78438
del18,numvc,32.2320,78439
del18,numvc,32.2370,78440
del18,numvc,32.2410,78441
del18,numvc,32.2440,78442
del18,numvc,32.2710,78443
del18,numvc,32.2740,78444
del18,numvc,32.2770,78445
del18,numvc,32.2800,78446
del18,numvc,32.2900,78447
del18,numvc,32.2950,78448
del18,numvc,32.2990,78449
del18,numvc,32.3130,78450
del18,numvc,32.3190,78451
del18,numvc,32.3240,78452
del18,numvc,32.3350,78453
del18,numvc,32.3460,78454
del18,numvc,32.3570,78455
del18,numvc,32.3720,78456
del18,numvc,32.3800,78457
del18,numvc,32.3830,78458
del18,numvc,32.3920,78459
del18,numvc,32.4020,78460
del18,numvc,32.4080,78461
del18,numvc,32.4160,78462
del18,numvc,32.4190,78463
del18,numvc,32.4380,78464
del18,numvc,32.4440,78465
del18,numvc,32.4460,78466
del18,numvc,32.4600,78467
del18,numvc,32.4790,78468
del18,numvc,32.4860,78469
del18,numvc,32.5000,78470
del18,numvc,32.5100,78471
del18,numvc,32.5160,78472
del18,numvc,32.5190,78473
del18,numvc,32.5300,78474
del18,numvc,32.5340,78475
del18,numvc,32.5380,78476
del18,numvc,32.5480,78477
del18,numvc,32.5610,78478
del18,numvc,32.5730,78479
del18,numvc,32.5870,78480
del18,numvc,32.5970,78481
del18,numvc,32.6170,78482
del18,numvc,32.6210,78483
del18,numvc,32.6450,78484
del18,numvc,32.6510,78485
del18,numvc,32.6540,78486
del18,numvc,32.6650,78487
del18,numvc,32.6830,78488
del18,numvc,32.6850,78489
del18,numvc,32.6900,78490
del18,numvc,32.6940,78491
del18,numvc,32.6980,78492
del18,numvc,32.7050,78493
del18,numvc,32.7070,78494
del18,numvc,32.7180,78495
del18,numvc,32.7200,78496
del18,numvc,32.7250,78497
del18,numvc,32.7380,78498
del18,numvc,32.7460,78499
del18,numvc,32.7520,78500
del18,numvc,32.7580,78501
del18,numvc,32.7640,78502
del18,numvc,32.7680,78503
del18,numvc,32.7700,78504
del18,numvc,32.7760,78505
del18,numvc,32.7860,78506
del18,numvc,32.7920,78507
del18,numvc,32.7940,78508
del18,numvc,32.8020,78509
del18,numvc,32.8090,78510
del18,numvc,32.8220,78511
del18,numvc,32.8300,78512
del18,numvc,32.8350,78513
del18,numvc,32.8420,78514
del18,numvc,32.8490,78515
del18,numvc,32.8580,78516
del18,numvc,32.8690,78517
del18,numvc,32.8710,78518
del18,numvc,32.8820,78519
del18,numvc,32.9220,78520
del18,numvc,32.9380,78521
del18,numvc,32.9630,78522
del18,numvc,32.9650,78523
del18,numvc,32.9690,78524
del18,numvc,32.9750,78525
del18,numvc,32.9780,78526
del18,numvc,32.9870,78527
del18,numvc,32.9900,78528
del18,numvc,33.0090,78529
del18,numvc,33.0230,78530
del18,numvc,33.0370,78531
del18,numvc,33.0390,78532
del18,numvc,33.0470,78533
del18,numvc,33.0530,78534
del18,numvc,33.0750,78535
del18,numvc,33.0820,78536
del18,numvc,33.0890,78537
del18,numvc,33.0970,78538
del18,numvc,33.1000,78539
del18,numvc,33.1080,78540
del18,numvc,33.1180,78541
del18,numvc,33.1270,78542
del18,numvc,33.1320,78543
del18,numvc,33.1370,78544
del18,numvc,33.1710,78545
del18,numvc,33.1820,78546
del18,numvc,33.1870,78547
del18,numvc,33.1900,78548
del18,numvc,33.1970,78549
del18,numvc,33.2030,78550
del18,numvc,33.2060,78551
del18,numvc,33.2130,78552
del18,numvc,33.2290,78553
del18,numvc,33.2400,78554
del18,numvc,33.2490,78555
del18,numvc,33.2630,78556
del18,numvc,33.2680,78557
del18,numvc,33.2770,78558
del18,numvc,33.2850,78559
del18,numvc,33.2990,78560
del18,numvc,33.3130,78561
del18,numvc,33.3250,78562
del18,numvc,33.3290,78563
del18,numvc,33.3440,78564
del18,numvc,33.3530,78565
del18,numvc,33.3620,78566
del18,numvc,33.3720,78567
del18,numvc,33.3740,78568
del18,numvc,33.3820,78569
del18,numvc,33.3930,78570
del18,numvc,33.4110,78571
del18,numvc,33.4200,78572
del18,numvc,33.4220,78573
del18,numvc,33.4290,78574
del18,numvc,33.4340,78575
del18,numvc,33.4360,78576
del18,numvc,33.4450,78577
del18,numvc,33.4480,78578
del18,numvc,33.4620,78579
del18,numvc,33.4640,78580
del18,numvc,33.4700,78581
del18,numvc,33.4760,78582
del18,numvc,33.4800,78583
del18,numvc,33.4870,78584
del18,numvc,33.4950,78585
del18,numvc,33.4990,78586
del18,numvc,33.5350,78587
del18,numvc,33.5600,78588
del18,numvc,33.5670,78589
del18,numvc,33.5710,78590
del18,numvc,33.5760,78591
del18,numvc,33.5810,78592
del18,numvc,33.5920,78593
del18,numvc,33.6050,78594
del18,numvc,33.6180,78595
del18,numvc,33.6250,78596
del18,numvc,33.6490,78597
del18,numvc,33.6540,78598
del18,numvc,33.6750,78599
del18,numvc,33.6780,78600
del18,numvc,33.6940,78601
del18,numvc,33.7090,78602
del18,numvc,33.7450,78603
del18,numvc,33.7540,78604
del18,numvc,33.7730,78605
del18,numvc,33.7870,78606
del18,numvc,33.8070,78607
del18,numvc,33.8180,78608
del18,numvc,33.8350,78609
del18,numvc,33.8400,78610
del18,numvc,33.8430,78611
del18,numvc,33.8470,78612
del18,numvc,33.8500,78613
del18,numvc,33.8660,78614
del18,numvc,33.8680,78615
del18,numvc,33.8710,78616
del18,numvc,33.8750,78617
del18,numvc,33.8830,78618
del18,numvc,33.8930,78619
del18,numvc,33.8980,78620
del18,numvc,33.9020,78621
del18,numvc,33.9140,78622
del18,numvc,33.9230,78623
del18,numvc,33.9300,78624
del18,numvc,33.9350,78625
del18,numvc,33.9390,78626
del18,numvc,33.9520,78627
del18,numvc,33.9570,78628
del18,numvc,33.9730,78629
del18,numvc,33.9810,78630
del18,numvc,34.0000,78631
del18,numvc,34.0070,78632
del18,numvc,34.0110,78633
del18,numvc,34.0160,78634
del18,numvc,34.0230,78635
del18,numvc,34.0350,78636
del18,numvc,34.0480,78637
del18,numvc,34.0560,78638
del18,numvc,34.0780,78639
del18,numvc,34.0830,78640
del18,numvc,34.0890,78641
del18,numvc,34.0910,78642
del18,numvc,34.0980,78643
del18,numvc,34.1080,78644
del18,numvc,34.1180,78645
del18,numvc,34.1350,78646
del18,numvc,34.1420,78647
del18,numvc,34.1450,78648
del18,numvc,34.1550,78649
del18,numvc,34.1580,78650
del18,numvc,34.1630,78651
del18,numvc,34.1740,78652
del18,numvc,34.1900,78653
del18,numvc,34.1950,78654
del18,numvc,34.2000,78655
del18,numvc,34.2100,78656
del18,numvc,34.2330,78657
del18,numvc,34.2390,78658
del18,numvc,34.2470,78659
del18,numvc,34.2510,78660
del18,numvc,34.2620,78661
del18,numvc,34.2690,78662
del18,numvc,34.2770,78663
del18,numvc,34.2840,78664
del18,numvc,34.2920,78665
del18,numvc,34.3000,78666
del18,numvc,34.3060,78667
del18,numvc,34.3100,78668
del18,numvc,34.3260,78669
del18,numvc,34.3300,78670
del18,numvc,34.3350,78671
del18,numvc,34.3410,78672
del18,numvc,34.3510,78673
del18,numvc,34.3670,78674
del18,numvc,34.3740,78675
del18,numvc,34.3990,78676
del18,numvc,34.4020,78677
del18,numvc,34.4190,78678
del18,numvc,34.4240,78679
del18,numvc,34.4280,78680
del18,numvc,34.4340,78681
del18,numvc,34.4390,78682
del18,numvc,34.4500,78683
del18,numvc,34.4590,78684
del18,numvc,34.4660,78685
del18,numvc,34.4900,78686
del18,numvc,34.4950,78687
del18,numvc,34.4970,78688
del18,numvc,34.5020,78689
del18,numvc,34.5160,78690
del18,numvc,34.5250,78691
del18,numvc,34.5320,78692
del18,numvc,34.5370,78693
del18,numvc,34.5400,78694
del18,numvc,34.5560,78695
del18,numvc,34.5730,78696
del18,numvc,34.5820,78697
del18,numvc,34.5880,78698
del18,numvc,34.5900,78699
del18,numvc,34.5960,78700
del18,numvc,34.6070,78701
del18,numvc,34.6230,78702
del18,numvc,34.6290,78703
del18,numvc,34.6380,78704
del18,numvc,34.6470,78705
del18,numvc,34.6580,78706
del18,numvc,34.6850,78707
del18,numvc,34.6890,78708
del18,numvc,34.6960,78709
del18,numvc,34.7080,78710
del18,numvc,34.7180,78711
del18,numvc,34.7260,78712
del18,numvc,34.7370,78713
del18,numvc,34.7420,78714
del18,numvc,34.7730,78715
del18,numvc,34.7850,78716
del18,numvc,34.7890,78717
del18,numvc,34.8120,78718
del18,numvc,34.8180,78719
del18,numvc,34.8200,78720
del18,numvc,34.8220,78721
del18,numvc,34.8380,78722
del18,numvc,34.8400,78723
del18,numvc,34.8470,78724
del18,numvc,34.8520,78725
del18,numvc,34.8550,78726
del18,numvc,34.8730,78727
del18,numvc,34.8760,78728
del18,numvc,34.8910,78729
del18,numvc,34.9010,78730
del18,numvc,34.9120,78731
del18,numvc,34.9300,78732
del18,numvc,34.9450,78733
del18,numvc,34.9470,78734
del18,numvc,34.9550,78735
del18,numvc,34.9900,78736
del18,numvc,35.0030,78737
del18,numvc,35.0060,78738
del18,numvc,35.0200,78739
del18,numvc,35.0240,78740
del18,numvc,35.0390,78741
del18,numvc,35.0410,78742
del18,numvc,35.0530,78743
del18,numvc,35.0670,78744
del18,numvc,35.0690,78745
del18,numvc,35.0730,78746
del18,numvc,35.0840,78747
del18,numvc,35.0940,78748
del18,numvc,35.1040,78749
del18,numvc,35.1080,78750
del18,numvc,35.1100,78751
del18,numvc,35.1150,78752
del18,numvc,35.1200,78753
del18,numvc,35.1290,78754
del18,numvc,35.1410,78755
del18,numvc,35.1510,78756
del18,numvc,35.1540,78757
del18,numvc,35.1590,78758
del18,numvc,35.1650,78759
del18,numvc,35.1730,78760
del18,numvc,35.1760,78761
del18,numvc,35.1780,78762
del18,numvc,35.1920,78763
del18,numvc,35.2200,78764
del18,numvc,35.2220,78765
del18,numvc,35.2250,78766
del18,numvc,35.2540,78767
del18,numvc,35.2580,78768
del18,numvc,35.2650,78769
del18,numvc,35.2680,78770
del18,numvc,35.2790,78771
del18,numvc,35.2850,78772
del18,numvc,35.2940,78773
del18,numvc,35.2960,78774
del18,numvc,35.3100,78775
del18,numvc,35.3270,78776
del18,numvc,35.3320,78777
del18,numvc,35.3430,78778
del18,numvc,35.3460,78779
del18,numvc,35.3640,78780
del18,numvc,35.3670,78781
del18,numvc,35.3750,78782
del18,numvc,35.3800,78783
del18,numvc,35.3870,78784
del18,numvc,35.3910,78785
del18,numvc,35.3940,78786
del18,numvc,35.4030,78787
del18,numvc,35.4270,78788
del18,numvc,35.4330,78789
del18,numvc,35.4470,78790
del18,numvc,35.4530,78791
del18,numvc,35.4810,78792
del18,numvc,35.4870,78793
del18,numvc,35.5010,78794
del18,numvc,35.5030,78795
del18,numvc,35.5180,78796
del18,numvc,35.5200,78797
del18,numvc,35.5350,78798
del18,numvc,35.5420,78799
del18,numvc,35.5460,78800
del18,numvc,35.5560,78801
del18,numvc,35.5660,78802
del18,numvc,35.6100,78803
del18,numvc,35.6160,78804
del18,numvc,35.6230,78805
del18,numvc,35.6250,78806
del18,numvc,35.6390,78807
del18,numvc,35.6610,78808
del18,numvc,35.6680,78809
del18,numvc,35.6700,78810
del18,numvc,35.6790,78811
del18,numvc,35.6860,78812
del18,numvc,35.6910,78813
del18,numvc,35.6980,78814
del18,numvc,35.7070,78815
del18,numvc,35.7090,78816
del18,numvc,35.7520,78817
del18,numvc,35.7560,78818
del18,numvc,35.7640,78819
del18,numvc,35.7730,78820
del18,numvc,35.7780,78821
del18,numvc,35.7970,78822
del18,numvc,35.8000,78823
del18,numvc,35.8060,78824
del18,numvc,35.8170,78825
del18,numvc,35.8220,78826
del18,numvc,35.8260,78827
del18,numvc,35.8340,78828
del18,numvc,35.8430,78829
del18,numvc,35.8470,78830
del18,numvc,35.8550,78831
del18,numvc,35.8640,78832
del18,numvc,35.8760,78833
del18,numvc,35.8890,78834
del18,numvc,35.9040,78835
del18,numvc,35.9110,78836
del18,numvc,35.9460,78837
del18,numvc,35.9530,78838
del18,numvc,35.9740,78839
del18,numvc,35.9800,78840
del18,numvc,36.0000,78841
del18,numvc,36.0190,78842
del18,numvc,36.0250,78843
del18,numvc,36.0300,78844
del18,numvc,36.0340,78845
del18,numvc,36.0460,78846
del18,numvc,36.0530,78847
del18,numvc,36.0570,78848
del18,numvc,36.0640,78849
del18,numvc,36.0710,78850
del18,numvc,36.0760,78851
del18,numvc,36.0780,78852
del18,numvc,36.1090,78853
del18,numvc,36.1220,78854
del18,numvc,36.1280,78855
del18,numvc,36.1390,78856
del18,numvc,36.1450,78857
del18,numvc,36.1570,78858
del18,numvc,36.1810,78859
del18,numvc,36.1870,78860
del18,numvc,36.1980,78861
del18,numvc,36.2130,78862
del18,numvc,36.2160,78863
del18,numvc,36.2450,78864
del18,numvc,36.2470,78865
del18,numvc,36.2510,78866
del18,numvc,36.2590,78867
del18,numvc,36.2650,78868
del18,numvc,36.2670,78869
del18,numvc,36.2900,78870
del18,numvc,36.2980,78871
del18,numvc,36.3030,78872
del18,numvc,36.3050,78873
del18,numvc,36.3330,78874
del18,numvc,36.3440,78875
del18,numvc,36.3480,78876
del18,numvc,36.3640,78877
del18,numvc,36.3810,78878
del18,numvc,36.3930,78879
del18,numvc,36.4030,78880
del18,numvc,36.4080,78881
del18,numvc,36.4120,78882
del18,numvc,36.4230,78883
del18,numvc,36.4280,78884
del18,numvc,36.4310,78885
del18,numvc,36.4350,78886
del18,numvc,36.4390,78887
del18,numvc,36.4440,78888
del18,numvc,36.4470,78889
del18,numvc,36.4520,78890
del18,numvc,36.4560,78891
del18,numvc,36.4600,78892
del18,numvc,36.4740,78893
del18,numvc,36.4930,78894
del18,numvc,36.4960,78895
del18,numvc,36.4990,78896
del18,numvc,36.5070,78897
del18,numvc,36.5130,78898
del18,numvc,36.5340,78899
del18,numvc,36.5400,78900
del18,numvc,36.5460,78901
del18,numvc,36.5710,78902
del18,numvc,36.5760,78903
del18,numvc,36.5790,78904
del18,numvc,36.5890,78905
del18,numvc,36.5980,78906
del18,numvc,36.6060,78907
del18,numvc,36.6180,78908
del18,numvc,36.6280,78909
del18,numvc,36.6500,78910
del18,numvc,36.6600,78911
del18,numvc,36.6750,78912
del18,numvc,36.6890,78913
del18,numvc,36.6940,78914
del18,numvc,36.7050,78915
del18,numvc,36.7090,78916
del18,numvc,36.7150,78917
del18,numvc,36.7330,78918
del18,numvc,36.7370,78919
del18,numvc,36.7420,78920
del18,numvc,36.7520,78921
del18,numvc,36.7600,78922
del18,numvc,36.7680,78923
del18,numvc,36.7700,78924
del18,numvc,36.8050,78925
del18,numvc,36.8220,78926
del18,numvc,36.8240,78927
del18,numvc,36.8350,78928
del18,numvc,36.8500,78929
del18,numvc,36.8570,78930
del18,numvc,36.8690,78931
del18,numvc,36.8740,78932
del18,numvc,36.9060,78933
del18,numvc,36.9190,78934
del18,numvc,36.9360,78935
del18,numvc,36.9530,78936
del18,numvc,36.9600,78937
del18,numvc,36.9680,78938
del18,numvc,36.9800,78939
del18,numvc,36.9870,78940
del18,numvc,36.9940,78941
del18,numvc,36.9970,78942
del18,numvc,37.0050,78943
del18,numvc,37.0450,78944
del18,numvc,37.0480,78945
del18,numvc,37.0570,78946
del18,numvc,37.0620,78947
del18,numvc,37.0700,78948
del18,numvc,37.0880,78949
del18,numvc,37.0940,78950
del18,numvc,37.0980,78951
del18,numvc,37.1150,78952
del18,numvc,37.1500,78953
del18,numvc,37.1570,78954
del18,numvc,37.1590,78955
del18,numvc,37.1640,78956
del18,numvc,37.1680,78957
del18,numvc,37.1710,78958
del18,numvc,37.1920,78959
del18,numvc,37.1950,78960
del18,numvc,37.2060,78961
del18,numvc,37.2110,78962
del18,numvc,37.2170,78963
del18,numvc,37.2370,78964
del18,numvc,37.2410,78965
del18,numvc,37.2470,78966
del18,numvc,37.2610,78967
del18,numvc,37.2710,78968
del18,numvc,37.2850,78969
del18,numvc,37.2950,78970
del18,numvc,37.2990,78971
del18,numvc,37.3120,78972
del18,numvc,37.3170,78973
del18,numvc,37.3250,78974
del18,numvc,37.3290,78975
del18,numvc,37.3350,78976
del18,numvc,37.3410,78977
del18,numvc,37.3430,78978
del18,numvc,37.3460,78979
del18,numvc,37.3560,78980
del18,numvc,37.3810,78981
del18,numvc,37.3900,78982
del18,numvc,37.4000,78983
del18,numvc,37.4190,78984
del18,numvc,37.4210,78985
del18,numvc,37.4240,78986
del18,numvc,37.4270,78987
del18,numvc,37.4340,78988
del18,numvc,37.4430,78989
del18,numvc,37.4480,78990
del18,numvc,37.4760,78991
del18,numvc,37.4820,78992
del18,numvc,37.4840,78993
del18,numvc,37.5050,78994
del18,numvc,37.5080,78995
del18,numvc,37.5160,78996
del18,numvc,37.5290,78997
del18,numvc,37.5310,78998
del18,numvc,37.5350,78999
del18,numvc,37.5450,79000
del18,numvc,37.5630,79001
del18,numvc,37.5750,79002
del18,numvc,37.6030,79003
del18,numvc,37.6110,79004
del18,numvc,37.6290,79005
del18,numvc,37.6370,79006
del18,numvc,37.6500,79007
del18,numvc,37.6590,79008
del18,numvc,37.6780,79009
del18,numvc,37.6840,79010
del18,numvc,37.6910,79011
del18,numvc,37.7020,79012
del18,numvc,37.7190,79013
del18,numvc,37.7500,79014
del18,numvc,37.7530,79015
del18,numvc,37.7670,79016
del18,numvc,37.7690,79017
del18,numvc,37.7740,79018
del18,numvc,37.7800,79019
del18,numvc,37.7840,79020
del18,numvc,37.7910,79021
del18,numvc,37.8290,79022
del18,numvc,37.8350,79023
del18,numvc,37.8390,79024
del18,numvc,37.8420,79025
del18,numvc,37.8500,79026
del18,numvc,37.8570,79027
del18,numvc,37.8850,79028
del18,numvc,37.8910,79029
del18,numvc,37.9060,79030
del18,numvc,37.9130,79031
del18,numvc,37.9230,79032
del18,numvc,37.9340,79033
del18,numvc,37.9410,79034
del18,numvc,37.9460,79035
del18,numvc,37.9480,79036
del18,numvc,37.9850,79037
del18,numvc,37.9940,79038
del18,numvc,38.0010,79039
del18,numvc,38.0130,79040
del18,numvc,38.0210,79041
del18,numvc,38.0230,79042
del18,numvc,38.0270,79043
del18,numvc,38.0600,79044
del18,numvc,38.0650,79045
del18,numvc,38.0700,79046
del18,numvc,38.0780,79047
del18,numvc,38.0830,79048
del18,numvc,38.0970,79049
del18,numvc,38.1090,79050
del18,numvc,38.1350,79051
del18,numvc,38.1400,79052
del18,numvc,38.1640,79053
del18,numvc,38.1760,79054
del18,numvc,38.1830,79055
del18,numvc,38.2240,79056
del18,numvc,38.2330,79057
del18,numvc,38.2660,79058
del18,numvc,38.2730,79059
del18,numvc,38.2780,79060
del18,numvc,38.2810,79061
del18,numvc,38.3090,79062
del18,numvc,38.3220,79063
del18,numvc,38.3240,79064
del18,numvc,38.3270,79065
del18,numvc,38.3310,79066
del18,numvc,38.3410,79067
del18,numvc,38.3500,79068
del18,numvc,38.3540,79069
del18,numvc,38.3640,79070
del18,numvc,38.3710,79071
del18,numvc,38.3760,79072
del18,numvc,38.3880,79073
del18,numvc,38.3890,79074
del18,numvc,38.3930,79075
del18,numvc,38.3990,79076
del18,numvc,38.4040,79077
del18,numvc,38.4090,79078
del18,numvc,38.4190,79079
del18,numvc,38.4320,79080
del18,numvc,38.4380,79081
del18,numvc,38.4440,79082
del18,numvc,38.4470,79083
del18,numvc,38.4500,79084
del18,numvc,38.4700,79085
del18,numvc,38.4740,79086
del18,numvc,38.4770,79087
del18,numvc,38.4970,79088
del18,numvc,38.5100,79089
del18,numvc,38.5240,79090
del18,numvc,38.5320,79091
del18,numvc,38.5370,79092
del18,numvc,38.5430,79093
del18,numvc,38.5470,79094
del18,numvc,38.5540,79095
del18,numvc,38.5680,79096
del18,numvc,38.5730,79097
del18,numvc,38.5850,79098
del18,numvc,38.5900,79099
del18,numvc,38.6020,79100
del18,numvc,38.6160,79101
del18,numvc,38.6230,79102
del18,numvc,38.6420,79103
del18,numvc,38.6490,79104
del18,numvc,38.6510,79105
del18,numvc,38.6570,79106
del18,numvc,38.6630,79107
del18,numvc,38.6710,79108
del18,numvc,38.6810,79109
del18,numvc,38.6860,79110
del18,numvc,38.6920,79111
del18,numvc,38.6960,79112
del18,numvc,38.7160,79113
del18,numvc,38.7180,79114
del18,numvc,38.7230,79115
del18,numvc,38.7280,79116
del18,numvc,38.7440,79117
del18,numvc,38.7560,79118
del18,numvc,38.7600,79119
del18,numvc,38.7700,79120
del18,numvc,38.7740,79121
del18,numvc,38.8170,79122
del18,numvc,38.8240,79123
del18,numvc,38.8260,79124
del18,numvc,38.8340,79125
del18,numvc,38.8370,79126
del18,numvc,38.8470,79127
del18,numvc,38.8620,79128
del18,numvc,38.8860,79129
del18,numvc,38.8960,79130
del18,numvc,38.9080,79131
del18,numvc,38.9160,79132
del18,numvc,38.9220,79133
del18,numvc,38.9280,79134
del18,numvc,38.9310,79135
del18,numvc,38.9370,79136
del18,numvc,38.9610,79137
del18,numvc,38.9660,79138
del18,numvc,38.9720,79139
del18,numvc,38.9900,79140
del18,numvc,38.9930,79141
del18,numvc,39.0130,79142
del18,numvc,39.0210,79143
del18,numvc,39.0230,79144
del18,numvc,39.0360,79145
del18,numvc,39.0390,79146
del18,numvc,39.0510,79147
del18,numvc,39.0790,79148
del18,numvc,39.0890,79149
del18,numvc,39.0970,79150
del18,numvc,39.0990,79151
del18,numvc,39.1020,79152
del18,numvc,39.1100,79153
del18,numvc,39.1250,79154
del18,numvc,39.1300,79155
del18,numvc,39.1350,79156
del18,numvc,39.1440,79157
del18,numvc,39.1460,79158
del18,numvc,39.1600,79159
del18,numvc,39.1620,79160
del18,numvc,39.1680,79161
del18,numvc,39.1780,79162
del18,numvc,39.1840,79163
del18,numvc,39.1910,79164
del18,numvc,39.2040,79165
del18,numvc,39.2080,79166
del18,numvc,39.2230,79167
del18,numvc,39.2350,79168
del18,numvc,39.2440,79169
del18,numvc,39.2560,79170
del18,numvc,39.2630,79171
del18,numvc,39.2680,79172
del18,numvc,39.2730,79173
del18,numvc,39.2800,79174
del18,numvc,39.2910,79175
del18,numvc,39.3000,79176
del18,numvc,39.3080,79177
del18,numvc,39.3230,79178
del18,numvc,39.3340,79179
del18,numvc,39.3430,79180
del18,numvc,39.3540,79181
del18,numvc,39.3670,79182
del18,numvc,39.3870,79183
del18,numvc,39.4000,79184
del18,numvc,39.4210,79185
del18,numvc,39.4250,79186
del18,numvc,39.4320,79187
del18,numvc,39.4470,79188
del18,numvc,39.4560,79189
del18,numvc,39.4650,79190
del18,numvc,39.4820,79191
del18,numvc,39.4890,79192
del18,numvc,39.4920,79193
del18,numvc,39.5100,79194
del18,numvc,39.5150,79195
del18,numvc,39.5230,79196
del18,numvc,39.5330,79197
del18,numvc,39.5430,79198
del18,numvc,39.5480,79199
del18,numvc,39.5620,79200
del18,numvc,39.5710,79201
del18,numvc,39.5860,79202
del18,numvc,39.5880,79203
del18,numvc,39.6070,79204
del18,numvc,39.6130,79205
del18,numvc,39.6250,79206
del18,numvc,39.6290,79207
del18,numvc,39.6580,79208
del18,numvc,39.6660,79209
del18,numvc,39.6740,79210
del18,numvc,39.6820,79211
del18,numvc,39.6880,79212
del18,numvc,39.6990,79213
del18,numvc,39.7250,79214
del18,numvc,39.7300,79215
del18,numvc,39.7320,79216
del18,numvc,39.7410,79217
del18,numvc,39.7450,79218
del18,numvc,39.7570,79219
del18,numvc,39.7680,79220
del18,numvc,39.7830,79221
del18,numvc,39.7870,79222
del18,numvc,39.8000,79223
del18,numvc,39.8060,79224
del18,numvc,39.8130,79225
del18,numvc,39.8220,79226
del18,numvc,39.8260,79227
del18,numvc,39.8460,79228
del18,numvc,39.8600,79229
del18,numvc,39.8660,79230
del18,numvc,39.8710,79231
del18,numvc,39.8760,79232
del18,numvc,39.8800,79233
del18,numvc,39.8900,79234
del18,numvc,39.8940,79235
del18,numvc,39.9120,79236
del18,numvc,39.9210,79237
del18,numvc,39.9320,79238
del18,numvc,39.9340,79239
del18,numvc,39.9380,79240
del18,numvc,39.9440,79241
del18,numvc,39.9550,79242
del18,numvc,39.9640,79243
del18,numvc,39.9710,79244
del18,numvc,39.9750,79245
del18,numvc,39.9790,79246
del18,numvc,39.9890,79247
del18,numvc,40.0140,79248
del18,numvc,40.0240,79249
del18,numvc,40.0360,79250
del18,numvc,40.0440,79251
del18,numvc,40.0460,79252
del18,numvc,40.0510,79253
del18,numvc,40.0530,79254
del18,numvc,40.0590,79255
del18,numvc,40.0630,79256
del18,numvc,40.0800,79257
del18,numvc,40.0970,79258
del18,numvc,40.1050,79259
del18,numvc,40.1110,79260
del18,numvc,40.1160,79261
del18,numvc,40.1280,79262
del18,numvc,40.1470,79263
del18,numvc,40.1630,79264
del18,numvc,40.1730,79265
del18,numvc,40.1910,79266
del18,numvc,40.2230,79267
del18,numvc,40.2360,79268
del18,numvc,40.2530,79269
del18,numvc,40.2580,79270
del18,numvc,40.2710,79271
del18,numvc,40.2810,79272
del18,numvc,40.2960,79273
del18,numvc,40.3080,79274
del18,numvc,40.3110,79275
del18,numvc,40.3180,79276
del18,numvc,40.3200,79277
del18,numvc,40.3310,79278
del18,numvc,40.3350,79279
del18,numvc,40.3370,79280
del18,numvc,40.3400,79281
del18,numvc,40.3440,79282
del18,numvc,40.3530,79283
del18,numvc,40.3560,79284
del18,numvc,40.3640,79285
del18,numvc,40.3710,79286
del18,numvc,40.3790,79287
del18,numvc,40.3850,79288
del18,numvc,40.4300,79289
del18,numvc,40.4410,79290
del18,numvc,40.4450,79291
del18,numvc,40.4630,79292
del18,numvc,40.4700,79293
del18,numvc,40.4750,79294
del18,numvc,40.4800,79295
del18,numvc,40.4840,79296
del18,numvc,40.5080,79297
del18,numvc,40.5110,79298
del18,numvc,40.5160,79299
del18,numvc,40.5190,79300
del18,numvc,40.5390,79301
del18,numvc,40.5440,79302
del18,numvc,40.5460,79303
del18,numvc,40.5560,79304
del18,numvc,40.5620,79305
del18,numvc,40.5880,79306
del18,numvc,40.5940,79307
del18,numvc,40.6060,79308
del18,numvc,40.6130,79309
del18,numvc,40.6160,79310
del18,numvc,40.6210,79311
del18,numvc,40.6300,79312
del18,numvc,40.6530,79313
del18,numvc,40.6620,79314
del18,numvc,40.6650,79315
del18,numvc,40.6790,79316
del18,numvc,40.6810,79317
del18,numvc,40.6850,79318
del18,numvc,40.6880,79319
del18,numvc,40.6980,79320
del18,numvc,40.7020,79321
del18,numvc,40.7060,79322
del18,numvc,40.7130,79323
del18,numvc,40.7160,79324
del18,numvc,40.7290,79325
del18,numvc,40.7330,79326
del18,numvc,40.7430,79327
del18,numvc,40.7580,79328
del18,numvc,40.7680,79329
del18,numvc,40.7810,79330
del18,numvc,40.7880,79331
del18,numvc,40.7950,79332
del18,numvc,40.8040,79333
del18,numvc,40.8130,79334
del18,numvc,40.8200,79335
del18,numvc,40.8430,79336
del18,numvc,40.8470,79337
del18,numvc,40.8490,79338
del18,numvc,40.8770,79339
del18,numvc,40.8800,79340
del18,numvc,40.8890,79341
del18,numvc,40.8960,79342
del18,numvc,40.9030,79343
del18,numvc,40.9050,79344
del18,numvc,40.9140,79345
del18,numvc,40.9350,79346
del18,numvc,40.9530,79347
del18,numvc,40.9580,79348
del18,numvc,40.9630,79349
del18,numvc,40.9790,79350
del18,numvc,40.9860,79351
del18,numvc,41.0060,79352
del18,numvc,41.0340,79353
del18,numvc,41.0470,79354
del18,numvc,41.0490,79355
del18,numvc,41.0550,79356
del18,numvc,41.0600,79357
del18,numvc,41.0970,79358
del18,numvc,41.1000,79359
del18,numvc,41.1090,79360
del18,numvc,41.1120,79361
del18,numvc,41.1140,79362
del18,numvc,41.1230,79363
del18,numvc,41.1290,79364
del18,numvc,41.1420,79365
del18,numvc,41.1520,79366
del18,numvc,41.1930,79367
del18,numvc,41.1970,79368
del18,numvc,41.2040,79369
del18,numvc,41.2080,79370
del18,numvc,41.2120,79371
del18,numvc,41.2160,79372
del18,numvc,41.2180,79373
del18,numvc,41.2240,79374
del18,numvc,41.2330,79375
del18,numvc,41.2440,79376
del18,numvc,41.2470,79377
del18,numvc,41.2550,79378
del18,numvc,41.2710,79379
del18,numvc,41.2780,79380
del18,numvc,41.2850,79381
del18,numvc,41.3090,79382
del18,numvc,41.3140,79383
del18,numvc,41.3220,79384
del18,numvc,41.3250,79385
del18,numvc,41.3340,79386
del18,numvc,41.3450,79387
del18,numvc,41.3750,79388
del18,numvc,41.3810,79389
del18,numvc,41.3850,79390
del18,numvc,41.3890,79391
del18,numvc,41.3990,79392
del18,numvc,41.4060,79393
del18,numvc,41.4130,79394
del18,numvc,41.4160,79395
del18,numvc,41.4200,79396
del18,numvc,41.4360,79397
del18,numvc,41.4410,79398
del18,numvc,41.4460,79399
del18,numvc,41.4630,79400
del18,numvc,41.4680,79401
del18,numvc,41.4860,79402
del18,numvc,41.4900,79403
del18,numvc,41.5080,79404
del18,numvc,41.5180,79405
del18,numvc,41.5350,79406
del18,numvc,41.5390,79407
del18,numvc,41.5460,79408
del18,numvc,41.5610,79409
del18,numvc,41.5740,79410
del18,numvc,41.5850,79411
del18,numvc,41.5930,79412
del18,numvc,41.5960,79413
del18,numvc,41.6080,79414
del18,numvc,41.6180,79415
del18,numvc,41.6410,79416
del18,numvc,41.6550,79417
del18,numvc,41.6650,79418
del18,numvc,41.6910,79419
del18,numvc,41.6980,79420
del18,numvc,41.7080,79421
del18,numvc,41.7170,79422
del18,numvc,41.7250,79423
del18,numvc,41.7330,79424
del18,numvc,41.7500,79425
del18,numvc,41.7560,79426
del18,numvc,41.7590,79427
del18,numvc,41.7690,79428
del18,numvc,41.7890,79429
del18,numvc,41.7980,79430
del18,numvc,41.8040,79431
del18,numvc,41.8200,79432
del18,numvc,41.8230,79433
del18,numvc,41.8280,79434
del18,numvc,41.8400,79435
del18,numvc,41.8480,79436
del18,numvc,41.8550,79437
del18,numvc,41.8710,79438
del18,numvc,41.8810,79439
del18,numvc,41.8990,79440
del18,numvc,41.9030,79441
del18,numvc,41.9290,79442
del18,numvc,41.9410,79443
del18,numvc,41.9480,79444
del18,numvc,41.9500,79445
del18,numvc,41.9590,79446
del18,numvc,41.9950,79447
del18,numvc,42.0000,79448
del18,numvc,42.0020,79449
del18,numvc,42.0190,79450
del18,numvc,42.0340,79451
del18,numvc,42.0410,79452
del18,numvc,42.0500,79453
del18,numvc,42.0620,79454
del18,numvc,42.0690,79455
del18,numvc,42.0710,79456
del18,numvc,42.0750,79457
del18,numvc,42.0880,79458
del18,numvc,42.1000,79459
del18,numvc,42.1060,79460
del18,numvc,42.1330,79461
del18,numvc,42.1560,79462
del18,numvc,42.1650,79463
del18,numvc,42.1830,79464
del18,numvc,42.2060,79465
del18,numvc,42.2090,79466
del18,numvc,42.2200,79467
del18,numvc,42.2220,79468
del18,numvc,42.2370,79469
del18,numvc,42.2440,79470
del18,numvc,42.2460,79471
del18,numvc,42.2580,79472
del18,numvc,42.2660,79473
del18,numvc,42.2890,79474
del18,numvc,42.2930,79475
del18,numvc,42.3000,79476
del18,numvc,42.3030,79477
del18,numvc,42.3060,79478
del18,numvc,42.3260,79479
del18,numvc,42.3470,79480
del18,numvc,42.3510,79481
del18,numvc,42.3650,79482
del18,numvc,42.3720,79483
del18,numvc,42.3760,79484
del18,numvc,42.3870,79485
del18,numvc,42.3920,79486
del18,numvc,42.3960,79487
del18,numvc,42.4040,79488
del18,numvc,42.4260,79489
del18,numvc,42.4330,79490
del18,numvc,42.4360,79491
del18,numvc,42.4390,79492
del18,numvc,42.4450,79493
del18,numvc,42.4470,79494
del18,numvc,42.4530,79495
del18,numvc,42.4600,79496
del18,numvc,42.4710,79497
del18,numvc,42.4770,79498
del18,numvc,42.4830,79499
del18,numvc,42.4870,79500
del18,numvc,42.4980,79501
del18,numvc,42.5000,79502
del18,numvc,42.5100,79503
del18,numvc,42.5160,79504
del18,numvc,42.5330,79505
del18,numvc,42.5350,79506
del18,numvc,42.5440,79507
del18,numvc,42.5550,79508
del18,numvc,42.5750,79509
del18,numvc,42.5780,79510
del18,numvc,42.5840,79511
del18,numvc,42.5890,79512
del18,numvc,42.5970,79513
del18,numvc,42.6070,79514
del18,numvc,42.6230,79515
del18,numvc,42.6250,79516
del18,numvc,42.6340,79517
del18,numvc,42.6410,79518
del18,numvc,42.6430,79519
del18,numvc,42.6520,79520
del18,numvc,42.6730,79521
del18,numvc,42.7000,79522
del18,numvc,42.7020,79523
del18,numvc,42.7070,79524
del18,numvc,42.7140,79525
del18,numvc,42.7350,79526
del18,numvc,42.7520,79527
del18,numvc,42.7640,79528
del18,numvc,42.7770,79529
del18,numvc,42.7800,79530
del18,numvc,42.7830,79531
del18,numvc,42.7950,79532
del18,numvc,42.8090,79533
del18,numvc,42.8180,79534
del18,numvc,42.8310,79535
del18,numvc,42.8400,79536
del18,numvc,42.8460,79537
del18,numvc,42.8520,79538
del18,numvc,42.8780,79539
del18,numvc,42.8920,79540
del18,numvc,42.8970,79541
del18,numvc,42.9000,79542
del18,numvc,42.9140,79543
del18,numvc,42.9220,79544
del18,numvc,42.9510,79545
del18,numvc,42.9790,79546
del18,numvc,42.9910,79547
del18,numvc,43.0330,79548
del18,numvc,43.0530,79549
del18,numvc,43.0560,79550
del18,numvc,43.0590,79551
del18,numvc,43.0610,79552
del18,numvc,43.0710,79553
del18,numvc,43.0820,79554
del18,numvc,43.0890,79555
del18,numvc,43.0920,79556
del18,numvc,43.0980,79557
del18,numvc,43.1200,79558
del18,numvc,43.1360,79559
del18,numvc,43.1440,79560
del18,numvc,43.1710,79561
del18,numvc,43.1750,79562
del18,numvc,43.1840,79563
del18,numvc,43.1980,79564
del18,numvc,43.2040,79565
del18,numvc,43.2090,79566
del18,numvc,43.2220,79567
del18,numvc,43.2450,79568
del18,numvc,43.2570,79569
del18,numvc,43.2600,79570
del18,numvc,43.2790,79571
del18,numvc,43.2820,79572
del18,numvc,43.2840,79573
del18,numvc,43.2940,79574
del18,numvc,43.2980,79575
del18,numvc,43.3070,79576
del18,numvc,43.3230,79577
del18,numvc,43.3280,79578
del18,numvc,43.3350,79579
del18,numvc,43.3400,79580
del18,numvc,43.3650,79581
del18,numvc,43.3720,79582
del18,numvc,43.3780,79583
del18,numvc,43.3840,79584
del18,numvc,43.3990,79585
del18,numvc,43.4210,79586
del18,numvc,43.4300,79587
del18,numvc,43.4380,79588
del18,numvc,43.4440,79589
del18,numvc,43.4460,79590
del18,numvc,43.4540,79591
del18,numvc,43.4630,79592
del18,numvc,43.4850,79593
del18,numvc,43.4920,79594
del18,numvc,43.4960,79595
del18,numvc,43.5120,79596
del18,numvc,43.5200,79597
del18,numvc,43.5230,79598
del18,numvc,43.5280,79599
del18,numvc,43.5330,79600
del18,numvc,43.5380,79601
del18,numvc,43.5440,79602
del18,numvc,43.5460,79603
del18,numvc,43.5540,79604
del18,numvc,43.5560,79605
del18,numvc,43.5680,79606
del18,numvc,43.5970,79607
del18,numvc,43.6120,79608
del18,numvc,43.6200,79609
del18,numvc,43.6250,79610
del18,numvc,43.6350,79611
del18,numvc,43.6370,79612
del18,numvc,43.6540,79613
del18,numvc,43.6580,79614
del18,numvc,43.6640,79615
del18,numvc,43.6700,79616
del18,numvc,43.6780,79617
del18,numvc,43.6830,79618
del18,numvc,43.6880,79619
del18,numvc,43.6910,79620
del18,numvc,43.6950,79621
del18,numvc,43.7000,79622
del18,numvc,43.7050,79623
del18,numvc,43.7200,79624
del18,numvc,43.7280,79625
del18,numvc,43.7450,79626
del18,numvc,43.7490,79627
del18,numvc,43.7550,79628
del18,numvc,43.7610,79629
del18,numvc,43.7690,79630
del18,numvc,43.7730,79631
del18,numvc,43.7910,79632
del18,numvc,43.7980,79633
del18,numvc,43.8150,79634
del18,numvc,43.8300,79635
del18,numvc,43.8550,79636
del18,numvc,43.8580,79637
del18,numvc,43.8670,79638
del18,numvc,43.8740,79639
del18,numvc,43.8760,79640
del18,numvc,43.8970,79641
del18,numvc,43.9040,79642
del18,numvc,43.9250,79643
del18,numvc,43.9290,79644
del18,numvc,43.9400,79645
del18,numvc,43.9570,79646
del18,numvc,43.9880,79647
del18,numvc,44.0030,79648
del18,numvc,44.0140,79649
del18,numvc,44.0190,79650
del18,numvc,44.0220,79651
del18,numvc,44.0290,79652
del18,numvc,44.0390,79653
del18,numvc,44.0500,79654
del18,numvc,44.0850,79655
del18,numvc,44.1010,79656
del18,numvc,44.1030,79657
del18,numvc,44.1110,79658
del18,numvc,44.1150,79659
del18,numvc,44.1270,79660
del18,numvc,44.1420,79661
del18,numvc,44.1480,79662
del18,numvc,44.1560,79663
del18,numvc,44.1590,79664
del18,numvc,44.1650,79665
del18,numvc,44.1710,79666
del18,numvc,44.1790,79667
del18,numvc,44.1900,79668
del18,numvc,44.1930,79669
del18,numvc,44.2130,79670
del18,numvc,44.2170,79671
del18,numvc,44.2190,79672
del18,numvc,44.2420,79673
del18,numvc,44.2440,79674
del18,numvc,44.2510,79675
del18,numvc,44.2720,79676
del18,numvc,44.2790,79677
del18,numvc,44.2890,79678
del18,numvc,44.3220,79679
del18,numvc,44.3350,79680
del18,numvc,44.3390,79681
del18,numvc,44.3490,79682
del18,numvc,44.3800,79683
del18,numvc,44.3880,79684
del18,numvc,44.3960,79685
del18,numvc,44.4080,79686
del18,numvc,44.4150,79687
del18,numvc,44.4220,79688
del18,numvc,44.4250,79689
del18,numvc,44.4300,79690
del18,numvc,44.4340,79691
del18,numvc,44.4500,79692
del18,numvc,44.4660,79693
del18,numvc,44.4680,79694
del18,numvc,44.4720,79695
del18,numvc,44.4750,79696
del18,numvc,44.4880,79697
del18,numvc,44.4930,79698
del18,numvc,44.4950,79699
del18,numvc,44.5010,79700
del18,numvc,44.5230,79701
del18,numvc,44.5300,79702
del18,numvc,44.5330,79703
del18,numvc,44.5550,79704
del18,numvc,44.5680,79705
del18,numvc,44.5890,79706
del18,numvc,44.6050,79707
del18,numvc,44.6290,79708
del18,numvc,44.6340,79709
del18,numvc,44.6420,79710
del18,numvc,44.6500,79711
del18,numvc,44.6780,79712
del18,numvc,44.6900,79713
del18,numvc,44.7040,79714
del18,numvc,44.7220,79715
del18,numvc,44.7340,79716
del18,numvc,44.7410,79717
del18,numvc,44.7460,79718
del18,numvc,44.7490,79719
del18,numvc,44.7550,79720
del18,numvc,44.7620,79721
del18,numvc,44.7790,79722
del18,numvc,44.7970,79723
del18,numvc,44.8090,79724
del18,numvc,44.8200,79725
del18,numvc,44.8330,79726
del18,numvc,44.8410,79727
del18,numvc,44.8500,79728
del18,numvc,44.8610,79729
del18,numvc,44.8700,79730
del18,numvc,44.8730,79731
del18,numvc,44.8890,79732
del18,numvc,44.8910,79733
del18,numvc,44.9030,79734
del18,numvc,44.9050,79735
del18,numvc,44.9090,79736
del18,numvc,44.9110,79737
del18,numvc,44.9190,79738
del18,numvc,44.9270,79739
del18,numvc,44.9360,79740
del18,numvc,44.9420,79741
del18,numvc,44.9440,79742
del18,numvc,44.9580,79743
del18,numvc,44.9670,79744
del18,numvc,44.9930,79745
del18,numvc,45.0080,79746
del18,numvc,45.0120,79747
del18,numvc,45.0260,79748
del18,numvc,45.0310,79749
del18,numvc,45.0380,79750
del18,numvc,45.0550,79751
del18,numvc,45.0680,79752
del18,numvc,45.0710,79753
del18,numvc,45.0740,79754
del18,numvc,45.0810,79755
del18,numvc,45.0910,79756
del18,numvc,45.1020,79757
del18,numvc,45.1210,79758
del18,numvc,45.1330,79759
del18,numvc,45.1390,79760
del18,numvc,45.1500,79761
del18,numvc,45.1800,79762
del18,numvc,45.1840,79763
del18,numvc,45.1910,79764
del18,numvc,45.2080,79765
del18,numvc,45.2120,79766
del18,numvc,45.2420,79767
del18,numvc,45.2460,79768
del18,numvc,45.2860,79769
del18,numvc,45.2910,79770
del18,numvc,45.2950,79771
del18,numvc,45.3080,79772
del18,numvc,45.3130,79773
del18,numvc,45.3320,79774
del18,numvc,45.3530,79775
del18,numvc,45.3590,79776
del18,numvc,45.3620,79777
del18,numvc,45.3680,79778
del18,numvc,45.4240,79779
del18,numvc,45.4330,79780
del18,numvc,45.4370,79781
del18,numvc,45.4480,79782
del18,numvc,45.4510,79783
del18,numvc,45.4610,79784
del18,numvc,45.4860,79785
del18,numvc,45.5150,79786
del18,numvc,45.5240,79787
del18,numvc,45.5330,79788
del18,numvc,45.5360,79789
del18,numvc,45.5590,79790
del18,numvc,45.5630,79791
del18,numvc,45.5890,79792
del18,numvc,45.6060,79793
del18,numvc,45.6100,79794
del18,numvc,45.6190,79795
del18,numvc,45.6210,79796
del18,numvc,45.6270,79797
del18,numvc,45.6310,79798
del18,numvc,45.6460,79799
del18,numvc,45.6480,79800
del18,numvc,45.6540,79801
del18,numvc,45.6590,79802
del18,numvc,45.6610,79803
del18,numvc,45.6640,79804
del18,numvc,45.6700,79805
del18,numvc,45.6720,79806
del18,numvc,45.6780,79807
del18,numvc,45.6830,79808
del18,numvc,45.6860,79809
del18,numvc,45.6880,79810
del18,numvc,45.6980,79811
del18,numvc,45.7030,79812
del18,numvc,45.7100,79813
del18,numvc,45.7180,79814
del18,numvc,45.7510,79815
del18,numvc,45.7550,79816
del18,numvc,45.7710,79817
del18,numvc,45.7990,79818
del18,numvc,45.8060,79819
del18,numvc,45.8240,79820
del18,numvc,45.8280,79821
del18,numvc,45.8380,79822
del18,numvc,45.8430,79823
del18,numvc,45.8510,79824
del18,numvc,45.8980,79825
del18,numvc,45.9020,79826
del18,numvc,45.9070,79827
del18,numvc,45.9140,79828
del18,numvc,45.9260,79829
del18,numvc,45.9320,79830
del18,numvc,45.9360,79831
del18,numvc,45.9390,79832
del18,numvc,45.9510,79833
del18,numvc,45.9540,79834
del18,numvc,45.9630,79835
del18,numvc,45.9720,79836
del18,numvc,45.9820,79837
del18,numvc,45.9890,79838
del18,numvc,45.9920,79839
del18,numvc,46.0100,79840
del18,numvc,46.0160,79841
del18,numvc,46.0210,79842
del18,numvc,46.0290,79843
del18,numvc,46.0340,79844
del18,numvc,46.0380,79845
del18,numvc,46.0410,79846
del18,numvc,46.0670,79847
del18,numvc,46.0710,79848
del18,numvc,46.0810,79849
del18,numvc,46.0930,79850
del18,numvc,46.1070,79851
del18,numvc,46.1130,79852
del18,numvc,46.1170,79853
del18,numvc,46.1270,79854
del18,numvc,46.1300,79855
del18,numvc,46.1320,79856
del18,numvc,46.1370,79857
del18,numvc,46.1590,79858
del18,numvc,46.1650,79859
del18,numvc,46.1690,79860
del18,numvc,46.1850,79861
del18,numvc,46.2020,79862
del18,numvc,46.2090,79863
del18,numvc,46.2140,79864
del18,numvc,46.2170,79865
del18,numvc,46.2200,79866
del18,numvc,46.2260,79867
del18,numvc,46.2280,79868
del18,numvc,46.2300,79869
del18,numvc,46.2360,79870
del18,numvc,46.2440,79871
del18,numvc,46.2510,79872
del18,numvc,46.2770,79873
del18,numvc,46.2820,79874
del18,numvc,46.2850,79875
del18,numvc,46.2890,79876
del18,numvc,46.3080,79877
del18,numvc,46.3110,79878
del18,numvc,46.3140,79879
del18,numvc,46.3310,79880
del18,numvc,46.3380,79881
del18,numvc,46.3430,79882
del18,numvc,46.3680,79883
del18,numvc,46.3720,79884
del18,numvc,46.4000,79885
del18,numvc,46.4040,79886
del18,numvc,46.4100,79887
del18,numvc,46.4120,79888
del18,numvc,46.4150,79889
del18,numvc,46.4190,79890
del18,numvc,46.4330,79891
del18,numvc,46.4380,79892
del18,numvc,46.4410,79893
del18,numvc,46.4580,79894
del18,numvc,46.4810,79895
del18,numvc,46.4910,79896
del18,numvc,46.5110,79897
del18,numvc,46.5140,79898
del18,numvc,46.5170,79899
del18,numvc,46.5430,79900
del18,numvc,46.5610,79901
del18,numvc,46.5680,79902
del18,numvc,46.5790,79903
del18,numvc,46.5860,79904
del18,numvc,46.6000,79905
del18,numvc,46.6120,79906
del18,numvc,46.6230,79907
del18,numvc,46.6410,79908
del18,numvc,46.6480,79909
del18,numvc,46.6520,79910
del18,numvc,46.6850,79911
del18,numvc,46.6900,79912
del18,numvc,46.6970,79913
del18,numvc,46.7000,79914
del18,numvc,46.7030,79915
del18,numvc,46.7050,79916
del18,numvc,46.7150,79917
del18,numvc,46.7180,79918
del18,numvc,46.7210,79919
del18,numvc,46.7250,79920
del18,numvc,46.7380,79921
del18,numvc,46.7820,79922
del18,numvc,46.7850,79923
del18,numvc,46.7980,79924
del18,numvc,46.8010,79925
del18,numvc,46.8080,79926
del18,numvc,46.8230,79927
del18,numvc,46.8430,79928
del18,numvc,46.8540,79929
del18,numvc,46.8630,79930
del18,numvc,46.8850,79931
del18,numvc,46.8980,79932
del18,numvc,46.9020,79933
del18,numvc,46.9140,79934
del18,numvc,46.9200,79935
del18,numvc,46.9280,79936
del18,numvc,46.9340,79937
del18,numvc,46.9430,79938
del18,numvc,46.9470,79939
del18,numvc,46.9750,79940
del18,numvc,46.9870,79941
del18,numvc,46.9900,79942
del18,numvc,46.9990,79943
del18,numvc,47.0100,79944
del18,numvc,47.0280,79945
del18,numvc,47.0330,79946
del18,numvc,47.0440,79947
del18,numvc,47.0540,79948
del18,numvc,47.0630,79949
del18,numvc,47.0740,79950
del18,numvc,47.0780,79951
del18,numvc,47.0810,79952
del18,numvc,47.0840,79953
del18,numvc,47.0880,79954
del18,numvc,47.0950,79955
del18,numvc,47.1020,79956
del18,numvc,47.1140,79957
del18,numvc,47.1170,79958
del18,numvc,47.1220,79959
del18,numvc,47.1250,79960
del18,numvc,47.1300,79961
del18,numvc,47.1360,79962
del18,numvc,47.1390,79963
del18,numvc,47.1570,79964
del18,numvc,47.1630,79965
del18,numvc,47.1690,79966
del18,numvc,47.1740,79967
del18,numvc,47.1810,79968
del18,numvc,47.1950,79969
del18,numvc,47.2030,79970
del18,numvc,47.2080,79971
del18,numvc,47.2180,79972
del18,numvc,47.2250,79973
del18,numvc,47.2280,79974
del18,numvc,47.2350,79975
del18,numvc,47.2410,79976
del18,numvc,47.2680,79977
del18,numvc,47.2710,79978
del18,numvc,47.2770,79979
del18,numvc,47.2880,79980
del18,numvc,47.2910,79981
del18,numvc,47.3060,79982
del18,numvc,47.3150,79983
del18,numvc,47.3250,79984
del18,numvc,47.3290,79985
del18,numvc,47.3340,79986
del18,numvc,47.3420,79987
del18,numvc,47.3610,79988
del18,numvc,47.3670,79989
del18,numvc,47.3730,79990
del18,numvc,47.3810,79991
del18,numvc,47.4050,79992
del18,numvc,47.4120,79993
del18,numvc,47.4160,79994
del18,numvc,47.4230,79995
del18,numvc,47.4330,79996
del18,numvc,47.4410,79997
del18,numvc,47.4450,79998
del18,numvc,47.4490,79999
del18,numvc,47.4580,80000
del18,numvc,47.4880,80001
del18,numvc,47.5090,80002
del18,numvc,47.5150,80003
del18,numvc,47.5240,80004
del18,numvc,47.5390,80005
del18,numvc,47.5540,80006
del18,numvc,47.5580,80007
del18,numvc,47.5720,80008
del18,numvc,47.5820,80009
del18,numvc,47.5890,80010
del18,numvc,47.5920,80011
del18,numvc,47.5970,80012
del18,numvc,47.6060,80013
del18,numvc,47.6180,80014
del18,numvc,47.6200,80015
del18,numvc,47.6240,80016
del18,numvc,47.6270,80017
del18,numvc,47.6290,80018
del18,numvc,47.6320,80019
del18,numvc,47.6360,80020
del18,numvc,47.6440,80021
del18,numvc,47.6510,80022
del18,numvc,47.6570,80023
del18,numvc,47.6710,80024
del18,numvc,47.6810,80025
del18,numvc,47.6910,80026
del18,numvc,47.7030,80027
del18,numvc,47.7060,80028
del18,numvc,47.7100,80029
del18,numvc,47.7160,80030
del18,numvc,47.7410,80031
del18,numvc,47.7480,80032
del18,numvc,47.7550,80033
del18,numvc,47.7740,80034
del18,numvc,47.7840,80035
del18,numvc,47.7870,80036
del18,numvc,47.8010,80037
del18,numvc,47.8100,80038
del18,numvc,47.8340,80039
del18,numvc,47.8400,80040
del18,numvc,47.8600,80041
del18,numvc,47.8620,80042
del18,numvc,47.8680,80043
del18,numvc,47.8740,80044
del18,numvc,47.8830,80045
del18,numvc,47.9080,80046
del18,numvc,47.9260,80047
del18,numvc,47.9400,80048
del18,numvc,47.9440,80049
del18,numvc,47.9540,80050
del18,numvc,47.9770,80051
del18,numvc,47.9810,80052
del18,numvc,47.9890,80053
del18,numvc,48.0040,80054
del18,numvc,48.0060,80055
del18,numvc,48.0250,80056
del18,numvc,48.0280,80057
del18,numvc,48.0340,80058
del18,numvc,48.0570,80059
del18,numvc,48.0960,80060
del18,numvc,48.1020,80061
del18,numvc,48.1070,80062
del18,numvc,48.1140,80063
del18,numvc,48.1320,80064
del18,numvc,48.1480,80065
del18,numvc,48.1550,80066
del18,numvc,48.1630,80067
del18,numvc,48.1700,80068
del18,numvc,48.1750,80069
del18,numvc,48.1970,80070
del18,numvc,48.2240,80071
del18,numvc,48.2290,80072
del18,numvc,48.2340,80073
del18,numvc,48.2400,80074
del18,numvc,48.2790,80075
del18,numvc,48.2870,80076
del18,numvc,48.2910,80077
del18,numvc,48.3110,80078
del18,numvc,48.3180,80079
del18,numvc,48.3210,80080
del18,numvc,48.3240,80081
del18,numvc,48.3310,80082
del18,numvc,48.3420,80083
del18,numvc,48.3540,80084
del18,numvc,48.3610,80085
del18,numvc,48.3710,80086
del18,numvc,48.3780,80087
del18,numvc,48.3880,80088
del18,numvc,48.3900,80089
del18,numvc,48.4050,80090
del18,numvc,48.4090,80091
del18,numvc,48.4230,80092
del18,numvc,48.4260,80093
del18,numvc,48.4310,80094
del18,numvc,48.4380,80095
del18,numvc,48.4410,80096
del18,numvc,48.4460,80097
del18,numvc,48.4540,80098
del18,numvc,48.4670,80099
del18,numvc,48.4710,80100
del18,numvc,48.4830,80101
del18,numvc,48.4860,80102
del18,numvc,48.4980,80103
del18,numvc,48.5000,80104
del18,numvc,48.5030,80105
del18,numvc,48.5140,80106
del18,numvc,48.5420,80107
del18,numvc,48.5440,80108
del18,numvc,48.5580,80109
del18,numvc,48.5600,80110
del18,numvc,48.5670,80111
del18,numvc,48.5770,80112
del18,numvc,48.5850,80113
del18,numvc,48.6000,80114
del18,numvc,48.6050,80115
del18,numvc,48.6170,80116
del18,numvc,48.6300,80117
del18,numvc,48.6330,80118
del18,numvc,48.6570,80119
del18,numvc,48.6710,80120
del18,numvc,48.6740,80121
del18,numvc,48.6930,80122
del18,numvc,48.6980,80123
del18,numvc,48.7010,80124
del18,numvc,48.7030,80125
del18,numvc,48.7100,80126
del18,numvc,48.7120,80127
del18,numvc,48.7170,80128
del18,numvc,48.7290,80129
del18,numvc,48.7390,80130
del18,numvc,48.7430,80131
del18,numvc,48.7660,80132
del18,numvc,48.7870,80133
del18,numvc,48.7910,80134
del18,numvc,48.8050,80135
del18,numvc,48.8110,80136
del18,numvc,48.8130,80137
del18,numvc,48.8240,80138
del18,numvc,48.8270,80139
del18,numvc,48.8320,80140
del18,numvc,48.8380,80141
del18,numvc,48.8680,80142
del18,numvc,48.8700,80143
del18,numvc,48.8830,80144
del18,numvc,48.8960,80145
del18,numvc,48.9010,80146
del18,numvc,48.9130,80147
del18,numvc,48.9170,80148
del18,numvc,48.9290,80149
del18,numvc,48.9340,80150
del18,numvc,48.9400,80151
del18,numvc,48.9700,80152
del18,numvc,48.9740,80153
del18,numvc,48.9780,80154
del18,numvc,48.9800,80155
del18,numvc,49.0020,80156
del18,numvc,49.0050,80157
del18,numvc,49.0240,80158
del18,numvc,49.0280,80159
del18,numvc,49.0360,80160
del18,numvc,49.0390,80161
del18,numvc,49.0420,80162
del18,numvc,49.0460,80163
del18,numvc,49.0530,80164
del18,numvc,49.0750,80165
del18,numvc,49.0890,80166
del18,numvc,49.0920,80167
del18,numvc,49.0990,80168
del18,numvc,49.1070,80169
del18,numvc,49.1240,80170
del18,numvc,49.1320,80171
del18,numvc,49.1450,80172
del18,numvc,49.1560,80173
del18,numvc,49.1580,80174
del18,numvc,49.1610,80175
del18,numvc,49.1640,80176
del18,numvc,49.1700,80177
del18,numvc,49.1870,80178
del18,numvc,49.1920,80179
del18,numvc,49.1950,80180
del18,numvc,49.2290,80181
del18,numvc,49.2330,80182
del18,numvc,49.2420,80183
del18,numvc,49.2470,80184
del18,numvc,49.2660,80185
del18,numvc,49.2800,80186
del18,numvc,49.2870,80187
del18,numvc,49.2890,80188
del18,numvc,49.2940,80189
del18,numvc,49.3040,80190
del18,numvc,49.3070,80191
del18,numvc,49.3190,80192
del18,numvc,49.3270,80193
del18,numvc,49.3300,80194
del18,numvc,49.3340,80195
del18,numvc,49.3480,80196
del18,numvc,49.3530,80197
del18,numvc,49.3720,80198
del18,numvc,49.3760,80199
del18,numvc,49.4050,80200
del18,numvc,49.4180,80201
del18,numvc,49.4220,80202
del18,numvc,49.4390,80203
del18,numvc,49.4500,80204
del18,numvc,49.4560,80205
del18,numvc,49.4630,80206
del18,numvc,49.4850,80207
del18,numvc,49.4910,80208
del18,numvc,49.5020,80209
del18,numvc,49.5150,80210
del18,numvc,49.5390,80211
del18,numvc,49.5410,80212
del18,numvc,49.5540,80213
del18,numvc,49.5590,80214
del18,numvc,49.5630,80215
del18,numvc,49.5710,80216
del18,numvc,49.5780,80217
del18,numvc,49.5880,80218
del18,numvc,49.5970,80219
del18,numvc,49.6060,80220
del18,numvc,49.6160,80221
del18,numvc,49.6270,80222
del18,numvc,49.6370,80223
del18,numvc,49.6460,80224
del18,numvc,49.6480,80225
del18,numvc,49.6590,80226
del18,numvc,49.6670,80227
del18,numvc,49.6710,80228
del18,numvc,49.6790,80229
del18,numvc,49.6840,80230
del18,numvc,49.6900,80231
del18,numvc,49.6970,80232
del18,numvc,49.7020,80233
del18,numvc,49.7090,80234
del18,numvc,49.7190,80235
del18,numvc,49.7310,80236
del18,numvc,49.7390,80237
del18,numvc,49.7490,80238
del18,numvc,49.7550,80239
del18,numvc,49.7620,80240
del18,numvc,49.7650,80241
del18,numvc,49.7910,80242
del18,numvc,49.8060,80243
del18,numvc,49.8130,80244
del18,numvc,49.8190,80245
del18,numvc,49.8540,80246
del18,numvc,49.8600,80247
del18,numvc,49.8640,80248
del18,numvc,49.8660,80249
del18,numvc,49.8790,80250
del18,numvc,49.8900,80251
del18,numvc,49.9030,80252
del18,numvc,49.9090,80253
del18,numvc,49.9250,80254
del18,numvc,49.9280,80255
del18,numvc,49.9380,80256
del18,numvc,49.9570,80257
del18,numvc,49.9680,80258
del18,numvc,49.9780,80259
del18,numvc,49.9850,80260
del18,numvc,49.9990,80261
del18,numvc,50.0050,80262
del18,numvc,50.0310,80263
del18,numvc,50.0460,80264
del18,numvc,50.0490,80265
del18,numvc,50.0530,80266
del18,numvc,50.0590,80267
del18,numvc,50.0700,80268
del18,numvc,50.0730,80269
del18,numvc,50.0850,80270
del18,numvc,50.0900,80271
del18,numvc,50.0990,80272
del18,numvc,50.1180,80273
del18,numvc,50.1290,80274
del18,numvc,50.1420,80275
del18,numvc,50.1440,80276
del18,numvc,50.1640,80277
del18,numvc,50.1660,80278
del18,numvc,50.1700,80279
del18,numvc,50.1710,80280
del18,numvc,50.1790,80281
del18,numvc,50.1840,80282
del18,numvc,50.1890,80283
del18,numvc,50.1920,80284
del18,numvc,50.2000,80285
del18,numvc,50.2170,80286
del18,numvc,50.2230,80287
del18,numvc,50.2270,80288
del18,numvc,50.2400,80289
del18,numvc,50.2460,80290
del18,numvc,50.2640,80291
del18,numvc,50.2730,80292
del18,numvc,50.2920,80293
del18,numvc,50.3030,80294
del18,numvc,50.3060,80295
del18,numvc,50.3160,80296
del18,numvc,50.3180,80297
del18,numvc,50.3300,80298
del18,numvc,50.3560,80299
del18,numvc,50.3680,80300
del18,numvc,50.3750,80301
del18,numvc,50.3900,80302
del18,numvc,50.3940,80303
del18,numvc,50.4030,80304
del18,numvc,50.4200,80305
del18,numvc,50.4240,80306
del18,numvc,50.4450,80307
del18,numvc,50.4560,80308
del18,numvc,50.4750,80309
del18,numvc,50.4840,80310
del18,numvc,50.5030,80311
del18,numvc,50.5120,80312
del18,numvc,50.5150,80313
del18,numvc,50.5270,80314
del18,numvc,50.5330,80315
del18,numvc,50.5420,80316
del18,numvc,50.5450,80317
del18,numvc,50.5560,80318
del18,numvc,50.5880,80319
del18,numvc,50.5930,80320
del18,numvc,50.5980,80321
del18,numvc,50.6070,80322
del18,numvc,50.6130,80323
del18,numvc,50.6290,80324
del18,numvc,50.6350,80325
del18,numvc,50.6390,80326
del18,numvc,50.6450,80327
del18,numvc,50.6600,80328
del18,numvc,50.6670,80329
del18,numvc,50.6770,80330
del18,numvc,50.6900,80331
del18,numvc,50.6980,80332
del18,numvc,50.7170,80333
del18,numvc,50.7210,80334
del18,numvc,50.7320,80335
del18,numvc,50.7550,80336
del18,numvc,50.7650,80337
del18,numvc,50.7680,80338
del18,numvc,50.7850,80339
del18,numvc,50.8010,80340
del18,numvc,50.8160,80341
del18,numvc,50.8340,80342
del18,numvc,50.8460,80343
del18,numvc,50.8630,80344
del18,numvc,50.8700,80345
del18,numvc,50.9210,80346
del18,numvc,50.9240,80347
del18,numvc,50.9390,80348
del18,numvc,50.9460,80349
del18,numvc,50.9500,80350
del18,numvc,50.9530,80351
del18,numvc,50.9590,80352
del18,numvc,50.9710,80353
del18,numvc,50.9730,80354
del18,numvc,50.9760,80355
del18,numvc,50.9800,80356
del18,numvc,50.9980,80357
del18,numvc,51.0060,80358
del18,numvc,51.0230,80359
del18,numvc,51.0280,80360
del18,numvc,51.0480,80361
del18,numvc,51.0500,80362
del18,numvc,51.0710,80363
del18,numvc,51.0780,80364
del18,numvc,51.0930,80365
del18,numvc,51.1140,80366
del18,numvc,51.1200,80367
del18,numvc,51.1310,80368
del18,numvc,51.1360,80369
del18,numvc,51.1390,80370
del18,numvc,51.1520,80371
del18,numvc,51.1570,80372
del18,numvc,51.1710,80373
del18,numvc,51.1740,80374
del18,numvc,51.2330,80375
del18,numvc,51.2350,80376
del18,numvc,51.2520,80377
del18,numvc,51.2640,80378
del18,numvc,51.2710,80379
del18,numvc,51.2830,80380
del18,numvc,51.2860,80381
del18,numvc,51.2990,80382
del18,numvc,51.3080,80383
del18,numvc,51.3130,80384
del18,numvc,51.3180,80385
del18,numvc,51.3260,80386
del18,numvc,51.3280,80387
del18,numvc,51.3310,80388
del18,numvc,51.3340,80389
del18,numvc,51.3440,80390
del18,numvc,51.3530,80391
del18,numvc,51.3650,80392
del18,numvc,51.3720,80393
del18,numvc,51.3840,80394
del18,numvc,51.4190,80395
del18,numvc,51.4290,80396
del18,numvc,51.4320,80397
del18,numvc,51.4380,80398
del18,numvc,51.4590,80399
del18,numvc,51.4630,80400
del18,numvc,51.4700,80401
del18,numvc,51.4760,80402
del18,numvc,51.5010,80403
del18,numvc,51.5180,80404
del18,numvc,51.5220,80405
del18,numvc,51.5370,80406
del18,numvc,51.5420,80407
del18,numvc,51.5690,80408
del18,numvc,51.5830,80409
del18,numvc,51.5860,80410
del18,numvc,51.5980,80411
del18,numvc,51.6070,80412
del18,numvc,51.6090,80413
del18,numvc,51.6360,80414
del18,numvc,51.6520,80415
del18,numvc,51.6620,80416
del18,numvc,51.6690,80417
del18,numvc,51.6820,80418
del18,numvc,51.6990,80419
del18,numvc,51.7150,80420
del18,numvc,51.7200,80421
del18,numvc,51.7270,80422
del18,numvc,51.7320,80423
del18,numvc,51.7570,80424
del18,numvc,51.7770,80425
del18,numvc,51.7910,80426
del18,numvc,51.7960,80427
del18,numvc,51.7990,80428
del18,numvc,51.8430,80429
del18,numvc,51.8530,80430
del18,numvc,51.8560,80431
del18,numvc,51.8740,80432
del18,numvc,51.8770,80433
del18,numvc,51.8900,80434
del18,numvc,51.9150,80435
del18,numvc,51.9180,80436
del18,numvc,51.9310,80437
del18,numvc,51.9330,80438
del18,numvc,51.9430,80439
del18,numvc,51.9610,80440
del18,numvc,51.9650,80441
del18,numvc,51.9800,80442
del18,numvc,51.9850,80443
del18,numvc,51.9920,80444
del18,numvc,52.0290,80445
del18,numvc,52.0580,80446
del18,numvc,52.0600,80447
del18,numvc,52.0630,80448
del18,numvc,52.0680,80449
del18,numvc,52.0800,80450
del18,numvc,52.0880,80451
del18,numvc,52.1000,80452
del18,numvc,52.1200,80453
del18,numvc,52.1490,80454
del18,numvc,52.1640,80455
del18,numvc,52.1820,80456
del18,numvc,52.1910,80457
del18,numvc,52.2100,80458
del18,numvc,52.2310,80459
del18,numvc,52.2350,80460
del18,numvc,52.2460,80461
del18,numvc,52.2490,80462
del18,numvc,52.2520,80463
del18,numvc,52.2700,80464
del18,numvc,52.2770,80465
del18,numvc,52.2950,80466
del18,numvc,52.3000,80467
del18,numvc,52.3120,80468
del18,numvc,52.3230,80469
del18,numvc,52.3280,80470
del18,numvc,52.3330,80471
del18,numvc,52.3460,80472
del18,numvc,52.3680,80473
del18,numvc,52.3740,80474
del18,numvc,52.3780,80475
del18,numvc,52.3830,80476
del18,numvc,52.3880,80477
del18,numvc,52.4020,80478
del18,numvc,52.4210,80479
del18,numvc,52.4320,80480
del18,numvc,52.4380,80481
del18,numvc,52.4420,80482
del18,numvc,52.4440,80483
del18,numvc,52.4480,80484
del18,numvc,52.4700,80485
del18,numvc,52.4750,80486
del18,numvc,52.5040,80487
del18,numvc,52.5080,80488
del18,numvc,52.5210,80489
del18,numvc,52.5230,80490
del18,numvc,52.5300,80491
del18,numvc,52.5320,80492
del18,numvc,52.5380,80493
del18,numvc,52.5420,80494
del18,numvc,52.5500,80495
del18,numvc,52.5530,80496
del18,numvc,52.5590,80497
del18,numvc,52.5680,80498
del18,numvc,52.5710,80499
del18,numvc,52.5890,80500
del18,numvc,52.5970,80501
del18,numvc,52.6010,80502
del18,numvc,52.6090,80503
del18,numvc,52.6270,80504
del18,numvc,52.6330,80505
del18,numvc,52.6470,80506
del18,numvc,52.6510,80507
del18,numvc,52.6540,80508
del18,numvc,52.6890,80509
del18,numvc,52.7040,80510
del18,numvc,52.7150,80511
del18,numvc,52.7250,80512
del18,numvc,52.7330,80513
del18,numvc,52.7380,80514
del18,numvc,52.7400,80515
del18,numvc,52.7570,80516
del18,numvc,52.7610,80517
del18,numvc,52.7880,80518
del18,numvc,52.8060,80519
del18,numvc,52.8100,80520
del18,numvc,52.8190,80521
del18,numvc,52.8270,80522
del18,numvc,52.8440,80523
del18,numvc,52.8480,80524
del18,numvc,52.8520,80525
del18,numvc,52.8630,80526
del18,numvc,52.8650,80527
del18,numvc,52.8690,80528
del18,numvc,52.9000,80529
del18,numvc,52.9070,80530
del18,numvc,52.9160,80531
del18,numvc,52.9210,80532
del18,numvc,52.9300,80533
del18,numvc,52.9380,80534
del18,numvc,52.9450,80535
del18,numvc,52.9590,80536
del18,numvc,52.9760,80537
del18,numvc,52.9800,80538
del18,numvc,53.0010,80539
del18,numvc,53.0110,80540
del18,numvc,53.0160,80541
del18,numvc,53.0190,80542
del18,numvc,53.0260,80543
del18,numvc,53.0440,80544
del18,numvc,53.0580,80545
del18,numvc,53.0810,80546
del18,numvc,53.0860,80547
del18,numvc,53.1060,80548
del18,numvc,53.1190,80549
del18,numvc,53.1340,80550
del18,numvc,53.1620,80551
del18,numvc,53.1640,80552
del18,numvc,53.1880,80553
del18,numvc,53.2000,80554
del18,numvc,53.2320,80555
del18,numvc,53.2370,80556
del18,numvc,53.2520,80557
del18,numvc,53.2690,80558
del18,numvc,53.2760,80559
del18,numvc,53.2830,80560
del18,numvc,53.2890,80561
del18,numvc,53.2920,80562
del18,numvc,53.3120,80563
del18,numvc,53.3180,80564
del18,numvc,53.3210,80565
del18,numvc,53.3540,80566
del18,numvc,53.3580,80567
del18,numvc,53.3720,80568
del18,numvc,53.3850,80569
del18,numvc,53.3990,80570
del18,numvc,53.4110,80571
del18,numvc,53.4150,80572
del18,numvc,53.4410,80573
del18,numvc,53.4440,80574
del18,numvc,53.4490,80575
del18,numvc,53.4680,80576
del18,numvc,53.4720,80577
del18,numvc,53.4870,80578
del18,numvc,53.4950,80579
del18,numvc,53.4990,80580
del18,numvc,53.5220,80581
del18,numvc,53.5280,80582
del18,numvc,53.5570,80583
del18,numvc,53.5640,80584
del18,numvc,53.5950,80585
del18,numvc,53.6020,80586
del18,numvc,53.6110,80587
del18,numvc,53.6150,80588
del18,numvc,53.6390,80589
del18,numvc,53.6470,80590
del18,numvc,53.6510,80591
del18,numvc,53.6620,80592
del18,numvc,53.6700,80593
del18,numvc,53.6870,80594
del18,numvc,53.7060,80595
del18,numvc,53.7110,80596
del18,numvc,53.7130,80597
del18,numvc,53.7190,80598
del18,numvc,53.7260,80599
del18,numvc,53.7360,80600
del18,numvc,53.7430,80601
del18,numvc,53.7490,80602
del18,numvc,53.7530,80603
del18,numvc,53.7630,80604
del18,numvc,53.7720,80605
del18,numvc,53.7930,80606
del18,numvc,53.8030,80607
del18,numvc,53.8110,80608
del18,numvc,53.8210,80609
del18,numvc,53.8280,80610
del18,numvc,53.8470,80611
del18,numvc,53.8600,80612
del18,numvc,53.8620,80613
del18,numvc,53.8770,80614
del18,numvc,53.8880,80615
del18,numvc,53.8940,80616
del18,numvc,53.9130,80617
del18,numvc,53.9260,80618
del18,numvc,53.9310,80619
del18,numvc,53.9350,80620
del18,numvc,53.9550,80621
del18,numvc,53.9640,80622
del18,numvc,53.9900,80623
del18,numvc,54.0010,80624
del18,numvc,54.0050,80625
del18,numvc,54.0240,80626
del18,numvc,54.0400,80627
del18,numvc,54.0580,80628
del18,numvc,54.0690,80629
del18,numvc,54.0720,80630
del18,numvc,54.0900,80631
del18,numvc,54.0950,80632
del18,numvc,54.0990,80633
del18,numvc,54.1030,80634
del18,numvc,54.1120,80635
del18,numvc,54.1230,80636
del18,numvc,54.1320,80637
del18,numvc,54.1410,80638
del18,numvc,54.1620,80639
del18,numvc,54.1700,80640
del18,numvc,54.1880,80641
del18,numvc,54.2010,80642
del18,numvc,54.2090,80643
del18,numvc,54.2210,80644
del18,numvc,54.2380,80645
del18,numvc,54.2540,80646
del18,numvc,54.2730,80647
del18,numvc,54.2820,80648
del18,numvc,54.2950,80649
del18,numvc,54.3750,80650
del18,numvc,54.3810,80651
del18,numvc,54.3850,80652
del18,numvc,54.4450,80653
del18,numvc,54.4500,80654
del18,numvc,54.4640,80655
del18,numvc,54.4670,80656
del18,numvc,54.4840,80657
del18,numvc,54.5090,80658
del18,numvc,54.5270,80659
del18,numvc,54.5410,80660
del18,numvc,54.5830,80661
del18,numvc,54.5950,80662
del18,numvc,54.6100,80663
del18,numvc,54.6550,80664
del18,numvc,54.6620,80665
del18,numvc,54.7080,80666
del18,numvc,54.7340,80667
del18,numvc,54.7380,80668
del18,numvc,54.7580,80669
del18,numvc,54.7650,80670
del18,numvc,54.8200,80671
del18,numvc,54.8620,80672
del18,numvc,54.8740,80673
del18,numvc,54.8950,80674
del18,numvc,54.8980,80675
del18,numvc,54.9230,80676
del18,numvc,54.9420,80677
del18,numvc,54.9570,80678
del18,numvc,54.9680,80679
del18,numvc,55.0330,80680
del18,numvc,55.0430,80681
del18,numvc,55.0840,80682
del18,fastvc,0.0000,72773
del18,fastvc,0.0000,72774
del18,fastvc,0.0000,72775
del18,fastvc,0.0010,72776
del18,fastvc,0.0010,72777
del18,fastvc,0.0010,72778
del18,fastvc,0.0010,72779
del18,fastvc,0.0010,72780
del18,fastvc,0.0010,72781
del18,fastvc,0.0010,72782
del18,fastvc,0.0020,72783
del18,fastvc,0.0020,72784
del18,fastvc,0.0020,72785
del18,fastvc,0.0020,72786
del18,fastvc,0.0020,72787
del18,fastvc,0.0020,72788
del18,fastvc,0.0020,72789
del18,fastvc,0.0020,72790
del18,fastvc,0.0020,72791
del18,fastvc,0.0020,72792
del18,fastvc,0.0020,72793
del18,fastvc,0.0020,72794
del18,fastvc,0.0030,72795
del18,fastvc,0.0030,72796
del18,fastvc,0.0030,72797
del18,fastvc,0.0030,72798
del18,fastvc,0.0030,72799
del18,fastvc,0.0030,72800
del18,fastvc,0.0030,72801
del18,fastvc,0.0030,72802
del18,fastvc,0.0030,72803
del18,fastvc,0.0030,72804
del18,fastvc,0.0030,72805
del18,fastvc,0.0030,72806
del18,fastvc,0.0030,72807
del18,fastvc,0.0040,72808
del18,fastvc,0.0040,72809
del18,fastvc,0.0040,72810
del18,fastvc,0.0040,72811
del18,fastvc,0.0040,72812
del18,fastvc,0.0040,72813
del18,fastvc,0.0040,72814
del18,fastvc,0.0040,72815
del18,fastvc,0.0040,72816
del18,fastvc,0.0040,72817
del18,fastvc,0.0040,72818
del18,fastvc,0.0040,72819
del18,fastvc,0.0040,72820
del18,fastvc,0.0040,72821
del18,fastvc,0.0040,72822
del18,fastvc,0.0040,72823
del18,fastvc,0.0040,72824
del18,fastvc,0.0040,72825
del18,fastvc,0.0040,72826
del18,fastvc,0.0040,72827
del18,fastvc,0.0040,72828
del18,fastvc,0.0050,72829
del18,fastvc,0.0050,72830
del18,fastvc,0.0050,72831
del18,fastvc,0.0050,72832
del18,fastvc,0.0050,72833
del18,fastvc,0.0050,72834
del18,fastvc,0.0050,72835
del18,fastvc,0.0050,72836
del18,fastvc,0.0050,72837
del18,fastvc,0.0050,72838
del18,fastvc,0.0050,72839
del18,fastvc,0.0050,72840
del18,fastvc,0.0050,72841
del18,fastvc,0.0050,72842
del18,fastvc,0.0050,72843
del18,fastvc,0.0050,72844
del18,fastvc,0.0050,72845
del18,fastvc,0.0050,72846
del18,fastvc,0.0050,72847
del18,fastvc,0.0050,72848
del18,fastvc,0.0050,72849
del18,fastvc,0.0050,72850
del18,fastvc,0.0050,72851
del18,fastvc,0.0050,72852
del18,fastvc,0.0050,72853
del18,fastvc,0.0050,72854
del18,fastvc,0.0050,72855
del18,fastvc,0.0050,72856
del18,fastvc,0.0050,72857
del18,fastvc,0.0060,72858
del18,fastvc,0.0060,72859
del18,fastvc,0.0060,72860
del18,fastvc,0.0060,72861
del18,fastvc,0.0060,72862
del18,fastvc,0.0060,72863
del18,fastvc,0.0060,72864
del18,fastvc,0.0060,72865
del18,fastvc,0.0060,72866
del18,fastvc,0.0060,72867
del18,fastvc,0.0060,72868
del18,fastvc,0.0060,72869
del18,fastvc,0.0060,72870
del18,fastvc,0.0060,72871
del18,fastvc,0.0060,72872
del18,fastvc,0.0060,72873
del18,fastvc,0.0060,72874
del18,fastvc,0.0060,72875
del18,fastvc,0.0060,72876
del18,fastvc,0.0060,72877
del18,fastvc,0.0060,72878
del18,fastvc,0.0060,72879
del18,fastvc,0.0060,72880
del18,fastvc,0.0060,72881
del18,fastvc,0.0060,72882
del18,fastvc,0.0060,72883
del18,fastvc,0.0060,72884
del18,fastvc,0.0060,72885
del18,fastvc,0.0060,72886
del18,fastvc,0.0070,72887
del18,fastvc,0.0070,72888
del18,fastvc,0.0070,72889
del18,fastvc,0.0070,72890
del18,fastvc,0.0070,72891
del18,fastvc,0.0070,72892
del18,fastvc,0.0070,72893
del18,fastvc,0.0070,72894
del18,fastvc,0.0070,72895
del18,fastvc,0.0070,72896
del18,fastvc,0.0070,72897
del18,fastvc,0.0070,72898
del18,fastvc,0.0070,72899
del18,fastvc,0.0070,72900
del18,fastvc,0.0070,72901
del18,fastvc,0.0070,72902
del18,fastvc,0.0070,72903
del18,fastvc,0.0070,72904
del18,fastvc,0.0070,72905
del18,fastvc,0.0070,72906
del18,fastvc,0.0070,72907
del18,fastvc,0.0070,72908
del18,fastvc,0.0070,72909
del18,fastvc,0.0070,72910
del18,fastvc,0.0070,72911
del18,fastvc,0.0070,72912
del18,fastvc,0.0070,72913
del18,fastvc,0.0070,72914
del18,fastvc,0.0070,72915
del18,fastvc,0.0070,72916
del18,fastvc,0.0070,72917
del18,fastvc,0.0070,72918
del18,fastvc,0.0070,72919
del18,fastvc,0.0070,72920
del18,fastvc,0.0070,72921
del18,fastvc,0.0070,72922
del18,fastvc,0.0070,72923
del18,fastvc,0.0070,72924
del18,fastvc,0.0070,72925
del18,fastvc,0.0070,72926
del18,fastvc,0.0070,72927
del18,fastvc,0.0070,72928
del18,fastvc,0.0070,72929
del18,fastvc,0.0080,72930
del18,fastvc,0.0080,72931
del18,fastvc,0.0080,72932
del18,fastvc,0.0080,72933
del18,fastvc,0.0080,72934
del18,fastvc,0.0080,72935
del18,fastvc,0.0080,72936
del18,fastvc,0.0080,72937
del18,fastvc,0.0080,72938
del18,fastvc,0.0080,72939
del18,fastvc,0.0080,72940
del18,fastvc,0.0080,72941
del18,fastvc,0.0080,72942
del18,fastvc,0.0080,72943
del18,fastvc,0.0080,72944
del18,fastvc,0.0080,72945
del18,fastvc,0.0080,72946
del18,fastvc,0.0080,72947
del18,fastvc,0.0080,72948
del18,fastvc,0.0080,72949
del18,fastvc,0.0080,72950
del18,fastvc,0.0080,72951
del18,fastvc,0.0080,72952
del18,fastvc,0.0080,72953
del18,fastvc,0.0080,72954
del18,fastvc,0.0080,72955
del18,fastvc,0.0080,72956
del18,fastvc,0.0080,72957
del18,fastvc,0.0080,72958
del18,fastvc,0.0080,72959
del18,fastvc,0.0080,72960
del18,fastvc,0.0090,72961
del18,fastvc,0.0090,72962
del18,fastvc,0.0090,72963
del18,fastvc,0.0090,72964
del18,fastvc,0.0090,72965
del18,fastvc,0.0090,72966
del18,fastvc,0.0090,72967
del18,fastvc,0.0090,72968
del18,fastvc,0.0090,72969
del18,fastvc,0.0090,72970
del18,fastvc,0.0090,72971
del18,fastvc,0.0090,72972
del18,fastvc,0.0090,72973
del18,fastvc,0.0090,72974
del18,fastvc,0.0090,72975
del18,fastvc,0.0090,72976
del18,fastvc,0.0090,72977
del18,fastvc,0.0090,72978
del18,fastvc,0.0090,72979
del18,fastvc,0.0090,72980
del18,fastvc,0.0090,72981
del18,fastvc,0.0090,72982
del18,fastvc,0.0090,72983
del18,fastvc,0.0090,72984
del18,fastvc,0.0090,72985
del18,fastvc,0.0090,72986
del18,fastvc,0.0090,72987
del18,fastvc,0.0090,72988
del18,fastvc,0.0090,72989
del18,fastvc,0.0090,72990
del18,fastvc,0.0100,72991
del18,fastvc,0.0100,72992
del18,fastvc,0.0100,72993
del18,fastvc,0.0100,72994
del18,fastvc,0.0100,72995
del18,fastvc,0.0100,72996
del18,fastvc,0.0100,72997
del18,fastvc,0.0100,72998
del18,fastvc,0.0100,72999
del18,fastvc,0.0100,73000
del18,fastvc,0.0100,73001
del18,fastvc,0.0100,73002
del18,fastvc,0.0100,73003
del18,fastvc,0.0100,73004
del18,fastvc,0.0100,73005
del18,fastvc,0.0100,73006
del18,fastvc,0.0100,73007
del18,fastvc,0.0100,73008
del18,fastvc,0.0100,73009
del18,fastvc,0.0100,73010
del18,fastvc,0.0100,73011
del18,fastvc,0.0100,73012
del18,fastvc,0.0100,73013
del18,fastvc,0.0100,73014
del18,fastvc,0.0100,73015
del18,fastvc,0.0100,73016
del18,fastvc,0.0100,73017
del18,fastvc,0.0100,73018
del18,fastvc,0.0100,73019
del18,fastvc,0.0100,73020
del18,fastvc,0.0100,73021
del18,fastvc,0.0100,73022
del18,fastvc,0.0100,73023
del18,fastvc,0.0100,73024
del18,fastvc,0.0110,73025
del18,fastvc,0.0110,73026
del18,fastvc,0.0110,73027
del18,fastvc,0.0110,73028
del18,fastvc,0.0110,73029
del18,fastvc,0.0110,73030
del18,fastvc,0.0110,73031
del18,fastvc,0.0110,73032
del18,fastvc,0.0110,73033
del18,fastvc,0.0110,73034
del18,fastvc,0.0110,73035
del18,fastvc,0.0110,73036
del18,fastvc,0.0110,73037
del18,fastvc,0.0110,73038
del18,fastvc,0.0110,73039
del18,fastvc,0.0110,73040
del18,fastvc,0.0110,73041
del18,fastvc,0.0110,73042
del18,fastvc,0.0110,73043
del18,fastvc,0.0110,73044
del18,fastvc,0.0110,73045
del18,fastvc,0.0110,73046
del18,fastvc,0.0110,73047
del18,fastvc,0.0110,73048
del18,fastvc,0.0110,73049
del18,fastvc,0.0110,73050
del18,fastvc,0.0110,73051
del18,fastvc,0.0110,73052
del18,fastvc,0.0110,73053
del18,fastvc,0.0110,73054
del18,fastvc,0.0120,73055
del18,fastvc,0.0120,73056
del18,fastvc,0.0120,73057
del18,fastvc,0.0120,73058
del18,fastvc,0.0120,73059
del18,fastvc,0.0120,73060
del18,fastvc,0.0120,73061
del18,fastvc,0.0120,73062
del18,fastvc,0.0120,73063
del18,fastvc,0.0120,73064
del18,fastvc,0.0120,73065
del18,fastvc,0.0120,73066
del18,fastvc,0.0120,73067
del18,fastvc,0.0120,73068
del18,fastvc,0.0120,73069
del18,fastvc,0.0120,73070
del18,fastvc,0.0120,73071
del18,fastvc,0.0120,73072
del18,fastvc,0.0120,73073
del18,fastvc,0.0120,73074
del18,fastvc,0.0120,73075
del18,fastvc,0.0120,73076
del18,fastvc,0.0120,73077
del18,fastvc,0.0120,73078
del18,fastvc,0.0120,73079
del18,fastvc,0.0120,73080
del18,fastvc,0.0120,73081
del18,fastvc,0.0120,73082
del18,fastvc,0.0120,73083
del18,fastvc,0.0120,73084
del18,fastvc,0.0120,73085
del18,fastvc,0.0120,73086
del18,fastvc,0.0120,73087
del18,fastvc,0.0120,73088
del18,fastvc,0.0120,73089
del18,fastvc,0.0120,73090
del18,fastvc,0.0120,73091
del18,fastvc,0.0120,73092
del18,fastvc,0.0120,73093
del18,fastvc,0.0130,73094
del18,fastvc,0.0130,73095
del18,fastvc,0.0130,73096
del18,fastvc,0.0130,73097
del18,fastvc,0.0130,73098
del18,fastvc,0.0130,73099
del18,fastvc,0.0130,73100
del18,fastvc,0.0130,73101
del18,fastvc,0.0130,73102
del18,fastvc,0.0130,73103
del18,fastvc,0.0130,73104
del18,fastvc,0.0130,73105
del18,fastvc,0.0130,73106
del18,fastvc,0.0130,73107
del18,fastvc,0.0130,73108
del18,fastvc,0.0130,73109
del18,fastvc,0.0130,73110
del18,fastvc,0.0130,73111
del18,fastvc,0.0130,73112
del18,fastvc,0.0130,73113
del18,fastvc,0.0130,73114
del18,fastvc,0.0130,73115
del18,fastvc,0.0130,73116
del18,fastvc,0.0130,73117
del18,fastvc,0.0130,73118
del18,fastvc,0.0130,73119
del18,fastvc,0.0130,73120
del18,fastvc,0.0130,73121
del18,fastvc,0.0130,73122
del18,fastvc,0.0130,73123
del18,fastvc,0.0130,73124
del18,fastvc,0.0130,73125
del18,fastvc,0.0130,73126
del18,fastvc,0.0130,73127
del18,fastvc,0.0130,73128
del18,fastvc,0.0130,73129
del18,fastvc,0.0130,73130
del18,fastvc,0.0130,73131
del18,fastvc,0.0130,73132
del18,fastvc,0.0130,73133
del18,fastvc,0.0130,73134
del18,fastvc,0.0140,73135
del18,fastvc,0.0140,73136
del18,fastvc,0.0140,73137
del18,fastvc,0.0140,73138
del18,fastvc,0.0140,73139
del18,fastvc,0.0140,73140
del18,fastvc,0.0140,73141
del18,fastvc,0.0140,73142
del18,fastvc,0.0140,73143
del18,fastvc,0.0140,73144
del18,fastvc,0.0140,73145
del18,fastvc,0.0140,73146
del18,fastvc,0.0140,73147
del18,fastvc,0.0140,73148
del18,fastvc,0.0140,73149
del18,fastvc,0.0140,73150
del18,fastvc,0.0140,73151
del18,fastvc,0.0140,73152
del18,fastvc,0.0140,73153
del18,fastvc,0.0140,73154
del18,fastvc,0.0140,73155
del18,fastvc,0.0140,73156
del18,fastvc,0.0140,73157
del18,fastvc,0.0140,73158
del18,fastvc,0.0140,73159
del18,fastvc,0.0140,73160
del18,fastvc,0.0140,73161
del18,fastvc,0.0140,73162
del18,fastvc,0.0140,73163
del18,fastvc,0.0140,73164
del18,fastvc,0.0140,73165
del18,fastvc,0.0150,73166
del18,fastvc,0.0150,73167
del18,fastvc,0.0150,73168
del18,fastvc,0.0150,73169
del18,fastvc,0.0150,73170
del18,fastvc,0.0150,73171
del18,fastvc,0.0150,73172
del18,fastvc,0.0150,73173
del18,fastvc,0.0150,73174
del18,fastvc,0.0150,73175
del18,fastvc,0.0150,73176
del18,fastvc,0.0150,73177
del18,fastvc,0.0150,73178
del18,fastvc,0.0150,73179
del18,fastvc,0.0150,73180
del18,fastvc,0.0150,73181
del18,fastvc,0.0150,73182
del18,fastvc,0.0150,73183
del18,fastvc,0.0150,73184
del18,fastvc,0.0150,73185
del18,fastvc,0.0150,73186
del18,fastvc,0.0150,73187
del18,fastvc,0.0150,73188
del18,fastvc,0.0150,73189
del18,fastvc,0.0150,73190
del18,fastvc,0.0150,73191
del18,fastvc,0.0150,73192
del18,fastvc,0.0150,73193
del18,fastvc,0.0150,73194
del18,fastvc,0.0150,73195
del18,fastvc,0.0150,73196
del18,fastvc,0.0150,73197
del18,fastvc,0.0150,73198
del18,fastvc,0.0160,73199
del18,fastvc,0.0160,73200
del18,fastvc,0.0160,73201
del18,fastvc,0.0160,73202
del18,fastvc,0.0160,73203
del18,fastvc,0.0160,73204
del18,fastvc,0.0160,73205
del18,fastvc,0.0160,73206
del18,fastvc,0.0160,73207
del18,fastvc,0.0160,73208
del18,fastvc,0.0160,73209
del18,fastvc,0.0160,73210
del18,fastvc,0.0160,73211
del18,fastvc,0.0160,73212
del18,fastvc,0.0160,73213
del18,fastvc,0.0160,73214
del18,fastvc,0.0160,73215
del18,fastvc,0.0160,73216
del18,fastvc,0.0160,73217
del18,fastvc,0.0160,73218
del18,fastvc,0.0160,73219
del18,fastvc,0.0160,73220
del18,fastvc,0.0160,73221
del18,fastvc,0.0160,73222
del18,fastvc,0.0160,73223
del18,fastvc,0.0160,73224
del18,fastvc,0.0160,73225
del18,fastvc,0.0160,73226
del18,fastvc,0.0160,73227
del18,fastvc,0.0160,73228
del18,fastvc,0.0160,73229
del18,fastvc,0.0160,73230
del18,fastvc,0.0160,73231
del18,fastvc,0.0160,73232
del18,fastvc,0.0160,73233
del18,fastvc,0.0160,73234
del18,fastvc,0.0160,73235
del18,fastvc,0.0170,73236
del18,fastvc,0.0170,73237
del18,fastvc,0.0170,73238
del18,fastvc,0.0170,73239
del18,fastvc,0.0170,73240
del18,fastvc,0.0170,73241
del18,fastvc,0.0170,73242
del18,fastvc,0.0170,73243
del18,fastvc,0.0170,73244
del18,fastvc,0.0170,73245
del18,fastvc,0.0170,73246
del18,fastvc,0.0170,73247
del18,fastvc,0.0170,73248
del18,fastvc,0.0170,73249
del18,fastvc,0.0170,73250
del18,fastvc,0.0170,73251
del18,fastvc,0.0170,73252
del18,fastvc,0.0170,73253
del18,fastvc,0.0170,73254
del18,fastvc,0.0170,73255
del18,fastvc,0.0170,73256
del18,fastvc,0.0170,73257
del18,fastvc,0.0170,73258
del18,fastvc,0.0170,73259
del18,fastvc,0.0170,73260
del18,fastvc,0.0170,73261
del18,fastvc,0.0170,73262
del18,fastvc,0.0170,73263
del18,fastvc,0.0170,73264
del18,fastvc,0.0170,73265
del18,fastvc,0.0170,73266
del18,fastvc,0.0170,73267
del18,fastvc,0.0170,73268
del18,fastvc,0.0170,73269
del18,fastvc,0.0170,73270
del18,fastvc,0.0170,73271
del18,fastvc,0.0170,73272
del18,fastvc,0.0170,73273
del18,fastvc,0.0170,73274
del18,fastvc,0.0170,73275
del18,fastvc,0.0170,73276
del18,fastvc,0.0170,73277
del18,fastvc,0.0170,73278
del18,fastvc,0.0170,73279
del18,fastvc,0.0170,73280
del18,fastvc,0.0170,73281
del18,fastvc,0.0170,73282
del18,fastvc,0.0170,73283
del18,fastvc,0.0170,73284
del18,fastvc,0.0170,73285
del18,fastvc,0.0180,73286
del18,fastvc,0.0180,73287
del18,fastvc,0.0180,73288
del18,fastvc,0.0180,73289
del18,fastvc,0.0180,73290
del18,fastvc,0.0180,73291
del18,fastvc,0.0180,73292
del18,fastvc,0.0180,73293
del18,fastvc,0.0180,73294
del18,fastvc,0.0180,73295
del18,fastvc,0.0180,73296
del18,fastvc,0.0180,73297
del18,fastvc,0.0180,73298
del18,fastvc,0.0180,73299
del18,fastvc,0.0180,73300
del18,fastvc,0.0180,73301
del18,fastvc,0.0180,73302
del18,fastvc,0.0180,73303
del18,fastvc,0.0180,73304
del18,fastvc,0.0180,73305
del18,fastvc,0.0180,73306
del18,fastvc,0.0180,73307
del18,fastvc,0.0180,73308
del18,fastvc,0.0180,73309
del18,fastvc,0.0180,73310
del18,fastvc,0.0180,73311
del18,fastvc,0.0180,73312
del18,fastvc,0.0180,73313
del18,fastvc,0.0180,73314
del18,fastvc,0.0180,73315
del18,fastvc,0.0180,73316
del18,fastvc,0.0180,73317
del18,fastvc,0.0180,73318
del18,fastvc,0.0180,73319
del18,fastvc,0.0180,73320
del18,fastvc,0.0180,73321
del18,fastvc,0.0180,73322
del18,fastvc,0.0180,73323
del18,fastvc,0.0180,73324
del18,fastvc,0.0180,73325
del18,fastvc,0.0190,73326
del18,fastvc,0.0190,73327
del18,fastvc,0.0190,73328
del18,fastvc,0.0190,73329
del18,fastvc,0.0190,73330
del18,fastvc,0.0190,73331
del18,fastvc,0.0190,73332
del18,fastvc,0.0190,73333
del18,fastvc,0.0190,73334
del18,fastvc,0.0190,73335
del18,fastvc,0.0190,73336
del18,fastvc,0.0190,73337
del18,fastvc,0.0190,73338
del18,fastvc,0.0190,73339
del18,fastvc,0.0190,73340
del18,fastvc,0.0190,73341
del18,fastvc,0.0190,73342
del18,fastvc,0.0190,73343
del18,fastvc,0.0190,73344
del18,fastvc,0.0190,73345
del18,fastvc,0.0190,73346
del18,fastvc,0.0190,73347
del18,fastvc,0.0190,73348
del18,fastvc,0.0190,73349
del18,fastvc,0.0190,73350
del18,fastvc,0.0190,73351
del18,fastvc,0.0190,73352
del18,fastvc,0.0190,73353
del18,fastvc,0.0190,73354
del18,fastvc,0.0190,73355
del18,fastvc,0.0190,73356
del18,fastvc,0.0190,73357
del18,fastvc,0.0190,73358
del18,fastvc,0.0190,73359
del18,fastvc,0.0190,73360
del18,fastvc,0.0190,73361
del18,fastvc,0.0190,73362
del18,fastvc,0.0190,73363
del18,fastvc,0.0190,73364
del18,fastvc,0.0190,73365
del18,fastvc,0.0190,73366
del18,fastvc,0.0190,73367
del18,fastvc,0.0190,73368
del18,fastvc,0.0190,73369
del18,fastvc,0.0190,73370
del18,fastvc,0.0190,73371
del18,fastvc,0.0190,73372
del18,fastvc,0.0190,73373
del18,fastvc,0.0190,73374
del18,fastvc,0.0190,73375
del18,fastvc,0.0190,73376
del18,fastvc,0.0200,73377
del18,fastvc,0.0200,73378
del18,fastvc,0.0200,73379
del18,fastvc,0.0200,73380
del18,fastvc,0.0200,73381
del18,fastvc,0.0200,73382
del18,fastvc,0.0200,73383
del18,fastvc,0.0200,73384
del18,fastvc,0.0200,73385
del18,fastvc,0.0200,73386
del18,fastvc,0.0200,73387
del18,fastvc,0.0200,73388
del18,fastvc,0.0200,73389
del18,fastvc,0.0200,73390
del18,fastvc,0.0200,73391
del18,fastvc,0.0200,73392
del18,fastvc,0.0200,73393
del18,fastvc,0.0200,73394
del18,fastvc,0.0200,73395
del18,fastvc,0.0200,73396
del18,fastvc,0.0200,73397
del18,fastvc,0.0200,73398
del18,fastvc,0.0200,73399
del18,fastvc,0.0200,73400
del18,fastvc,0.0200,73401
del18,fastvc,0.0200,73402
del18,fastvc,0.0200,73403
del18,fastvc,0.0200,73404
del18,fastvc,0.0200,73405
del18,fastvc,0.0200,73406
del18,fastvc,0.0200,73407
del18,fastvc,0.0200,73408
del18,fastvc,0.0200,73409
del18,fastvc,0.0200,73410
del18,fastvc,0.0200,73411
del18,fastvc,0.0200,73412
del18,fastvc,0.0200,73413
del18,fastvc,0.0200,73414
del18,fastvc,0.0200,73415
del18,fastvc,0.0200,73416
del18,fastvc,0.0200,73417
del18,fastvc,0.0200,73418
del18,fastvc,0.0200,73419
del18,fastvc,0.0200,73420
del18,fastvc,0.0200,73421
del18,fastvc,0.0210,73422
del18,fastvc,0.0210,73423
del18,fastvc,0.0210,73424
del18,fastvc,0.0210,73425
del18,fastvc,0.0210,73426
del18,fastvc,0.0210,73427
del18,fastvc,0.0210,73428
del18,fastvc,0.0210,73429
del18,fastvc,0.0210,73430
del18,fastvc,0.0210,73431
del18,fastvc,0.0210,73432
del18,fastvc,0.0210,73433
del18,fastvc,0.0210,73434
del18,fastvc,0.0210,73435
del18,fastvc,0.0210,73436
del18,fastvc,0.0210,73437
del18,fastvc,0.0210,73438
del18,fastvc,0.0210,73439
del18,fastvc,0.0210,73440
del18,fastvc,0.0210,73441
del18,fastvc,0.0210,73442
del18,fastvc,0.0210,73443
del18,fastvc,0.0210,73444
del18,fastvc,0.0210,73445
del18,fastvc,0.0210,73446
del18,fastvc,0.0210,73447
del18,fastvc,0.0210,73448
del18,fastvc,0.0220,73449
del18,fastvc,0.0220,73450
del18,fastvc,0.0220,73451
del18,fastvc,0.0220,73452
del18,fastvc,0.0220,73453
del18,fastvc,0.0220,73454
del18,fastvc,0.0220,73455
del18,fastvc,0.0220,73456
del18,fastvc,0.0220,73457
del18,fastvc,0.0220,73458
del18,fastvc,0.0220,73459
del18,fastvc,0.0220,73460
del18,fastvc,0.0220,73461
del18,fastvc,0.0220,73462
del18,fastvc,0.0220,73463
del18,fastvc,0.0220,73464
del18,fastvc,0.0220,73465
del18,fastvc,0.0220,73466
del18,fastvc,0.0220,73467
del18,fastvc,0.0220,73468
del18,fastvc,0.0220,73469
del18,fastvc,0.0220,73470
del18,fastvc,0.0220,73471
del18,fastvc,0.0220,73472
del18,fastvc,0.0220,73473
del18,fastvc,0.0220,73474
del18,fastvc,0.0220,73475
del18,fastvc,0.0220,73476
del18,fastvc,0.0220,73477
del18,fastvc,0.0220,73478
del18,fastvc,0.0220,73479
del18,fastvc,0.0220,73480
del18,fastvc,0.0220,73481
del18,fastvc,0.0220,73482
del18,fastvc,0.0220,73483
del18,fastvc,0.0220,73484
del18,fastvc,0.0220,73485
del18,fastvc,0.0230,73486
del18,fastvc,0.0230,73487
del18,fastvc,0.0230,73488
del18,fastvc,0.0230,73489
del18,fastvc,0.0230,73490
del18,fastvc,0.0230,73491
del18,fastvc,0.0230,73492
del18,fastvc,0.0230,73493
del18,fastvc,0.0230,73494
del18,fastvc,0.0230,73495
del18,fastvc,0.0230,73496
del18,fastvc,0.0230,73497
del18,fastvc,0.0230,73498
del18,fastvc,0.0230,73499
del18,fastvc,0.0230,73500
del18,fastvc,0.0230,73501
del18,fastvc,0.0230,73502
del18,fastvc,0.0230,73503
del18,fastvc,0.0230,73504
del18,fastvc,0.0230,73505
del18,fastvc,0.0230,73506
del18,fastvc,0.0230,73507
del18,fastvc,0.0230,73508
del18,fastvc,0.0230,73509
del18,fastvc,0.0230,73510
del18,fastvc,0.0230,73511
del18,fastvc,0.0240,73512
del18,fastvc,0.0240,73513
del18,fastvc,0.0240,73514
del18,fastvc,0.0240,73515
del18,fastvc,0.0240,73516
del18,fastvc,0.0240,73517
del18,fastvc,0.0240,73518
del18,fastvc,0.0240,73519
del18,fastvc,0.0240,73520
del18,fastvc,0.0240,73521
del18,fastvc,0.0240,73522
del18,fastvc,0.0240,73523
del18,fastvc,0.0240,73524
del18,fastvc,0.0240,73525
del18,fastvc,0.0240,73526
del18,fastvc,0.0240,73527
del18,fastvc,0.0240,73528
del18,fastvc,0.0240,73529
del18,fastvc,0.0240,73530
del18,fastvc,0.0240,73531
del18,fastvc,0.0240,73532
del18,fastvc,0.0240,73533
del18,fastvc,0.0240,73534
del18,fastvc,0.0240,73535
del18,fastvc,0.0240,73536
del18,fastvc,0.0240,73537
del18,fastvc,0.0240,73538
del18,fastvc,0.0240,73539
del18,fastvc,0.0240,73540
del18,fastvc,0.0240,73541
del18,fastvc,0.0240,73542
del18,fastvc,0.0240,73543
del18,fastvc,0.0240,73544
del18,fastvc,0.0250,73545
del18,fastvc,0.0250,73546
del18,fastvc,0.0250,73547
del18,fastvc,0.0250,73548
del18,fastvc,0.0250,73549
del18,fastvc,0.0250,73550
del18,fastvc,0.0250,73551
del18,fastvc,0.0250,73552
del18,fastvc,0.0250,73553
del18,fastvc,0.0250,73554
del18,fastvc,0.0250,73555
del18,fastvc,0.0250,73556
del18,fastvc,0.0250,73557
del18,fastvc,0.0250,73558
del18,fastvc,0.0250,73559
del18,fastvc,0.0250,73560
del18,fastvc,0.0250,73561
del18,fastvc,0.0250,73562
del18,fastvc,0.0250,73563
del18,fastvc,0.0250,73564
del18,fastvc,0.0250,73565
del18,fastvc,0.0250,73566
del18,fastvc,0.0250,73567
del18,fastvc,0.0250,73568
del18,fastvc,0.0250,73569
del18,fastvc,0.0250,73570
del18,fastvc,0.0250,73571
del18,fastvc,0.0250,73572
del18,fastvc,0.0250,73573
del18,fastvc,0.0250,73574
del18,fastvc,0.0250,73575
del18,fastvc,0.0250,73576
del18,fastvc,0.0250,73577
del18,fastvc,0.0250,73578
del18,fastvc,0.0250,73579
del18,fastvc,0.0260,73580
del18,fastvc,0.0260,73581
del18,fastvc,0.0260,73582
del18,fastvc,0.0260,73583
del18,fastvc,0.0260,73584
del18,fastvc,0.0260,73585
del18,fastvc,0.0260,73586
del18,fastvc,0.0260,73587
del18,fastvc,0.0260,73588
del18,fastvc,0.0260,73589
del18,fastvc,0.0260,73590
del18,fastvc,0.0260,73591
del18,fastvc,0.0260,73592
del18,fastvc,0.0260,73593
del18,fastvc,0.0260,73594
del18,fastvc,0.0260,73595
del18,fastvc,0.0260,73596
del18,fastvc,0.0260,73597
del18,fastvc,0.0260,73598
del18,fastvc,0.0260,73599
del18,fastvc,0.0260,73600
del18,fastvc,0.0260,73601
del18,fastvc,0.0260,73602
del18,fastvc,0.0260,73603
del18,fastvc,0.0260,73604
del18,fastvc,0.0260,73605
del18,fastvc,0.0260,73606
del18,fastvc,0.0270,73607
del18,fastvc,0.0270,73608
del18,fastvc,0.0270,73609
del18,fastvc,0.0270,73610
del18,fastvc,0.0270,73611
del18,fastvc,0.0270,73612
del18,fastvc,0.0270,73613
del18,fastvc,0.0270,73614
del18,fastvc,0.0270,73615
del18,fastvc,0.0270,73616
del18,fastvc,0.0270,73617
del18,fastvc,0.0270,73618
del18,fastvc,0.0270,73619
del18,fastvc,0.0270,73620
del18,fastvc,0.0270,73621
del18,fastvc,0.0270,73622
del18,fastvc,0.0270,73623
del18,fastvc,0.0270,73624
del18,fastvc,0.0270,73625
del18,fastvc,0.0270,73626
del18,fastvc,0.0270,73627
del18,fastvc,0.0270,73628
del18,fastvc,0.0270,73629
del18,fastvc,0.0270,73630
del18,fastvc,0.0270,73631
del18,fastvc,0.0270,73632
del18,fastvc,0.0270,73633
del18,fastvc,0.0270,73634
del18,fastvc,0.0270,73635
del18,fastvc,0.0270,73636
del18,fastvc,0.0270,73637
del18,fastvc,0.0270,73638
del18,fastvc,0.0280,73639
del18,fastvc,0.0280,73640
del18,fastvc,0.0280,73641
del18,fastvc,0.0280,73642
del18,fastvc,0.0280,73643
del18,fastvc,0.0280,73644
del18,fastvc,0.0280,73645
del18,fastvc,0.0280,73646
del18,fastvc,0.0280,73647
del18,fastvc,0.0280,73648
del18,fastvc,0.0280,73649
del18,fastvc,0.0280,73650
del18,fastvc,0.0280,73651
del18,fastvc,0.0280,73652
del18,fastvc,0.0280,73653
del18,fastvc,0.0280,73654
del18,fastvc,0.0280,73655
del18,fastvc,0.0280,73656
del18,fastvc,0.0280,73657
del18,fastvc,0.0280,73658
del18,fastvc,0.0280,73659
del18,fastvc,0.0280,73660
del18,fastvc,0.0280,73661
del18,fastvc,0.0280,73662
del18,fastvc,0.0280,73663
del18,fastvc,0.0280,73664
del18,fastvc,0.0280,73665
del18,fastvc,0.0280,73666
del18,fastvc,0.0280,73667
del18,fastvc,0.0280,73668
del18,fastvc,0.0280,73669
del18,fastvc,0.0280,73670
del18,fastvc,0.0280,73671
del18,fastvc,0.0280,73672
del18,fastvc,0.0280,73673
del18,fastvc,0.0280,73674
del18,fastvc,0.0290,73675
del18,fastvc,0.0290,73676
del18,fastvc,0.0290,73677
del18,fastvc,0.0290,73678
del18,fastvc,0.0290,73679
del18,fastvc,0.0290,73680
del18,fastvc,0.0290,73681
del18,fastvc,0.0290,73682
del18,fastvc,0.0290,73683
del18,fastvc,0.0290,73684
del18,fastvc,0.0290,73685
del18,fastvc,0.0290,73686
del18,fastvc,0.0290,73687
del18,fastvc,0.0290,73688
del18,fastvc,0.0290,73689
del18,fastvc,0.0290,73690
del18,fastvc,0.0290,73691
del18,fastvc,0.0290,73692
del18,fastvc,0.0290,73693
del18,fastvc,0.0290,73694
del18,fastvc,0.0290,73695
del18,fastvc,0.0290,73696
del18,fastvc,0.0290,73697
del18,fastvc,0.0290,73698
del18,fastvc,0.0290,73699
del18,fastvc,0.0290,73700
del18,fastvc,0.0290,73701
del18,fastvc,0.0290,73702
del18,fastvc,0.0290,73703
del18,fastvc,0.0290,73704
del18,fastvc,0.0290,73705
del18,fastvc,0.0290,73706
del18,fastvc,0.0300,73707
del18,fastvc,0.0300,73708
del18,fastvc,0.0300,73709
del18,fastvc,0.0300,73710
del18,fastvc,0.0300,73711
del18,fastvc,0.0300,73712
del18,fastvc,0.0300,73713
del18,fastvc,0.0300,73714
del18,fastvc,0.0300,73715
del18,fastvc,0.0300,73716
del18,fastvc,0.0300,73717
del18,fastvc,0.0300,73718
del18,fastvc,0.0300,73719
del18,fastvc,0.0300,73720
del18,fastvc,0.0300,73721
del18,fastvc,0.0300,73722
del18,fastvc,0.0300,73723
del18,fastvc,0.0300,73724
del18,fastvc,0.0300,73725
del18,fastvc,0.0300,73726
del18,fastvc,0.0300,73727
del18,fastvc,0.0300,73728
del18,fastvc,0.0300,73729
del18,fastvc,0.0300,73730
del18,fastvc,0.0300,73731
del18,fastvc,0.0300,73732
del18,fastvc,0.0300,73733
del18,fastvc,0.0300,73734
del18,fastvc,0.0300,73735
del18,fastvc,0.0300,73736
del18,fastvc,0.0300,73737
del18,fastvc,0.0300,73738
del18,fastvc,0.0300,73739
del18,fastvc,0.0300,73740
del18,fastvc,0.0300,73741
del18,fastvc,0.0300,73742
del18,fastvc,0.0300,73743
del18,fastvc,0.0300,73744
del18,fastvc,0.0300,73745
del18,fastvc,0.0300,73746
del18,fastvc,0.0310,73747
del18,fastvc,0.0310,73748
del18,fastvc,0.0310,73749
del18,fastvc,0.0310,73750
del18,fastvc,0.0310,73751
del18,fastvc,0.0310,73752
del18,fastvc,0.0310,73753
del18,fastvc,0.0310,73754
del18,fastvc,0.0310,73755
del18,fastvc,0.0310,73756
del18,fastvc,0.0310,73757
del18,fastvc,0.0310,73758
del18,fastvc,0.0310,73759
del18,fastvc,0.0310,73760
del18,fastvc,0.0310,73761
del18,fastvc,0.0310,73762
del18,fastvc,0.0310,73763
del18,fastvc,0.0310,73764
del18,fastvc,0.0310,73765
del18,fastvc,0.0310,73766
del18,fastvc,0.0310,73767
del18,fastvc,0.0310,73768
del18,fastvc,0.0310,73769
del18,fastvc,0.0310,73770
del18,fastvc,0.0310,73771
del18,fastvc,0.0310,73772
del18,fastvc,0.0310,73773
del18,fastvc,0.0310,73774
del18,fastvc,0.0310,73775
del18,fastvc,0.0310,73776
del18,fastvc,0.0310,73777
del18,fastvc,0.0310,73778
del18,fastvc,0.0310,73779
del18,fastvc,0.0310,73780
del18,fastvc,0.0310,73781
del18,fastvc,0.0310,73782
del18,fastvc,0.0310,73783
del18,fastvc,0.0310,73784
del18,fastvc,0.0310,73785
del18,fastvc,0.0310,73786
del18,fastvc,0.0320,73787
del18,fastvc,0.0320,73788
del18,fastvc,0.0320,73789
del18,fastvc,0.0320,73790
del18,fastvc,0.0320,73791
del18,fastvc,0.0320,73792
del18,fastvc,0.0320,73793
del18,fastvc,0.0320,73794
del18,fastvc,0.0320,73795
del18,fastvc,0.0320,73796
del18,fastvc,0.0320,73797
del18,fastvc,0.0320,73798
del18,fastvc,0.0320,73799
del18,fastvc,0.0320,73800
del18,fastvc,0.0320,73801
del18,fastvc,0.0320,73802
del18,fastvc,0.0320,73803
del18,fastvc,0.0320,73804
del18,fastvc,0.0320,73805
del18,fastvc,0.0320,73806
del18,fastvc,0.0320,73807
del18,fastvc,0.0320,73808
del18,fastvc,0.0320,73809
del18,fastvc,0.0320,73810
del18,fastvc,0.0320,73811
del18,fastvc,0.0320,73812
del18,fastvc,0.0320,73813
del18,fastvc,0.0320,73814
del18,fastvc,0.0320,73815
del18,fastvc,0.0320,73816
del18,fastvc,0.0320,73817
del18,fastvc,0.0330,73818
del18,fastvc,0.0330,73819
del18,fastvc,0.0330,73820
del18,fastvc,0.0330,73821
del18,fastvc,0.0330,73822
del18,fastvc,0.0330,73823
del18,fastvc,0.0330,73824
del18,fastvc,0.0330,73825
del18,fastvc,0.0330,73826
del18,fastvc,0.0330,73827
del18,fastvc,0.0330,73828
del18,fastvc,0.0330,73829
del18,fastvc,0.0330,73830
del18,fastvc,0.0330,73831
del18,fastvc,0.0330,73832
del18,fastvc,0.0330,73833
del18,fastvc,0.0330,73834
del18,fastvc,0.0330,73835
del18,fastvc,0.0330,73836
del18,fastvc,0.0330,73837
del18,fastvc,0.0330,73838
del18,fastvc,0.0330,73839
del18,fastvc,0.0330,73840
del18,fastvc,0.0330,73841
del18,fastvc,0.0330,73842
del18,fastvc,0.0330,73843
del18,fastvc,0.0330,73844
del18,fastvc,0.0330,73845
del18,fastvc,0.0330,73846
del18,fastvc,0.0330,73847
del18,fastvc,0.0330,73848
del18,fastvc,0.0340,73849
del18,fastvc,0.0340,73850
del18,fastvc,0.0340,73851
del18,fastvc,0.0340,73852
del18,fastvc,0.0340,73853
del18,fastvc,0.0340,73854
del18,fastvc,0.0340,73855
del18,fastvc,0.0340,73856
del18,fastvc,0.0340,73857
del18,fastvc,0.0340,73858
del18,fastvc,0.0340,73859
del18,fastvc,0.0340,73860
del18,fastvc,0.0340,73861
del18,fastvc,0.0340,73862
del18,fastvc,0.0340,73863
del18,fastvc,0.0340,73864
del18,fastvc,0.0340,73865
del18,fastvc,0.0340,73866
del18,fastvc,0.0340,73867
del18,fastvc,0.0340,73868
del18,fastvc,0.0340,73869
del18,fastvc,0.0340,73870
del18,fastvc,0.0340,73871
del18,fastvc,0.0340,73872
del18,fastvc,0.0340,73873
del18,fastvc,0.0340,73874
del18,fastvc,0.0340,73875
del18,fastvc,0.0340,73876
del18,fastvc,0.0340,73877
del18,fastvc,0.0340,73878
del18,fastvc,0.0340,73879
del18,fastvc,0.0340,73880
del18,fastvc,0.0340,73881
del18,fastvc,0.0340,73882
del18,fastvc,0.0340,73883
del18,fastvc,0.0350,73884
del18,fastvc,0.0350,73885
del18,fastvc,0.0350,73886
del18,fastvc,0.0350,73887
del18,fastvc,0.0350,73888
del18,fastvc,0.0350,73889
del18,fastvc,0.0350,73890
del18,fastvc,0.0350,73891
del18,fastvc,0.0350,73892
del18,fastvc,0.0350,73893
del18,fastvc,0.0350,73894
del18,fastvc,0.0350,73895
del18,fastvc,0.0350,73896
del18,fastvc,0.0350,73897
del18,fastvc,0.0350,73898
del18,fastvc,0.0350,73899
del18,fastvc,0.0350,73900
del18,fastvc,0.0350,73901
del18,fastvc,0.0350,73902
del18,fastvc,0.0350,73903
del18,fastvc,0.0350,73904
del18,fastvc,0.0350,73905
del18,fastvc,0.0350,73906
del18,fastvc,0.0350,73907
del18,fastvc,0.0350,73908
del18,fastvc,0.0350,73909
del18,fastvc,0.0350,73910
del18,fastvc,0.0350,73911
del18,fastvc,0.0350,73912
del18,fastvc,0.0350,73913
del18,fastvc,0.0350,73914
del18,fastvc,0.0350,73915
del18,fastvc,0.0350,73916
del18,fastvc,0.0350,73917
del18,fastvc,0.0360,73918
del18,fastvc,0.0360,73919
del18,fastvc,0.0360,73920
del18,fastvc,0.0360,73921
del18,fastvc,0.0360,73922
del18,fastvc,0.0360,73923
del18,fastvc,0.0360,73924
del18,fastvc,0.0360,73925
del18,fastvc,0.0360,73926
del18,fastvc,0.0360,73927
del18,fastvc,0.0360,73928
del18,fastvc,0.0360,73929
del18,fastvc,0.0360,73930
del18,fastvc,0.0360,73931
del18,fastvc,0.0360,73932
del18,fastvc,0.0360,73933
del18,fastvc,0.0360,73934
del18,fastvc,0.0360,73935
del18,fastvc,0.0360,73936
del18,fastvc,0.0360,73937
del18,fastvc,0.0360,73938
del18,fastvc,0.0360,73939
del18,fastvc,0.0360,73940
del18,fastvc,0.0360,73941
del18,fastvc,0.0360,73942
del18,fastvc,0.0360,73943
del18,fastvc,0.0360,73944
del18,fastvc,0.0360,73945
del18,fastvc,0.0360,73946
del18,fastvc,0.0360,73947
del18,fastvc,0.0360,73948
del18,fastvc,0.0360,73949
del18,fastvc,0.0360,73950
del18,fastvc,0.0370,73951
del18,fastvc,0.0370,73952
del18,fastvc,0.0370,73953
del18,fastvc,0.0370,73954
del18,fastvc,0.0370,73955
del18,fastvc,0.0370,73956
del18,fastvc,0.0370,73957
del18,fastvc,0.0370,73958
del18,fastvc,0.0370,73959
del18,fastvc,0.0370,73960
del18,fastvc,0.0370,73961
del18,fastvc,0.0370,73962
del18,fastvc,0.0370,73963
del18,fastvc,0.0370,73964
del18,fastvc,0.0370,73965
del18,fastvc,0.0370,73966
del18,fastvc,0.0370,73967
del18,fastvc,0.0370,73968
del18,fastvc,0.0370,73969
del18,fastvc,0.0370,73970
del18,fastvc,0.0370,73971
del18,fastvc,0.0370,73972
del18,fastvc,0.0370,73973
del18,fastvc,0.0370,73974
del18,fastvc,0.0370,73975
del18,fastvc,0.0370,73976
del18,fastvc,0.0370,73977
del18,fastvc,0.0370,73978
del18,fastvc,0.0370,73979
del18,fastvc,0.0380,73980
del18,fastvc,0.0380,73981
del18,fastvc,0.0380,73982
del18,fastvc,0.0380,73983
del18,fastvc,0.0380,73984
del18,fastvc,0.0380,73985
del18,fastvc,0.0380,73986
del18,fastvc,0.0380,73987
del18,fastvc,0.0380,73988
del18,fastvc,0.0380,73989
del18,fastvc,0.0380,73990
del18,fastvc,0.0380,73991
del18,fastvc,0.0380,73992
del18,fastvc,0.0380,73993
del18,fastvc,0.0380,73994
del18,fastvc,0.0380,73995
del18,fastvc,0.0380,73996
del18,fastvc,0.0380,73997
del18,fastvc,0.0380,73998
del18,fastvc,0.0380,73999
del18,fastvc,0.0380,74000
del18,fastvc,0.0380,74001
del18,fastvc,0.0380,74002
del18,fastvc,0.0380,74003
del18,fastvc,0.0380,74004
del18,fastvc,0.0380,74005
del18,fastvc,0.0380,74006
del18,fastvc,0.0380,74007
del18,fastvc,0.0380,74008
del18,fastvc,0.0380,74009
del18,fastvc,0.0380,74010
del18,fastvc,0.0380,74011
del18,fastvc,0.0380,74012
del18,fastvc,0.0390,74013
del18,fastvc,0.0390,74014
del18,fastvc,0.0390,74015
del18,fastvc,0.0390,74016
del18,fastvc,0.0390,74017
del18,fastvc,0.0390,74018
del18,fastvc,0.0390,74019
del18,fastvc,0.0390,74020
del18,fastvc,0.0390,74021
del18,fastvc,0.0390,74022
del18,fastvc,0.0390,74023
del18,fastvc,0.0390,74024
del18,fastvc,0.0390,74025
del18,fastvc,0.0390,74026
del18,fastvc,0.0390,74027
del18,fastvc,0.0390,74028
del18,fastvc,0.0390,74029
del18,fastvc,0.0390,74030
del18,fastvc,0.0390,74031
del18,fastvc,0.0390,74032
del18,fastvc,0.0390,74033
del18,fastvc,0.0390,74034
del18,fastvc,0.0390,74035
del18,fastvc,0.0390,74036
del18,fastvc,0.0390,74037
del18,fastvc,0.0390,74038
del18,fastvc,0.0390,74039
del18,fastvc,0.0390,74040
del18,fastvc,0.0390,74041
del18,fastvc,0.0390,74042
del18,fastvc,0.0390,74043
del18,fastvc,0.0400,74044
del18,fastvc,0.0400,74045
del18,fastvc,0.0400,74046
del18,fastvc,0.0400,74047
del18,fastvc,0.0400,74048
del18,fastvc,0.0400,74049
del18,fastvc,0.0400,74050
del18,fastvc,0.0400,74051
del18,fastvc,0.0400,74052
del18,fastvc,0.0400,74053
del18,fastvc,0.0400,74054
del18,fastvc,0.0400,74055
del18,fastvc,0.0400,74056
del18,fastvc,0.0400,74057
del18,fastvc,0.0400,74058
del18,fastvc,0.0400,74059
del18,fastvc,0.0400,74060
del18,fastvc,0.0400,74061
del18,fastvc,0.0400,74062
del18,fastvc,0.0400,74063
del18,fastvc,0.0400,74064
del18,fastvc,0.0400,74065
del18,fastvc,0.0400,74066
del18,fastvc,0.0400,74067
del18,fastvc,0.0400,74068
del18,fastvc,0.0400,74069
del18,fastvc,0.0400,74070
del18,fastvc,0.0400,74071
del18,fastvc,0.0400,74072
del18,fastvc,0.0410,74073
del18,fastvc,0.0410,74074
del18,fastvc,0.0410,74075
del18,fastvc,0.0410,74076
del18,fastvc,0.0410,74077
del18,fastvc,0.0410,74078
del18,fastvc,0.0410,74079
del18,fastvc,0.0410,74080
del18,fastvc,0.0410,74081
del18,fastvc,0.0410,74082
del18,fastvc,0.0410,74083
del18,fastvc,0.0410,74084
del18,fastvc,0.0410,74085
del18,fastvc,0.0410,74086
del18,fastvc,0.0410,74087
del18,fastvc,0.0410,74088
del18,fastvc,0.0410,74089
del18,fastvc,0.0410,74090
del18,fastvc,0.0410,74091
del18,fastvc,0.0410,74092
del18,fastvc,0.0410,74093
del18,fastvc,0.0410,74094
del18,fastvc,0.0410,74095
del18,fastvc,0.0410,74096
del18,fastvc,0.0410,74097
del18,fastvc,0.0410,74098
del18,fastvc,0.0410,74099
del18,fastvc,0.0410,74100
del18,fastvc,0.0410,74101
del18,fastvc,0.0410,74102
del18,fastvc,0.0410,74103
del18,fastvc,0.0410,74104
del18,fastvc,0.0420,74105
del18,fastvc,0.0420,74106
del18,fastvc,0.0420,74107
del18,fastvc,0.0420,74108
del18,fastvc,0.0420,74109
del18,fastvc,0.0420,74110
del18,fastvc,0.0420,74111
del18,fastvc,0.0420,74112
del18,fastvc,0.0420,74113
del18,fastvc,0.0420,74114
del18,fastvc,0.0420,74115
del18,fastvc,0.0420,74116
del18,fastvc,0.0420,74117
del18,fastvc,0.0420,74118
del18,fastvc,0.0420,74119
del18,fastvc,0.0420,74120
del18,fastvc,0.0420,74121
del18,fastvc,0.0420,74122
del18,fastvc,0.0420,74123
del18,fastvc,0.0420,74124
del18,fastvc,0.0420,74125
del18,fastvc,0.0420,74126
del18,fastvc,0.0420,74127
del18,fastvc,0.0420,74128
del18,fastvc,0.0420,74129
del18,fastvc,0.0420,74130
del18,fastvc,0.0420,74131
del18,fastvc,0.0420,74132
del18,fastvc,0.0420,74133
del18,fastvc,0.0420,74134
del18,fastvc,0.0420,74135
del18,fastvc,0.0430,74136
del18,fastvc,0.0430,74137
del18,fastvc,0.0430,74138
del18,fastvc,0.0430,74139
del18,fastvc,0.0430,74140
del18,fastvc,0.0430,74141
del18,fastvc,0.0430,74142
del18,fastvc,0.0430,74143
del18,fastvc,0.0430,74144
del18,fastvc,0.0430,74145
del18,fastvc,0.0430,74146
del18,fastvc,0.0430,74147
del18,fastvc,0.0430,74148
del18,fastvc,0.0430,74149
del18,fastvc,0.0430,74150
del18,fastvc,0.0430,74151
del18,fastvc,0.0430,74152
del18,fastvc,0.0430,74153
del18,fastvc,0.0430,74154
del18,fastvc,0.0430,74155
del18,fastvc,0.0430,74156
del18,fastvc,0.0430,74157
del18,fastvc,0.0430,74158
del18,fastvc,0.0430,74159
del18,fastvc,0.0430,74160
del18,fastvc,0.0430,74161
del18,fastvc,0.0430,74162
del18,fastvc,0.0430,74163
del18,fastvc,0.0430,74164
del18,fastvc,0.0430,74165
del18,fastvc,0.0440,74166
del18,fastvc,0.0440,74167
del18,fastvc,0.0440,74168
del18,fastvc,0.0440,74169
del18,fastvc,0.0440,74170
del18,fastvc,0.0440,74171
del18,fastvc,0.0440,74172
del18,fastvc,0.0440,74173
del18,fastvc,0.0440,74174
del18,fastvc,0.0440,74175
del18,fastvc,0.0440,74176
del18,fastvc,0.0440,74177
del18,fastvc,0.0440,74178
del18,fastvc,0.0440,74179
del18,fastvc,0.0440,74180
del18,fastvc,0.0440,74181
del18,fastvc,0.0440,74182
del18,fastvc,0.0440,74183
del18,fastvc,0.0440,74184
del18,fastvc,0.0440,74185
del18,fastvc,0.0440,74186
del18,fastvc,0.0440,74187
del18,fastvc,0.0440,74188
del18,fastvc,0.0440,74189
del18,fastvc,0.0440,74190
del18,fastvc,0.0440,74191
del18,fastvc,0.0440,74192
del18,fastvc,0.0440,74193
del18,fastvc,0.0440,74194
del18,fastvc,0.0440,74195
del18,fastvc,0.0440,74196
del18,fastvc,0.0440,74197
del18,fastvc,0.0440,74198
del18,fastvc,0.0440,74199
del18,fastvc,0.0440,74200
del18,fastvc,0.0450,74201
del18,fastvc,0.0450,74202
del18,fastvc,0.0450,74203
del18,fastvc,0.0450,74204
del18,fastvc,0.0450,74205
del18,fastvc,0.0450,74206
del18,fastvc,0.0450,74207
del18,fastvc,0.0450,74208
del18,fastvc,0.0450,74209
del18,fastvc,0.0450,74210
del18,fastvc,0.0450,74211
del18,fastvc,0.0450,74212
del18,fastvc,0.0450,74213
del18,fastvc,0.0450,74214
del18,fastvc,0.0450,74215
del18,fastvc,0.0450,74216
del18,fastvc,0.0450,74217
del18,fastvc,0.0450,74218
del18,fastvc,0.0450,74219
del18,fastvc,0.0450,74220
del18,fastvc,0.0450,74221
del18,fastvc,0.0450,74222
del18,fastvc,0.0450,74223
del18,fastvc,0.0450,74224
del18,fastvc,0.0450,74225
del18,fastvc,0.0450,74226
del18,fastvc,0.0450,74227
del18,fastvc,0.0450,74228
del18,fastvc,0.0450,74229
del18,fastvc,0.0450,74230
del18,fastvc,0.0450,74231
del18,fastvc,0.0450,74232
del18,fastvc,0.0450,74233
del18,fastvc,0.0460,74234
del18,fastvc,0.0460,74235
del18,fastvc,0.0460,74236
del18,fastvc,0.0460,74237
del18,fastvc,0.0460,74238
del18,fastvc,0.0460,74239
del18,fastvc,0.0460,74240
del18,fastvc,0.0460,74241
del18,fastvc,0.0460,74242
del18,fastvc,0.0460,74243
del18,fastvc,0.0460,74244
del18,fastvc,0.0460,74245
del18,fastvc,0.0460,74246
del18,fastvc,0.0460,74247
del18,fastvc,0.0460,74248
del18,fastvc,0.0460,74249
del18,fastvc,0.0460,74250
del18,fastvc,0.0460,74251
del18,fastvc,0.0460,74252
del18,fastvc,0.0460,74253
del18,fastvc,0.0460,74254
del18,fastvc,0.0460,74255
del18,fastvc,0.0460,74256
del18,fastvc,0.0460,74257
del18,fastvc,0.0460,74258
del18,fastvc,0.0460,74259
del18,fastvc,0.0460,74260
del18,fastvc,0.0460,74261
del18,fastvc,0.0460,74262
del18,fastvc,0.0460,74263
del18,fastvc,0.0460,74264
del18,fastvc,0.0460,74265
del18,fastvc,0.0460,74266
del18,fastvc,0.0460,74267
del18,fastvc,0.0460,74268
del18,fastvc,0.0460,74269
del18,fastvc,0.0460,74270
del18,fastvc,0.0470,74271
del18,fastvc,0.0470,74272
del18,fastvc,0.0470,74273
del18,fastvc,0.0470,74274
del18,fastvc,0.0470,74275
del18,fastvc,0.0470,74276
del18,fastvc,0.0470,74277
del18,fastvc,0.0470,74278
del18,fastvc,0.0470,74279
del18,fastvc,0.0470,74280
del18,fastvc,0.0470,74281
del18,fastvc,0.0470,74282
del18,fastvc,0.0470,74283
del18,fastvc,0.0470,74284
del18,fastvc,0.0470,74285
del18,fastvc,0.0470,74286
del18,fastvc,0.0470,74287
del18,fastvc,0.0470,74288
del18,fastvc,0.0470,74289
del18,fastvc,0.0470,74290
del18,fastvc,0.0470,74291
del18,fastvc,0.0470,74292
del18,fastvc,0.0470,74293
del18,fastvc,0.0470,74294
del18,fastvc,0.0470,74295
del18,fastvc,0.0470,74296
del18,fastvc,0.0470,74297
del18,fastvc,0.0470,74298
del18,fastvc,0.0470,74299
del18,fastvc,0.0470,74300
del18,fastvc,0.0470,74301
del18,fastvc,0.0480,74302
del18,fastvc,0.0480,74303
del18,fastvc,0.0480,74304
del18,fastvc,0.0480,74305
del18,fastvc,0.0480,74306
del18,fastvc,0.0480,74307
del18,fastvc,0.0480,74308
del18,fastvc,0.0480,74309
del18,fastvc,0.0480,74310
del18,fastvc,0.0480,74311
del18,fastvc,0.0480,74312
del18,fastvc,0.0480,74313
del18,fastvc,0.0480,74314
del18,fastvc,0.0480,74315
del18,fastvc,0.0480,74316
del18,fastvc,0.0480,74317
del18,fastvc,0.0480,74318
del18,fastvc,0.0480,74319
del18,fastvc,0.0480,74320
del18,fastvc,0.0480,74321
del18,fastvc,0.0480,74322
del18,fastvc,0.0480,74323
del18,fastvc,0.0480,74324
del18,fastvc,0.0480,74325
del18,fastvc,0.0480,74326
del18,fastvc,0.0480,74327
del18,fastvc,0.0480,74328
del18,fastvc,0.0480,74329
del18,fastvc,0.0480,74330
del18,fastvc,0.0490,74331
del18,fastvc,0.0490,74332
del18,fastvc,0.0490,74333
del18,fastvc,0.0490,74334
del18,fastvc,0.0490,74335
del18,fastvc,0.0490,74336
del18,fastvc,0.0490,74337
del18,fastvc,0.0490,74338
del18,fastvc,0.0490,74339
del18,fastvc,0.0490,74340
del18,fastvc,0.0490,74341
del18,fastvc,0.0490,74342
del18,fastvc,0.0490,74343
del18,fastvc,0.0490,74344
del18,fastvc,0.0490,74345
del18,fastvc,0.0490,74346
del18,fastvc,0.0490,74347
del18,fastvc,0.0490,74348
del18,fastvc,0.0490,74349
del18,fastvc,0.0490,74350
del18,fastvc,0.0490,74351
del18,fastvc,0.0490,74352
del18,fastvc,0.0490,74353
del18,fastvc,0.0490,74354
del18,fastvc,0.0490,74355
del18,fastvc,0.0490,74356
del18,fastvc,0.0490,74357
del18,fastvc,0.0490,74358
del18,fastvc,0.0490,74359
del18,fastvc,0.0500,74360
del18,fastvc,0.0500,74361
del18,fastvc,0.0500,74362
del18,fastvc,0.0500,74363
del18,fastvc,0.0500,74364
del18,fastvc,0.0500,74365
del18,fastvc,0.0500,74366
del18,fastvc,0.0500,74367
del18,fastvc,0.0500,74368
del18,fastvc,0.0500,74369
del18,fastvc,0.0500,74370
del18,fastvc,0.0500,74371
del18,fastvc,0.0500,74372
del18,fastvc,0.0500,74373
del18,fastvc,0.0500,74374
del18,fastvc,0.0500,74375
del18,fastvc,0.0500,74376
del18,fastvc,0.0500,74377
del18,fastvc,0.0500,74378
del18,fastvc,0.0500,74379
del18,fastvc,0.0500,74380
del18,fastvc,0.0500,74381
del18,fastvc,0.0500,74382
del18,fastvc,0.0500,74383
del18,fastvc,0.0500,74384
del18,fastvc,0.0500,74385
del18,fastvc,0.0500,74386
del18,fastvc,0.0500,74387
del18,fastvc,0.0500,74388
del18,fastvc,0.0500,74389
del18,fastvc,0.0500,74390
del18,fastvc,0.0510,74391
del18,fastvc,0.0510,74392
del18,fastvc,0.0510,74393
del18,fastvc,0.0510,74394
del18,fastvc,0.0510,74395
del18,fastvc,0.0510,74396
del18,fastvc,0.0510,74397
del18,fastvc,0.0510,74398
del18,fastvc,0.0510,74399
del18,fastvc,0.0510,74400
del18,fastvc,0.0510,74401
del18,fastvc,0.0510,74402
del18,fastvc,0.0510,74403
del18,fastvc,0.0510,74404
del18,fastvc,0.0510,74405
del18,fastvc,0.0510,74406
del18,fastvc,0.0510,74407
del18,fastvc,0.0510,74408
del18,fastvc,0.0510,74409
del18,fastvc,0.0510,74410
del18,fastvc,0.0510,74411
del18,fastvc,0.0510,74412
del18,fastvc,0.0510,74413
del18,fastvc,0.0510,74414
del18,fastvc,0.0510,74415
del18,fastvc,0.0510,74416
del18,fastvc,0.0510,74417
del18,fastvc,0.0510,74418
del18,fastvc,0.0510,74419
del18,fastvc,0.0510,74420
del18,fastvc,0.0510,74421
del18,fastvc,0.0510,74422
del18,fastvc,0.0510,74423
del18,fastvc,0.0510,74424
del18,fastvc,0.0510,74425
del18,fastvc,0.0510,74426
del18,fastvc,0.0520,74427
del18,fastvc,0.0520,74428
del18,fastvc,0.0520,74429
del18,fastvc,0.0520,74430
del18,fastvc,0.0520,74431
del18,fastvc,0.0520,74432
del18,fastvc,0.0520,74433
del18,fastvc,0.0520,74434
del18,fastvc,0.0520,74435
del18,fastvc,0.0520,74436
del18,fastvc,0.0520,74437
del18,fastvc,0.0520,74438
del18,fastvc,0.0520,74439
del18,fastvc,0.0520,74440
del18,fastvc,0.0520,74441
del18,fastvc,0.0520,74442
del18,fastvc,0.0520,74443
del18,fastvc,0.0520,74444
del18,fastvc,0.0520,74445
del18,fastvc,0.0520,74446
del18,fastvc,0.0520,74447
del18,fastvc,0.0520,74448
del18,fastvc,0.0520,74449
del18,fastvc,0.0520,74450
del18,fastvc,0.0520,74451
del18,fastvc,0.0520,74452
del18,fastvc,0.0520,74453
del18,fastvc,0.0520,74454
del18,fastvc,0.0520,74455
del18,fastvc,0.0520,74456
del18,fastvc,0.0520,74457
del18,fastvc,0.0530,74458
del18,fastvc,0.0530,74459
del18,fastvc,0.0530,74460
del18,fastvc,0.0530,74461
del18,fastvc,0.0530,74462
del18,fastvc,0.0530,74463
del18,fastvc,0.0530,74464
del18,fastvc,0.0530,74465
del18,fastvc,0.0530,74466
del18,fastvc,0.0530,74467
del18,fastvc,0.0530,74468
del18,fastvc,0.0530,74469
del18,fastvc,0.0530,74470
del18,fastvc,0.0530,74471
del18,fastvc,0.0530,74472
del18,fastvc,0.0530,74473
del18,fastvc,0.0530,74474
del18,fastvc,0.0530,74475
del18,fastvc,0.0530,74476
del18,fastvc,0.0530,74477
del18,fastvc,0.0530,74478
del18,fastvc,0.0530,74479
del18,fastvc,0.0530,74480
del18,fastvc,0.0530,74481
del18,fastvc,0.0530,74482
del18,fastvc,0.0530,74483
del18,fastvc,0.0530,74484
del18,fastvc,0.0530,74485
del18,fastvc,0.0530,74486
del18,fastvc,0.0530,74487
del18,fastvc,0.0530,74488
del18,fastvc,0.0540,74489
del18,fastvc,0.0540,74490
del18,fastvc,0.0540,74491
del18,fastvc,0.0540,74492
del18,fastvc,0.0540,74493
del18,fastvc,0.0540,74494
del18,fastvc,0.0540,74495
del18,fastvc,0.0540,74496
del18,fastvc,0.0540,74497
del18,fastvc,0.0540,74498
del18,fastvc,0.0540,74499
del18,fastvc,0.0540,74500
del18,fastvc,0.0540,74501
del18,fastvc,0.0540,74502
del18,fastvc,0.0540,74503
del18,fastvc,0.0540,74504
del18,fastvc,0.0540,74505
del18,fastvc,0.0540,74506
del18,fastvc,0.0540,74507
del18,fastvc,0.0540,74508
del18,fastvc,0.0540,74509
del18,fastvc,0.0540,74510
del18,fastvc,0.0540,74511
del18,fastvc,0.0540,74512
del18,fastvc,0.0540,74513
del18,fastvc,0.0540,74514
del18,fastvc,0.0540,74515
del18,fastvc,0.0540,74516
del18,fastvc,0.0540,74517
del18,fastvc,0.0540,74518
del18,fastvc,0.0540,74519
del18,fastvc,0.0540,74520
del18,fastvc,0.0540,74521
del18,fastvc,0.0540,74522
del18,fastvc,0.0550,74523
del18,fastvc,0.0550,74524
del18,fastvc,0.0550,74525
del18,fastvc,0.0550,74526
del18,fastvc,0.0550,74527
del18,fastvc,0.0550,74528
del18,fastvc,0.0550,74529
del18,fastvc,0.0550,74530
del18,fastvc,0.0550,74531
del18,fastvc,0.0550,74532
del18,fastvc,0.0550,74533
del18,fastvc,0.0550,74534
del18,fastvc,0.0550,74535
del18,fastvc,0.0550,74536
del18,fastvc,0.0550,74537
del18,fastvc,0.0550,74538
del18,fastvc,0.0550,74539
del18,fastvc,0.0550,74540
del18,fastvc,0.0550,74541
del18,fastvc,0.0550,74542
del18,fastvc,0.0550,74543
del18,fastvc,0.0550,74544
del18,fastvc,0.0550,74545
del18,fastvc,0.0550,74546
del18,fastvc,0.0550,74547
del18,fastvc,0.0550,74548
del18,fastvc,0.0550,74549
del18,fastvc,0.0550,74550
del18,fastvc,0.0550,74551
del18,fastvc,0.0550,74552
del18,fastvc,0.0560,74553
del18,fastvc,0.0560,74554
del18,fastvc,0.0560,74555
del18,fastvc,0.0560,74556
del18,fastvc,0.0560,74557
del18,fastvc,0.0560,74558
del18,fastvc,0.0560,74559
del18,fastvc,0.0560,74560
del18,fastvc,0.0560,74561
del18,fastvc,0.0560,74562
del18,fastvc,0.0560,74563
del18,fastvc,0.0560,74564
del18,fastvc,0.0560,74565
del18,fastvc,0.0560,74566
del18,fastvc,0.0560,74567
del18,fastvc,0.0560,74568
del18,fastvc,0.0560,74569
del18,fastvc,0.0560,74570
del18,fastvc,0.0560,74571
del18,fastvc,0.0560,74572
del18,fastvc,0.0560,74573
del18,fastvc,0.0560,74574
del18,fastvc,0.0560,74575
del18,fastvc,0.0560,74576
del18,fastvc,0.0560,74577
del18,fastvc,0.0560,74578
del18,fastvc,0.0560,74579
del18,fastvc,0.0570,74580
del18,fastvc,0.0570,74581
del18,fastvc,0.0570,74582
del18,fastvc,0.0570,74583
del18,fastvc,0.0570,74584
del18,fastvc,0.0570,74585
del18,fastvc,0.0570,74586
del18,fastvc,0.0570,74587
del18,fastvc,0.0570,74588
del18,fastvc,0.0570,74589
del18,fastvc,0.0570,74590
del18,fastvc,0.0570,74591
del18,fastvc,0.0570,74592
del18,fastvc,0.0570,74593
del18,fastvc,0.0570,74594
del18,fastvc,0.0570,74595
del18,fastvc,0.0570,74596
del18,fastvc,0.0570,74597
del18,fastvc,0.0570,74598
del18,fastvc,0.0570,74599
del18,fastvc,0.0570,74600
del18,fastvc,0.0570,74601
del18,fastvc,0.0570,74602
del18,fastvc,0.0570,74603
del18,fastvc,0.0570,74604
del18,fastvc,0.0570,74605
del18,fastvc,0.0570,74606
del18,fastvc,0.0570,74607
del18,fastvc,0.0570,74608
del18,fastvc,0.0570,74609
del18,fastvc,0.0570,74610
del18,fastvc,0.0570,74611
del18,fastvc,0.0570,74612
del18,fastvc,0.0570,74613
del18,fastvc,0.0570,74614
del18,fastvc,0.0580,74615
del18,fastvc,0.0580,74616
del18,fastvc,0.0580,74617
del18,fastvc,0.0580,74618
del18,fastvc,0.0580,74619
del18,fastvc,0.0580,74620
del18,fastvc,0.0580,74621
del18,fastvc,0.0580,74622
del18,fastvc,0.0580,74623
del18,fastvc,0.0580,74624
del18,fastvc,0.0580,74625
del18,fastvc,0.0580,74626
del18,fastvc,0.0580,74627
del18,fastvc,0.0580,74628
del18,fastvc,0.0580,74629
del18,fastvc,0.0580,74630
del18,fastvc,0.0580,74631
del18,fastvc,0.0580,74632
del18,fastvc,0.0580,74633
del18,fastvc,0.0580,74634
del18,fastvc,0.0580,74635
del18,fastvc,0.0580,74636
del18,fastvc,0.0580,74637
del18,fastvc,0.0580,74638
del18,fastvc,0.0580,74639
del18,fastvc,0.0580,74640
del18,fastvc,0.0580,74641
del18,fastvc,0.0590,74642
del18,fastvc,0.0590,74643
del18,fastvc,0.0590,74644
del18,fastvc,0.0590,74645
del18,fastvc,0.0590,74646
del18,fastvc,0.0590,74647
del18,fastvc,0.0590,74648
del18,fastvc,0.0590,74649
del18,fastvc,0.0590,74650
del18,fastvc,0.0590,74651
del18,fastvc,0.0590,74652
del18,fastvc,0.0590,74653
del18,fastvc,0.0590,74654
del18,fastvc,0.0590,74655
del18,fastvc,0.0590,74656
del18,fastvc,0.0590,74657
del18,fastvc,0.0590,74658
del18,fastvc,0.0590,74659
del18,fastvc,0.0590,74660
del18,fastvc,0.0590,74661
del18,fastvc,0.0590,74662
del18,fastvc,0.0590,74663
del18,fastvc,0.0590,74664
del18,fastvc,0.0590,74665
del18,fastvc,0.0590,74666
del18,fastvc,0.0590,74667
del18,fastvc,0.0600,74668
del18,fastvc,0.0600,74669
del18,fastvc,0.0600,74670
del18,fastvc,0.0600,74671
del18,fastvc,0.0600,74672
del18,fastvc,0.0600,74673
del18,fastvc,0.0600,74674
del18,fastvc,0.0600,74675
del18,fastvc,0.0600,74676
del18,fastvc,0.0600,74677
del18,fastvc,0.0600,74678
del18,fastvc,0.0600,74679
del18,fastvc,0.0600,74680
del18,fastvc,0.0600,74681
del18,fastvc,0.0600,74682
del18,fastvc,0.0600,74683
del18,fastvc,0.0600,74684
del18,fastvc,0.0600,74685
del18,fastvc,0.0600,74686
del18,fastvc,0.0600,74687
del18,fastvc,0.0600,74688
del18,fastvc,0.0600,74689
del18,fastvc,0.0600,74690
del18,fastvc,0.0600,74691
del18,fastvc,0.0600,74692
del18,fastvc,0.0600,74693
del18,fastvc,0.0600,74694
del18,fastvc,0.0600,74695
del18,fastvc,0.0610,74696
del18,fastvc,0.0610,74697
del18,fastvc,0.0610,74698
del18,fastvc,0.0610,74699
del18,fastvc,0.0610,74700
del18,fastvc,0.0610,74701
del18,fastvc,0.0610,74702
del18,fastvc,0.0610,74703
del18,fastvc,0.0610,74704
del18,fastvc,0.0610,74705
del18,fastvc,0.0610,74706
del18,fastvc,0.0610,74707
del18,fastvc,0.0610,74708
del18,fastvc,0.0610,74709
del18,fastvc,0.0610,74710
del18,fastvc,0.0610,74711
del18,fastvc,0.0610,74712
del18,fastvc,0.0610,74713
del18,fastvc,0.0610,74714
del18,fastvc,0.0610,74715
del18,fastvc,0.0610,74716
del18,fastvc,0.0610,74717
del18,fastvc,0.0610,74718
del18,fastvc,0.0610,74719
del18,fastvc,0.0610,74720
del18,fastvc,0.0610,74721
del18,fastvc,0.0620,74722
del18,fastvc,0.0620,74723
del18,fastvc,0.0620,74724
del18,fastvc,0.0620,74725
del18,fastvc,0.0620,74726
del18,fastvc,0.0620,74727
del18,fastvc,0.0620,74728
del18,fastvc,0.0620,74729
del18,fastvc,0.0620,74730
del18,fastvc,0.0620,74731
del18,fastvc,0.0620,74732
del18,fastvc,0.0620,74733
del18,fastvc,0.0620,74734
del18,fastvc,0.0620,74735
del18,fastvc,0.0620,74736
del18,fastvc,0.0620,74737
del18,fastvc,0.0620,74738
del18,fastvc,0.0620,74739
del18,fastvc,0.0620,74740
del18,fastvc,0.0620,74741
del18,fastvc,0.0620,74742
del18,fastvc,0.0620,74743
del18,fastvc,0.0620,74744
del18,fastvc,0.0620,74745
del18,fastvc,0.0620,74746
del18,fastvc,0.0620,74747
del18,fastvc,0.0620,74748
del18,fastvc,0.0630,74749
del18,fastvc,0.0630,74750
del18,fastvc,0.0630,74751
del18,fastvc,0.0630,74752
del18,fastvc,0.0630,74753
del18,fastvc,0.0630,74754
del18,fastvc,0.0630,74755
del18,fastvc,0.0630,74756
del18,fastvc,0.0630,74757
del18,fastvc,0.0630,74758
del18,fastvc,0.0630,74759
del18,fastvc,0.0630,74760
del18,fastvc,0.0630,74761
del18,fastvc,0.0630,74762
del18,fastvc,0.0630,74763
del18,fastvc,0.0630,74764
del18,fastvc,0.0630,74765
del18,fastvc,0.0630,74766
del18,fastvc,0.0630,74767
del18,fastvc,0.0630,74768
del18,fastvc,0.0630,74769
del18,fastvc,0.0630,74770
del18,fastvc,0.0630,74771
del18,fastvc,0.0630,74772
del18,fastvc,0.0630,74773
del18,fastvc,0.0630,74774
del18,fastvc,0.0640,74775
del18,fastvc,0.0640,74776
del18,fastvc,0.0640,74777
del18,fastvc,0.0640,74778
del18,fastvc,0.0640,74779
del18,fastvc,0.0640,74780
del18,fastvc,0.0640,74781
del18,fastvc,0.0640,74782
del18,fastvc,0.0640,74783
del18,fastvc,0.0640,74784
del18,fastvc,0.0640,74785
del18,fastvc,0.0640,74786
del18,fastvc,0.0640,74787
del18,fastvc,0.0640,74788
del18,fastvc,0.0640,74789
del18,fastvc,0.0640,74790
del18,fastvc,0.0640,74791
del18,fastvc,0.0640,74792
del18,fastvc,0.0640,74793
del18,fastvc,0.0640,74794
del18,fastvc,0.0640,74795
del18,fastvc,0.0640,74796
del18,fastvc,0.0640,74797
del18,fastvc,0.0640,74798
del18,fastvc,0.0640,74799
del18,fastvc,0.0640,74800
del18,fastvc,0.0640,74801
del18,fastvc,0.0640,74802
del18,fastvc,0.0640,74803
del18,fastvc,0.0650,74804
del18,fastvc,0.0650,74805
del18,fastvc,0.0650,74806
del18,fastvc,0.0650,74807
del18,fastvc,0.0650,74808
del18,fastvc,0.0650,74809
del18,fastvc,0.0650,74810
del18,fastvc,0.0650,74811
del18,fastvc,0.0650,74812
del18,fastvc,0.0650,74813
del18,fastvc,0.0650,74814
del18,fastvc,0.0650,74815
del18,fastvc,0.0650,74816
del18,fastvc,0.0650,74817
del18,fastvc,0.0650,74818
del18,fastvc,0.0650,74819
del18,fastvc,0.0650,74820
del18,fastvc,0.0650,74821
del18,fastvc,0.0650,74822
del18,fastvc,0.0650,74823
del18,fastvc,0.0650,74824
del18,fastvc,0.0650,74825
del18,fastvc,0.0650,74826
del18,fastvc,0.0650,74827
del18,fastvc,0.0650,74828
del18,fastvc,0.0650,74829
del18,fastvc,0.0650,74830
del18,fastvc,0.0650,74831
del18,fastvc,0.0650,74832
del18,fastvc,0.0650,74833
del18,fastvc,0.0650,74834
del18,fastvc,0.0660,74835
del18,fastvc,0.0660,74836
del18,fastvc,0.0660,74837
del18,fastvc,0.0660,74838
del18,fastvc,0.0660,74839
del18,fastvc,0.0660,74840
del18,fastvc,0.0660,74841
del18,fastvc,0.0660,74842
del18,fastvc,0.0660,74843
del18,fastvc,0.0660,74844
del18,fastvc,0.0660,74845
del18,fastvc,0.0660,74846
del18,fastvc,0.0660,74847
del18,fastvc,0.0660,74848
del18,fastvc,0.0660,74849
del18,fastvc,0.0660,74850
del18,fastvc,0.0660,74851
del18,fastvc,0.0660,74852
del18,fastvc,0.0660,74853
del18,fastvc,0.0660,74854
del18,fastvc,0.0660,74855
del18,fastvc,0.0660,74856
del18,fastvc,0.0660,74857
del18,fastvc,0.0660,74858
del18,fastvc,0.0660,74859
del18,fastvc,0.0660,74860
del18,fastvc,0.0670,74861
del18,fastvc,0.0670,74862
del18,fastvc,0.0670,74863
del18,fastvc,0.0670,74864
del18,fastvc,0.0670,74865
del18,fastvc,0.0670,74866
del18,fastvc,0.0670,74867
del18,fastvc,0.0670,74868
del18,fastvc,0.0670,74869
del18,fastvc,0.0670,74870
del18,fastvc,0.0670,74871
del18,fastvc,0.0670,74872
del18,fastvc,0.0670,74873
del18,fastvc,0.0670,74874
del18,fastvc,0.0670,74875
del18,fastvc,0.0670,74876
del18,fastvc,0.0670,74877
del18,fastvc,0.0670,74878
del18,fastvc,0.0670,74879
del18,fastvc,0.0670,74880
del18,fastvc,0.0670,74881
del18,fastvc,0.0670,74882
del18,fastvc,0.0670,74883
del18,fastvc,0.0670,74884
del18,fastvc,0.0670,74885
del18,fastvc,0.0670,74886
del18,fastvc,0.0670,74887
del18,fastvc,0.0670,74888
del18,fastvc,0.0670,74889
del18,fastvc,0.0680,74890
del18,fastvc,0.0680,74891
del18,fastvc,0.0680,74892
del18,fastvc,0.0680,74893
del18,fastvc,0.0680,74894
del18,fastvc,0.0680,74895
del18,fastvc,0.0680,74896
del18,fastvc,0.0680,74897
del18,fastvc,0.0680,74898
del18,fastvc,0.0680,74899
del18,fastvc,0.0680,74900
del18,fastvc,0.0680,74901
del18,fastvc,0.0680,74902
del18,fastvc,0.0680,74903
del18,fastvc,0.0680,74904
del18,fastvc,0.0680,74905
del18,fastvc,0.0680,74906
del18,fastvc,0.0680,74907
del18,fastvc,0.0680,74908
del18,fastvc,0.0680,74909
del18,fastvc,0.0680,74910
del18,fastvc,0.0680,74911
del18,fastvc,0.0680,74912
del18,fastvc,0.0680,74913
del18,fastvc,0.0680,74914
del18,fastvc,0.0680,74915
del18,fastvc,0.0680,74916
del18,fastvc,0.0680,74917
del18,fastvc,0.0680,74918
del18,fastvc,0.0680,74919
del18,fastvc,0.0680,74920
del18,fastvc,0.0680,74921
del18,fastvc,0.0680,74922
del18,fastvc,0.0690,74923
del18,fastvc,0.0690,74924
del18,fastvc,0.0690,74925
del18,fastvc,0.0690,74926
del18,fastvc,0.0690,74927
del18,fastvc,0.0690,74928
del18,fastvc,0.0690,74929
del18,fastvc,0.0690,74930
del18,fastvc,0.0690,74931
del18,fastvc,0.0690,74932
del18,fastvc,0.0690,74933
del18,fastvc,0.0690,74934
del18,fastvc,0.0690,74935
del18,fastvc,0.0690,74936
del18,fastvc,0.0690,74937
del18,fastvc,0.0690,74938
del18,fastvc,0.0690,74939
del18,fastvc,0.0690,74940
del18,fastvc,0.0690,74941
del18,fastvc,0.0690,74942
del18,fastvc,0.0690,74943
del18,fastvc,0.0690,74944
del18,fastvc,0.0690,74945
del18,fastvc,0.0690,74946
del18,fastvc,0.0690,74947
del18,fastvc,0.0690,74948
del18,fastvc,0.0690,74949
del18,fastvc,0.0690,74950
del18,fastvc,0.0690,74951
del18,fastvc,0.0690,74952
del18,fastvc,0.0690,74953
del18,fastvc,0.0690,74954
del18,fastvc,0.0690,74955
del18,fastvc,0.0690,74956
del18,fastvc,0.0690,74957
del18,fastvc,0.0690,74958
del18,fastvc,0.0690,74959
del18,fastvc,0.0700,74960
del18,fastvc,0.0700,74961
del18,fastvc,0.0700,74962
del18,fastvc,0.0700,74963
del18,fastvc,0.0700,74964
del18,fastvc,0.0700,74965
del18,fastvc,0.0700,74966
del18,fastvc,0.0700,74967
del18,fastvc,0.0700,74968
del18,fastvc,0.0700,74969
del18,fastvc,0.0700,74970
del18,fastvc,0.0700,74971
del18,fastvc,0.0700,74972
del18,fastvc,0.0700,74973
del18,fastvc,0.0700,74974
del18,fastvc,0.0700,74975
del18,fastvc,0.0700,74976
del18,fastvc,0.0700,74977
del18,fastvc,0.0700,74978
del18,fastvc,0.0700,74979
del18,fastvc,0.0700,74980
del18,fastvc,0.0700,74981
del18,fastvc,0.0700,74982
del18,fastvc,0.0700,74983
del18,fastvc,0.0700,74984
del18,fastvc,0.0700,74985
del18,fastvc,0.0700,74986
del18,fastvc,0.0700,74987
del18,fastvc,0.0700,74988
del18,fastvc,0.0700,74989
del18,fastvc,0.0700,74990
del18,fastvc,0.0710,74991
del18,fastvc,0.0710,74992
del18,fastvc,0.0710,74993
del18,fastvc,0.0710,74994
del18,fastvc,0.0710,74995
del18,fastvc,0.0710,74996
del18,fastvc,0.0710,74997
del18,fastvc,0.0710,74998
del18,fastvc,0.0710,74999
del18,fastvc,0.0710,75000
del18,fastvc,0.0710,75001
del18,fastvc,0.0710,75002
del18,fastvc,0.0710,75003
del18,fastvc,0.0710,75004
del18,fastvc,0.0710,75005
del18,fastvc,0.0710,75006
del18,fastvc,0.0710,75007
del18,fastvc,0.0710,75008
del18,fastvc,0.0710,75009
del18,fastvc,0.0710,75010
del18,fastvc,0.0710,75011
del18,fastvc,0.0710,75012
del18,fastvc,0.0710,75013
del18,fastvc,0.0710,75014
del18,fastvc,0.0710,75015
del18,fastvc,0.0710,75016
del18,fastvc,0.0710,75017
del18,fastvc,0.0710,75018
del18,fastvc,0.0710,75019
del18,fastvc,0.0710,75020
del18,fastvc,0.0710,75021
del18,fastvc,0.0710,75022
del18,fastvc,0.0710,75023
del18,fastvc,0.0720,75024
del18,fastvc,0.0720,75025
del18,fastvc,0.0720,75026
del18,fastvc,0.0720,75027
del18,fastvc,0.0720,75028
del18,fastvc,0.0720,75029
del18,fastvc,0.0720,75030
del18,fastvc,0.0720,75031
del18,fastvc,0.0720,75032
del18,fastvc,0.0720,75033
del18,fastvc,0.0720,75034
del18,fastvc,0.0720,75035
del18,fastvc,0.0720,75036
del18,fastvc,0.0720,75037
del18,fastvc,0.0720,75038
del18,fastvc,0.0720,75039
del18,fastvc,0.0720,75040
del18,fastvc,0.0720,75041
del18,fastvc,0.0720,75042
del18,fastvc,0.0720,75043
del18,fastvc,0.0720,75044
del18,fastvc,0.0720,75045
del18,fastvc,0.0720,75046
del18,fastvc,0.0720,75047
del18,fastvc,0.0720,75048
del18,fastvc,0.0720,75049
del18,fastvc,0.0720,75050
del18,fastvc,0.0720,75051
del18,fastvc,0.0720,75052
del18,fastvc,0.0730,75053
del18,fastvc,0.0730,75054
del18,fastvc,0.0730,75055
del18,fastvc,0.0730,75056
del18,fastvc,0.0730,75057
del18,fastvc,0.0730,75058
del18,fastvc,0.0730,75059
del18,fastvc,0.0730,75060
del18,fastvc,0.0730,75061
del18,fastvc,0.0730,75062
del18,fastvc,0.0730,75063
del18,fastvc,0.0730,75064
del18,fastvc,0.0730,75065
del18,fastvc,0.0730,75066
del18,fastvc,0.0730,75067
del18,fastvc,0.0730,75068
del18,fastvc,0.0730,75069
del18,fastvc,0.0730,75070
del18,fastvc,0.0730,75071
del18,fastvc,0.0730,75072
del18,fastvc,0.0730,75073
del18,fastvc,0.0730,75074
del18,fastvc,0.0730,75075
del18,fastvc,0.0730,75076
del18,fastvc,0.0730,75077
del18,fastvc,0.0730,75078
del18,fastvc,0.0730,75079
del18,fastvc,0.0730,75080
del18,fastvc,0.0730,75081
del18,fastvc,0.0730,75082
del18,fastvc,0.0740,75083
del18,fastvc,0.0740,75084
del18,fastvc,0.0740,75085
del18,fastvc,0.0740,75086
del18,fastvc,0.0740,75087
del18,fastvc,0.0740,75088
del18,fastvc,0.0740,75089
del18,fastvc,0.0740,75090
del18,fastvc,0.0740,75091
del18,fastvc,0.0740,75092
del18,fastvc,0.0740,75093
del18,fastvc,0.0740,75094
del18,fastvc,0.0740,75095
del18,fastvc,0.0740,75096
del18,fastvc,0.0740,75097
del18,fastvc,0.0740,75098
del18,fastvc,0.0740,75099
del18,fastvc,0.0740,75100
del18,fastvc,0.0740,75101
del18,fastvc,0.0740,75102
del18,fastvc,0.0740,75103
del18,fastvc,0.0740,75104
del18,fastvc,0.0740,75105
del18,fastvc,0.0740,75106
del18,fastvc,0.0740,75107
del18,fastvc,0.0740,75108
del18,fastvc,0.0740,75109
del18,fastvc,0.0740,75110
del18,fastvc,0.0740,75111
del18,fastvc,0.0740,75112
del18,fastvc,0.0740,75113
del18,fastvc,0.0740,75114
del18,fastvc,0.0740,75115
del18,fastvc,0.0740,75116
del18,fastvc,0.0750,75117
del18,fastvc,0.0750,75118
del18,fastvc,0.0750,75119
del18,fastvc,0.0750,75120
del18,fastvc,0.0750,75121
del18,fastvc,0.0750,75122
del18,fastvc,0.0750,75123
del18,fastvc,0.0750,75124
del18,fastvc,0.0750,75125
del18,fastvc,0.0750,75126
del18,fastvc,0.0750,75127
del18,fastvc,0.0750,75128
del18,fastvc,0.0750,75129
del18,fastvc,0.0750,75130
del18,fastvc,0.0750,75131
del18,fastvc,0.0750,75132
del18,fastvc,0.0750,75133
del18,fastvc,0.0750,75134
del18,fastvc,0.0750,75135
del18,fastvc,0.0750,75136
del18,fastvc,0.0750,75137
del18,fastvc,0.0750,75138
del18,fastvc,0.0750,75139
del18,fastvc,0.0750,75140
del18,fastvc,0.0750,75141
del18,fastvc,0.0750,75142
del18,fastvc,0.0750,75143
del18,fastvc,0.0750,75144
del18,fastvc,0.0750,75145
del18,fastvc,0.0760,75146
del18,fastvc,0.0760,75147
del18,fastvc,0.0760,75148
del18,fastvc,0.0760,75149
del18,fastvc,0.0760,75150
del18,fastvc,0.0760,75151
del18,fastvc,0.0760,75152
del18,fastvc,0.0760,75153
del18,fastvc,0.0760,75154
del18,fastvc,0.0760,75155
del18,fastvc,0.0760,75156
del18,fastvc,0.0760,75157
del18,fastvc,0.0760,75158
del18,fastvc,0.0760,75159
del18,fastvc,0.0760,75160
del18,fastvc,0.0760,75161
del18,fastvc,0.0760,75162
del18,fastvc,0.0760,75163
del18,fastvc,0.0760,75164
del18,fastvc,0.0760,75165
del18,fastvc,0.0760,75166
del18,fastvc,0.0760,75167
del18,fastvc,0.0760,75168
del18,fastvc,0.0760,75169
del18,fastvc,0.0760,75170
del18,fastvc,0.0760,75171
del18,fastvc,0.0760,75172
del18,fastvc,0.0760,75173
del18,fastvc,0.0760,75174
del18,fastvc,0.0760,75175
del18,fastvc,0.0760,75176
del18,fastvc,0.0760,75177
del18,fastvc,0.0760,75178
del18,fastvc,0.0770,75179
del18,fastvc,0.0770,75180
del18,fastvc,0.0770,75181
del18,fastvc,0.0770,75182
del18,fastvc,0.0770,75183
del18,fastvc,0.0770,75184
del18,fastvc,0.0770,75185
del18,fastvc,0.0770,75186
del18,fastvc,0.0770,75187
del18,fastvc,0.0770,75188
del18,fastvc,0.0770,75189
del18,fastvc,0.0770,75190
del18,fastvc,0.0770,75191
del18,fastvc,0.0770,75192
del18,fastvc,0.0770,75193
del18,fastvc,0.0770,75194
del18,fastvc,0.0770,75195
del18,fastvc,0.0770,75196
del18,fastvc,0.0770,75197
del18,fastvc,0.0770,75198
del18,fastvc,0.0770,75199
del18,fastvc,0.0770,75200
del18,fastvc,0.0770,75201
del18,fastvc,0.0770,75202
del18,fastvc,0.0770,75203
del18,fastvc,0.0770,75204
del18,fastvc,0.0770,75205
del18,fastvc,0.0770,75206
del18,fastvc,0.0770,75207
del18,fastvc,0.0770,75208
del18,fastvc,0.0770,75209
del18,fastvc,0.0770,75210
del18,fastvc,0.0770,75211
del18,fastvc,0.0770,75212
del18,fastvc,0.0770,75213
del18,fastvc,0.0770,75214
del18,fastvc,0.0770,75215
del18,fastvc,0.0780,75216
del18,fastvc,0.0780,75217
del18,fastvc,0.0780,75218
del18,fastvc,0.0780,75219
del18,fastvc,0.0780,75220
del18,fastvc,0.0780,75221
del18,fastvc,0.0780,75222
del18,fastvc,0.0780,75223
del18,fastvc,0.0780,75224
del18,fastvc,0.0780,75225
del18,fastvc,0.0780,75226
del18,fastvc,0.0780,75227
del18,fastvc,0.0780,75228
del18,fastvc,0.0780,75229
del18,fastvc,0.0780,75230
del18,fastvc,0.0780,75231
del18,fastvc,0.0780,75232
del18,fastvc,0.0780,75233
del18,fastvc,0.0780,75234
del18,fastvc,0.0780,75235
del18,fastvc,0.0780,75236
del18,fastvc,0.0780,75237
del18,fastvc,0.0780,75238
del18,fastvc,0.0780,75239
del18,fastvc,0.0780,75240
del18,fastvc,0.0780,75241
del18,fastvc,0.0780,75242
del18,fastvc,0.0780,75243
del18,fastvc,0.0790,75244
del18,fastvc,0.0790,75245
del18,fastvc,0.0790,75246
del18,fastvc,0.0790,75247
del18,fastvc,0.0790,75248
del18,fastvc,0.0790,75249
del18,fastvc,0.0790,75250
del18,fastvc,0.0790,75251
del18,fastvc,0.0790,75252
del18,fastvc,0.0790,75253
del18,fastvc,0.0790,75254
del18,fastvc,0.0790,75255
del18,fastvc,0.0790,75256
del18,fastvc,0.0790,75257
del18,fastvc,0.0790,75258
del18,fastvc,0.0790,75259
del18,fastvc,0.0790,75260
del18,fastvc,0.0790,75261
del18,fastvc,0.0790,75262
del18,fastvc,0.0790,75263
del18,fastvc,0.0790,75264
del18,fastvc,0.0790,75265
del18,fastvc,0.0790,75266
del18,fastvc,0.0790,75267
del18,fastvc,0.0790,75268
del18,fastvc,0.0790,75269
del18,fastvc,0.0790,75270
del18,fastvc,0.0800,75271
del18,fastvc,0.0800,75272
del18,fastvc,0.0800,75273
del18,fastvc,0.0800,75274
del18,fastvc,0.0800,75275
del18,fastvc,0.0800,75276
del18,fastvc,0.0800,75277
del18,fastvc,0.0800,75278
del18,fastvc,0.0800,75279
del18,fastvc,0.0800,75280
del18,fastvc,0.0800,75281
del18,fastvc,0.0800,75282
del18,fastvc,0.0800,75283
del18,fastvc,0.0800,75284
del18,fastvc,0.0800,75285
del18,fastvc,0.0800,75286
del18,fastvc,0.0800,75287
del18,fastvc,0.0800,75288
del18,fastvc,0.0800,75289
del18,fastvc,0.0800,75290
del18,fastvc,0.0800,75291
del18,fastvc,0.0800,75292
del18,fastvc,0.0800,75293
del18,fastvc,0.0800,75294
del18,fastvc,0.0800,75295
del18,fastvc,0.0800,75296
del18,fastvc,0.0800,75297
del18,fastvc,0.0800,75298
del18,fastvc,0.0800,75299
del18,fastvc,0.0810,75300
del18,fastvc,0.0810,75301
del18,fastvc,0.0810,75302
del18,fastvc,0.0810,75303
del18,fastvc,0.0810,75304
del18,fastvc,0.0810,75305
del18,fastvc,0.0810,75306
del18,fastvc,0.0810,75307
del18,fastvc,0.0810,75308
del18,fastvc,0.0810,75309
del18,fastvc,0.0810,75310
del18,fastvc,0.0810,75311
del18,fastvc,0.0810,75312
del18,fastvc,0.0810,75313
del18,fastvc,0.0810,75314
del18,fastvc,0.0810,75315
del18,fastvc,0.0810,75316
del18,fastvc,0.0810,75317
del18,fastvc,0.0810,75318
del18,fastvc,0.0810,75319
del18,fastvc,0.0810,75320
del18,fastvc,0.0810,75321
del18,fastvc,0.0810,75322
del18,fastvc,0.0810,75323
del18,fastvc,0.0810,75324
del18,fastvc,0.0810,75325
del18,fastvc,0.0810,75326
del18,fastvc,0.0810,75327
del18,fastvc,0.0810,75328
del18,fastvc,0.0820,75329
del18,fastvc,0.0820,75330
del18,fastvc,0.0820,75331
del18,fastvc,0.0820,75332
del18,fastvc,0.0820,75333
del18,fastvc,0.0820,75334
del18,fastvc,0.0820,75335
del18,fastvc,0.0820,75336
del18,fastvc,0.0820,75337
del18,fastvc,0.0820,75338
del18,fastvc,0.0820,75339
del18,fastvc,0.0820,75340
del18,fastvc,0.0820,75341
del18,fastvc,0.0820,75342
del18,fastvc,0.0820,75343
del18,fastvc,0.0820,75344
del18,fastvc,0.0820,75345
del18,fastvc,0.0820,75346
del18,fastvc,0.0820,75347
del18,fastvc,0.0820,75348
del18,fastvc,0.0820,75349
del18,fastvc,0.0820,75350
del18,fastvc,0.0820,75351
del18,fastvc,0.0820,75352
del18,fastvc,0.0820,75353
del18,fastvc,0.0820,75354
del18,fastvc,0.0820,75355
del18,fastvc,0.0820,75356
del18,fastvc,0.0820,75357
del18,fastvc,0.0820,75358
del18,fastvc,0.0820,75359
del18,fastvc,0.0830,75360
del18,fastvc,0.0830,75361
del18,fastvc,0.0830,75362
del18,fastvc,0.0830,75363
del18,fastvc,0.0830,75364
del18,fastvc,0.0830,75365
del18,fastvc,0.0830,75366
del18,fastvc,0.0830,75367
del18,fastvc,0.0830,75368
del18,fastvc,0.0830,75369
del18,fastvc,0.0830,75370
del18,fastvc,0.0830,75371
del18,fastvc,0.0830,75372
del18,fastvc,0.0830,75373
del18,fastvc,0.0830,75374
del18,fastvc,0.0830,75375
del18,fastvc,0.0830,75376
del18,fastvc,0.0830,75377
del18,fastvc,0.0830,75378
del18,fastvc,0.0830,75379
del18,fastvc,0.0830,75380
del18,fastvc,0.0830,75381
del18,fastvc,0.0840,75382
del18,fastvc,0.0840,75383
del18,fastvc,0.0840,75384
del18,fastvc,0.0840,75385
del18,fastvc,0.0840,75386
del18,fastvc,0.0840,75387
del18,fastvc,0.0840,75388
del18,fastvc,0.0840,75389
del18,fastvc,0.0840,75390
del18,fastvc,0.0840,75391
del18,fastvc,0.0840,75392
del18,fastvc,0.0840,75393
del18,fastvc,0.0840,75394
del18,fastvc,0.0840,75395
del18,fastvc,0.0840,75396
del18,fastvc,0.0840,75397
del18,fastvc,0.0840,75398
del18,fastvc,0.0840,75399
del18,fastvc,0.0840,75400
del18,fastvc,0.0840,75401
del18,fastvc,0.0840,75402
del18,fastvc,0.0840,75403
del18,fastvc,0.0840,75404
del18,fastvc,0.0840,75405
del18,fastvc,0.0840,75406
del18,fastvc,0.0840,75407
del18,fastvc,0.0840,75408
del18,fastvc,0.0840,75409
del18,fastvc,0.0840,75410
del18,fastvc,0.0840,75411
del18,fastvc,0.0850,75412
del18,fastvc,0.0850,75413
del18,fastvc,0.0850,75414
del18,fastvc,0.0850,75415
del18,fastvc,0.0850,75416
del18,fastvc,0.0850,75417
del18,fastvc,0.0850,75418
del18,fastvc,0.0850,75419
del18,fastvc,0.0850,75420
del18,fastvc,0.0850,75421
del18,fastvc,0.0850,75422
del18,fastvc,0.0850,75423
del18,fastvc,0.0850,75424
del18,fastvc,0.0850,75425
del18,fastvc,0.0850,75426
del18,fastvc,0.0850,75427
del18,fastvc,0.0850,75428
del18,fastvc,0.0850,75429
del18,fastvc,0.0850,75430
del18,fastvc,0.0850,75431
del18,fastvc,0.0850,75432
del18,fastvc,0.0850,75433
del18,fastvc,0.0850,75434
del18,fastvc,0.0850,75435
del18,fastvc,0.0850,75436
del18,fastvc,0.0850,75437
del18,fastvc,0.0860,75438
del18,fastvc,0.0860,75439
del18,fastvc,0.0860,75440
del18,fastvc,0.0860,75441
del18,fastvc,0.0860,75442
del18,fastvc,0.0860,75443
del18,fastvc,0.0860,75444
del18,fastvc,0.0860,75445
del18,fastvc,0.0860,75446
del18,fastvc,0.0860,75447
del18,fastvc,0.0860,75448
del18,fastvc,0.0860,75449
del18,fastvc,0.0860,75450
del18,fastvc,0.0860,75451
del18,fastvc,0.0860,75452
del18,fastvc,0.0860,75453
del18,fastvc,0.0860,75454
del18,fastvc,0.0860,75455
del18,fastvc,0.0860,75456
del18,fastvc,0.0860,75457
del18,fastvc,0.0860,75458
del18,fastvc,0.0860,75459
del18,fastvc,0.0860,75460
del18,fastvc,0.0860,75461
del18,fastvc,0.0860,75462
del18,fastvc,0.0860,75463
del18,fastvc,0.0870,75464
del18,fastvc,0.0870,75465
del18,fastvc,0.0870,75466
del18,fastvc,0.0870,75467
del18,fastvc,0.0870,75468
del18,fastvc,0.0870,75469
del18,fastvc,0.0870,75470
del18,fastvc,0.0870,75471
del18,fastvc,0.0870,75472
del18,fastvc,0.0870,75473
del18,fastvc,0.0870,75474
del18,fastvc,0.0870,75475
del18,fastvc,0.0870,75476
del18,fastvc,0.0870,75477
del18,fastvc,0.0870,75478
del18,fastvc,0.0870,75479
del18,fastvc,0.0870,75480
del18,fastvc,0.0870,75481
del18,fastvc,0.0870,75482
del18,fastvc,0.0870,75483
del18,fastvc,0.0870,75484
del18,fastvc,0.0870,75485
del18,fastvc,0.0870,75486
del18,fastvc,0.0870,75487
del18,fastvc,0.0870,75488
del18,fastvc,0.0870,75489
del18,fastvc,0.0870,75490
del18,fastvc,0.0870,75491
del18,fastvc,0.0870,75492
del18,fastvc,0.0870,75493
del18,fastvc,0.0870,75494
del18,fastvc,0.0870,75495
del18,fastvc,0.0880,75496
del18,fastvc,0.0880,75497
del18,fastvc,0.0880,75498
del18,fastvc,0.0880,75499
del18,fastvc,0.0880,75500
del18,fastvc,0.0880,75501
del18,fastvc,0.0880,75502
del18,fastvc,0.0880,75503
del18,fastvc,0.0880,75504
del18,fastvc,0.0880,75505
del18,fastvc,0.0880,75506
del18,fastvc,0.0880,75507
del18,fastvc,0.0880,75508
del18,fastvc,0.0880,75509
del18,fastvc,0.0880,75510
del18,fastvc,0.0880,75511
del18,fastvc,0.0880,75512
del18,fastvc,0.0880,75513
del18,fastvc,0.0880,75514
del18,fastvc,0.0880,75515
del18,fastvc,0.0880,75516
del18,fastvc,0.0880,75517
del18,fastvc,0.0880,75518
del18,fastvc,0.0890,75519
del18,fastvc,0.0890,75520
del18,fastvc,0.0890,75521
del18,fastvc,0.0890,75522
del18,fastvc,0.0890,75523
del18,fastvc,0.0890,75524
del18,fastvc,0.0890,75525
del18,fastvc,0.0890,75526
del18,fastvc,0.0890,75527
del18,fastvc,0.0890,75528
del18,fastvc,0.0890,75529
del18,fastvc,0.0890,75530
del18,fastvc,0.0890,75531
del18,fastvc,0.0890,75532
del18,fastvc,0.0890,75533
del18,fastvc,0.0890,75534
del18,fastvc,0.0890,75535
del18,fastvc,0.0890,75536
del18,fastvc,0.0890,75537
del18,fastvc,0.0890,75538
del18,fastvc,0.0890,75539
del18,fastvc,0.0890,75540
del18,fastvc,0.0890,75541
del18,fastvc,0.0890,75542
del18,fastvc,0.0890,75543
del18,fastvc,0.0890,75544
del18,fastvc,0.0890,75545
del18,fastvc,0.0890,75546
del18,fastvc,0.0900,75547
del18,fastvc,0.0900,75548
del18,fastvc,0.0900,75549
del18,fastvc,0.0900,75550
del18,fastvc,0.0900,75551
del18,fastvc,0.0900,75552
del18,fastvc,0.0900,75553
del18,fastvc,0.0900,75554
del18,fastvc,0.0900,75555
del18,fastvc,0.0900,75556
del18,fastvc,0.0900,75557
del18,fastvc,0.0900,75558
del18,fastvc,0.0900,75559
del18,fastvc,0.0900,75560
del18,fastvc,0.0900,75561
del18,fastvc,0.0900,75562
del18,fastvc,0.0900,75563
del18,fastvc,0.0900,75564
del18,fastvc,0.0900,75565
del18,fastvc,0.0900,75566
del18,fastvc,0.0900,75567
del18,fastvc,0.0900,75568
del18,fastvc,0.0900,75569
del18,fastvc,0.0900,75570
del18,fastvc,0.0900,75571
del18,fastvc,0.0900,75572
del18,fastvc,0.0910,75573
del18,fastvc,0.0910,75574
del18,fastvc,0.0910,75575
del18,fastvc,0.0910,75576
del18,fastvc,0.0910,75577
del18,fastvc,0.0910,75578
del18,fastvc,0.0910,75579
del18,fastvc,0.0910,75580
del18,fastvc,0.0910,75581
del18,fastvc,0.0910,75582
del18,fastvc,0.0910,75583
del18,fastvc,0.0910,75584
del18,fastvc,0.0910,75585
del18,fastvc,0.0910,75586
del18,fastvc,0.0910,75587
del18,fastvc,0.0910,75588
del18,fastvc,0.0910,75589
del18,fastvc,0.0910,75590
del18,fastvc,0.0910,75591
del18,fastvc,0.0910,75592
del18,fastvc,0.0910,75593
del18,fastvc,0.0920,75594
del18,fastvc,0.0920,75595
del18,fastvc,0.0920,75596
del18,fastvc,0.0920,75597
del18,fastvc,0.0920,75598
del18,fastvc,0.0920,75599
del18,fastvc,0.0920,75600
del18,fastvc,0.0920,75601
del18,fastvc,0.0920,75602
del18,fastvc,0.0920,75603
del18,fastvc,0.0920,75604
del18,fastvc,0.0920,75605
del18,fastvc,0.0920,75606
del18,fastvc,0.0920,75607
del18,fastvc,0.0920,75608
del18,fastvc,0.0920,75609
del18,fastvc,0.0920,75610
del18,fastvc,0.0920,75611
del18,fastvc,0.0920,75612
del18,fastvc,0.0920,75613
del18,fastvc,0.0920,75614
del18,fastvc,0.0930,75615
del18,fastvc,0.0930,75616
del18,fastvc,0.0930,75617
del18,fastvc,0.0930,75618
del18,fastvc,0.0930,75619
del18,fastvc,0.0930,75620
del18,fastvc,0.0930,75621
del18,fastvc,0.0930,75622
del18,fastvc,0.0930,75623
del18,fastvc,0.0930,75624
del18,fastvc,0.0940,75625
del18,fastvc,0.0940,75626
del18,fastvc,0.0940,75627
del18,fastvc,0.0940,75628
del18,fastvc,0.0940,75629
del18,fastvc,0.0940,75630
del18,fastvc,0.0940,75631
del18,fastvc,0.0940,75632
del18,fastvc,0.0940,75633
del18,fastvc,0.0940,75634
del18,fastvc,0.0940,75635
del18,fastvc,0.0940,75636
del18,fastvc,0.0940,75637
del18,fastvc,0.0940,75638
del18,fastvc,0.0940,75639
del18,fastvc,0.0940,75640
del18,fastvc,0.0940,75641
del18,fastvc,0.0940,75642
del18,fastvc,0.0940,75643
del18,fastvc,0.0940,75644
del18,fastvc,0.0940,75645
del18,fastvc,0.0940,75646
del18,fastvc,0.0940,75647
del18,fastvc,0.0940,75648
del18,fastvc,0.0940,75649
del18,fastvc,0.0940,75650
del18,fastvc,0.0940,75651
del18,fastvc,0.0940,75652
del18,fastvc,0.0950,75653
del18,fastvc,0.0950,75654
del18,fastvc,0.0950,75655
del18,fastvc,0.0950,75656
del18,fastvc,0.0950,75657
del18,fastvc,0.0950,75658
del18,fastvc,0.0950,75659
del18,fastvc,0.0950,75660
del18,fastvc,0.0950,75661
del18,fastvc,0.0950,75662
del18,fastvc,0.0950,75663
del18,fastvc,0.0950,75664
del18,fastvc,0.0950,75665
del18,fastvc,0.0950,75666
del18,fastvc,0.0950,75667
del18,fastvc,0.0950,75668
del18,fastvc,0.0950,75669
del18,fastvc,0.0950,75670
del18,fastvc,0.0950,75671
del18,fastvc,0.0950,75672
del18,fastvc,0.0950,75673
del18,fastvc,0.0950,75674
del18,fastvc,0.0950,75675
del18,fastvc,0.0950,75676
del18,fastvc,0.0950,75677
del18,fastvc,0.0950,75678
del18,fastvc,0.0950,75679
del18,fastvc,0.0950,75680
del18,fastvc,0.0950,75681
del18,fastvc,0.0960,75682
del18,fastvc,0.0960,75683
del18,fastvc,0.0960,75684
del18,fastvc,0.0960,75685
del18,fastvc,0.0960,75686
del18,fastvc,0.0960,75687
del18,fastvc,0.0960,75688
del18,fastvc,0.0960,75689
del18,fastvc,0.0960,75690
del18,fastvc,0.0960,75691
del18,fastvc,0.0960,75692
del18,fastvc,0.0960,75693
del18,fastvc,0.0960,75694
del18,fastvc,0.0960,75695
del18,fastvc,0.0960,75696
del18,fastvc,0.0960,75697
del18,fastvc,0.0960,75698
del18,fastvc,0.0960,75699
del18,fastvc,0.0960,75700
del18,fastvc,0.0960,75701
del18,fastvc,0.0960,75702
del18,fastvc,0.0960,75703
del18,fastvc,0.0960,75704
del18,fastvc,0.0960,75705
del18,fastvc,0.0960,75706
del18,fastvc,0.0970,75707
del18,fastvc,0.0970,75708
del18,fastvc,0.0970,75709
del18,fastvc,0.0970,75710
del18,fastvc,0.0970,75711
del18,fastvc,0.0970,75712
del18,fastvc,0.0970,75713
del18,fastvc,0.0970,75714
del18,fastvc,0.0970,75715
del18,fastvc,0.0970,75716
del18,fastvc,0.0970,75717
del18,fastvc,0.0970,75718
del18,fastvc,0.0970,75719
del18,fastvc,0.0970,75720
del18,fastvc,0.0970,75721
del18,fastvc,0.0970,75722
del18,fastvc,0.0970,75723
del18,fastvc,0.0970,75724
del18,fastvc,0.0970,75725
del18,fastvc,0.0970,75726
del18,fastvc,0.0970,75727
del18,fastvc,0.0970,75728
del18,fastvc,0.0970,75729
del18,fastvc,0.0970,75730
del18,fastvc,0.0970,75731
del18,fastvc,0.0970,75732
del18,fastvc,0.0970,75733
del18,fastvc,0.0970,75734
del18,fastvc,0.0970,75735
del18,fastvc,0.0970,75736
del18,fastvc,0.0980,75737
del18,fastvc,0.0980,75738
del18,fastvc,0.0980,75739
del18,fastvc,0.0980,75740
del18,fastvc,0.0980,75741
del18,fastvc,0.0980,75742
del18,fastvc,0.0980,75743
del18,fastvc,0.0980,75744
del18,fastvc,0.0980,75745
del18,fastvc,0.0980,75746
del18,fastvc,0.0980,75747
del18,fastvc,0.0980,75748
del18,fastvc,0.0980,75749
del18,fastvc,0.0980,75750
del18,fastvc,0.0980,75751
del18,fastvc,0.0980,75752
del18,fastvc,0.0980,75753
del18,fastvc,0.0980,75754
del18,fastvc,0.0980,75755
del18,fastvc,0.0980,75756
del18,fastvc,0.0980,75757
del18,fastvc,0.0980,75758
del18,fastvc,0.0980,75759
del18,fastvc,0.0980,75760
del18,fastvc,0.0980,75761
del18,fastvc,0.0990,75762
del18,fastvc,0.0990,75763
del18,fastvc,0.0990,75764
del18,fastvc,0.0990,75765
del18,fastvc,0.0990,75766
del18,fastvc,0.0990,75767
del18,fastvc,0.0990,75768
del18,fastvc,0.0990,75769
del18,fastvc,0.0990,75770
del18,fastvc,0.0990,75771
del18,fastvc,0.0990,75772
del18,fastvc,0.0990,75773
del18,fastvc,0.0990,75774
del18,fastvc,0.0990,75775
del18,fastvc,0.0990,75776
del18,fastvc,0.0990,75777
del18,fastvc,0.0990,75778
del18,fastvc,0.0990,75779
del18,fastvc,0.0990,75780
del18,fastvc,0.0990,75781
del18,fastvc,0.0990,75782
del18,fastvc,0.0990,75783
del18,fastvc,0.0990,75784
del18,fastvc,0.0990,75785
del18,fastvc,0.0990,75786
del18,fastvc,0.0990,75787
del18,fastvc,0.1000,75788
del18,fastvc,0.1000,75789
del18,fastvc,0.1000,75790
del18,fastvc,0.1000,75791
del18,fastvc,0.1000,75792
del18,fastvc,0.1000,75793
del18,fastvc,0.1000,75794
del18,fastvc,0.1000,75795
del18,fastvc,0.1000,75796
del18,fastvc,0.1000,75797
del18,fastvc,0.1000,75798
del18,fastvc,0.1000,75799
del18,fastvc,0.1000,75800
del18,fastvc,0.1000,75801
del18,fastvc,0.1000,75802
del18,fastvc,0.1000,75803
del18,fastvc,0.1000,75804
del18,fastvc,0.1000,75805
del18,fastvc,0.1000,75806
del18,fastvc,0.1000,75807
del18,fastvc,0.1000,75808
del18,fastvc,0.1000,75809
del18,fastvc,0.1000,75810
del18,fastvc,0.1000,75811
del18,fastvc,0.1000,75812
del18,fastvc,0.1000,75813
del18,fastvc,0.1000,75814
del18,fastvc,0.1000,75815
del18,fastvc,0.1000,75816
del18,fastvc,0.1000,75817
del18,fastvc,0.1000,75818
del18,fastvc,0.1010,75819
del18,fastvc,0.1010,75820
del18,fastvc,0.1010,75821
del18,fastvc,0.1010,75822
del18,fastvc,0.1010,75823
del18,fastvc,0.1010,75824
del18,fastvc,0.1010,75825
del18,fastvc,0.1010,75826
del18,fastvc,0.1010,75827
del18,fastvc,0.1010,75828
del18,fastvc,0.1010,75829
del18,fastvc,0.1010,75830
del18,fastvc,0.1010,75831
del18,fastvc,0.1010,75832
del18,fastvc,0.1010,75833
del18,fastvc,0.1010,75834
del18,fastvc,0.1010,75835
del18,fastvc,0.1010,75836
del18,fastvc,0.1010,75837
del18,fastvc,0.1010,75838
del18,fastvc,0.1010,75839
del18,fastvc,0.1010,75840
del18,fastvc,0.1010,75841
del18,fastvc,0.1010,75842
del18,fastvc,0.1010,75843
del18,fastvc,0.1010,75844
del18,fastvc,0.1010,75845
del18,fastvc,0.1010,75846
del18,fastvc,0.1010,75847
del18,fastvc,0.1020,75848
del18,fastvc,0.1020,75849
del18,fastvc,0.1020,75850
del18,fastvc,0.1020,75851
del18,fastvc,0.1020,75852
del18,fastvc,0.1020,75853
del18,fastvc,0.1020,75854
del18,fastvc,0.1020,75855
del18,fastvc,0.1020,75856
del18,fastvc,0.1020,75857
del18,fastvc,0.1020,75858
del18,fastvc,0.1020,75859
del18,fastvc,0.1020,75860
del18,fastvc,0.1020,75861
del18,fastvc,0.1020,75862
del18,fastvc,0.1020,75863
del18,fastvc,0.1020,75864
del18,fastvc,0.1020,75865
del18,fastvc,0.1020,75866
del18,fastvc,0.1020,75867
del18,fastvc,0.1020,75868
del18,fastvc,0.1020,75869
del18,fastvc,0.1020,75870
del18,fastvc,0.1020,75871
del18,fastvc,0.1020,75872
del18,fastvc,0.1020,75873
del18,fastvc,0.1020,75874
del18,fastvc,0.1020,75875
del18,fastvc,0.1030,75876
del18,fastvc,0.1030,75877
del18,fastvc,0.1030,75878
del18,fastvc,0.1030,75879
del18,fastvc,0.1030,75880
del18,fastvc,0.1030,75881
del18,fastvc,0.1030,75882
del18,fastvc,0.1030,75883
del18,fastvc,0.1030,75884
del18,fastvc,0.1030,75885
del18,fastvc,0.1030,75886
del18,fastvc,0.1030,75887
del18,fastvc,0.1030,75888
del18,fastvc,0.1030,75889
del18,fastvc,0.1030,75890
del18,fastvc,0.1030,75891
del18,fastvc,0.1030,75892
del18,fastvc,0.1030,75893
del18,fastvc,0.1030,75894
del18,fastvc,0.1030,75895
del18,fastvc,0.1030,75896
del18,fastvc,0.1030,75897
del18,fastvc,0.1030,75898
del18,fastvc,0.1030,75899
del18,fastvc,0.1040,75900
del18,fastvc,0.1040,75901
del18,fastvc,0.1040,75902
del18,fastvc,0.1040,75903
del18,fastvc,0.1040,75904
del18,fastvc,0.1040,75905
del18,fastvc,0.1040,75906
del18,fastvc,0.1040,75907
del18,fastvc,0.1040,75908
del18,fastvc,0.1040,75909
del18,fastvc,0.1040,75910
del18,fastvc,0.1040,75911
del18,fastvc,0.1040,75912
del18,fastvc,0.1040,75913
del18,fastvc,0.1040,75914
del18,fastvc,0.1040,75915
del18,fastvc,0.1040,75916
del18,fastvc,0.1040,75917
del18,fastvc,0.1040,75918
del18,fastvc,0.1040,75919
del18,fastvc,0.1040,75920
del18,fastvc,0.1040,75921
del18,fastvc,0.1040,75922
del18,fastvc,0.1040,75923
del18,fastvc,0.1040,75924
del18,fastvc,0.1040,75925
del18,fastvc,0.1040,75926
del18,fastvc,0.1040,75927
del18,fastvc,0.1040,75928
del18,fastvc,0.1040,75929
del18,fastvc,0.1050,75930
del18,fastvc,0.1050,75931
del18,fastvc,0.1050,75932
del18,fastvc,0.1050,75933
del18,fastvc,0.1050,75934
del18,fastvc,0.1050,75935
del18,fastvc,0.1050,75936
del18,fastvc,0.1050,75937
del18,fastvc,0.1050,75938
del18,fastvc,0.1050,75939
del18,fastvc,0.1050,75940
del18,fastvc,0.1050,75941
del18,fastvc,0.1050,75942
del18,fastvc,0.1050,75943
del18,fastvc,0.1050,75944
del18,fastvc,0.1050,75945
del18,fastvc,0.1050,75946
del18,fastvc,0.1060,75947
del18,fastvc,0.1060,75948
del18,fastvc,0.1060,75949
del18,fastvc,0.1060,75950
del18,fastvc,0.1060,75951
del18,fastvc,0.1060,75952
del18,fastvc,0.1060,75953
del18,fastvc,0.1060,75954
del18,fastvc,0.1060,75955
del18,fastvc,0.1070,75956
del18,fastvc,0.1070,75957
del18,fastvc,0.1070,75958
del18,fastvc,0.1070,75959
del18,fastvc,0.1070,75960
del18,fastvc,0.1070,75961
del18,fastvc,0.1070,75962
del18,fastvc,0.1070,75963
del18,fastvc,0.1070,75964
del18,fastvc,0.1070,75965
del18,fastvc,0.1070,75966
del18,fastvc,0.1070,75967
del18,fastvc,0.1070,75968
del18,fastvc,0.1070,75969
del18,fastvc,0.1070,75970
del18,fastvc,0.1070,75971
del18,fastvc,0.1070,75972
del18,fastvc,0.1070,75973
del18,fastvc,0.1070,75974
del18,fastvc,0.1070,75975
del18,fastvc,0.1080,75976
del18,fastvc,0.1080,75977
del18,fastvc,0.1080,75978
del18,fastvc,0.1080,75979
del18,fastvc,0.1080,75980
del18,fastvc,0.1080,75981
del18,fastvc,0.1080,75982
del18,fastvc,0.1080,75983
del18,fastvc,0.1080,75984
del18,fastvc,0.1080,75985
del18,fastvc,0.1080,75986
del18,fastvc,0.1080,75987
del18,fastvc,0.1080,75988
del18,fastvc,0.1080,75989
del18,fastvc,0.1080,75990
del18,fastvc,0.1080,75991
del18,fastvc,0.1080,75992
del18,fastvc,0.1080,75993
del18,fastvc,0.1080,75994
del18,fastvc,0.1080,75995
del18,fastvc,0.1080,75996
del18,fastvc,0.1090,75997
del18,fastvc,0.1090,75998
del18,fastvc,0.1090,75999
del18,fastvc,0.1090,76000
del18,fastvc,0.1090,76001
del18,fastvc,0.1090,76002
del18,fastvc,0.1090,76003
del18,fastvc,0.1090,76004
del18,fastvc,0.1090,76005
del18,fastvc,0.1090,76006
del18,fastvc,0.1090,76007
del18,fastvc,0.1090,76008
del18,fastvc,0.1090,76009
del18,fastvc,0.1090,76010
del18,fastvc,0.1090,76011
del18,fastvc,0.1090,76012
del18,fastvc,0.1090,76013
del18,fastvc,0.1090,76014
del18,fastvc,0.1090,76015
del18,fastvc,0.1090,76016
del18,fastvc,0.1090,76017
del18,fastvc,0.1090,76018
del18,fastvc,0.1090,76019
del18,fastvc,0.1090,76020
del18,fastvc,0.1100,76021
del18,fastvc,0.1100,76022
del18,fastvc,0.1100,76023
del18,fastvc,0.1100,76024
del18,fastvc,0.1100,76025
del18,fastvc,0.1100,76026
del18,fastvc,0.1100,76027
del18,fastvc,0.1100,76028
del18,fastvc,0.1100,76029
del18,fastvc,0.1100,76030
del18,fastvc,0.1100,76031
del18,fastvc,0.1100,76032
del18,fastvc,0.1100,76033
del18,fastvc,0.1100,76034
del18,fastvc,0.1100,76035
del18,fastvc,0.1100,76036
del18,fastvc,0.1110,76037
del18,fastvc,0.1110,76038
del18,fastvc,0.1110,76039
del18,fastvc,0.1110,76040
del18,fastvc,0.1110,76041
del18,fastvc,0.1110,76042
del18,fastvc,0.1110,76043
del18,fastvc,0.1110,76044
del18,fastvc,0.1110,76045
del18,fastvc,0.1110,76046
del18,fastvc,0.1110,76047
del18,fastvc,0.1110,76048
del18,fastvc,0.1110,76049
del18,fastvc,0.1110,76050
del18,fastvc,0.1110,76051
del18,fastvc,0.1110,76052
del18,fastvc,0.1110,76053
del18,fastvc,0.1110,76054
del18,fastvc,0.1110,76055
del18,fastvc,0.1110,76056
del18,fastvc,0.1110,76057
del18,fastvc,0.1110,76058
del18,fastvc,0.1110,76059
del18,fastvc,0.1110,76060
del18,fastvc,0.1110,76061
del18,fastvc,0.1120,76062
del18,fastvc,0.1120,76063
del18,fastvc,0.1120,76064
del18,fastvc,0.1120,76065
del18,fastvc,0.1120,76066
del18,fastvc,0.1120,76067
del18,fastvc,0.1120,76068
del18,fastvc,0.1120,76069
del18,fastvc,0.1120,76070
del18,fastvc,0.1120,76071
del18,fastvc,0.1120,76072
del18,fastvc,0.1120,76073
del18,fastvc,0.1120,76074
del18,fastvc,0.1120,76075
del18,fastvc,0.1120,76076
del18,fastvc,0.1120,76077
del18,fastvc,0.1120,76078
del18,fastvc,0.1120,76079
del18,fastvc,0.1130,76080
del18,fastvc,0.1130,76081
del18,fastvc,0.1130,76082
del18,fastvc,0.1130,76083
del18,fastvc,0.1130,76084
del18,fastvc,0.1130,76085
del18,fastvc,0.1130,76086
del18,fastvc,0.1130,76087
del18,fastvc,0.1130,76088
del18,fastvc,0.1130,76089
del18,fastvc,0.1130,76090
del18,fastvc,0.1130,76091
del18,fastvc,0.1130,76092
del18,fastvc,0.1130,76093
del18,fastvc,0.1130,76094
del18,fastvc,0.1130,76095
del18,fastvc,0.1130,76096
del18,fastvc,0.1140,76097
del18,fastvc,0.1140,76098
del18,fastvc,0.1140,76099
del18,fastvc,0.1140,76100
del18,fastvc,0.1140,76101
del18,fastvc,0.1140,76102
del18,fastvc,0.1140,76103
del18,fastvc,0.1140,76104
del18,fastvc,0.1140,76105
del18,fastvc,0.1140,76106
del18,fastvc,0.1140,76107
del18,fastvc,0.1140,76108
del18,fastvc,0.1140,76109
del18,fastvc,0.1140,76110
del18,fastvc,0.1140,76111
del18,fastvc,0.1140,76112
del18,fastvc,0.1140,76113
del18,fastvc,0.1140,76114
del18,fastvc,0.1140,76115
del18,fastvc,0.1140,76116
del18,fastvc,0.1140,76117
del18,fastvc,0.1150,76118
del18,fastvc,0.1150,76119
del18,fastvc,0.1150,76120
del18,fastvc,0.1150,76121
del18,fastvc,0.1150,76122
del18,fastvc,0.1150,76123
del18,fastvc,0.1160,76124
del18,fastvc,0.1160,76125
del18,fastvc,0.1160,76126
del18,fastvc,0.1160,76127
del18,fastvc,0.1160,76128
del18,fastvc,0.1160,76129
del18,fastvc,0.1160,76130
del18,fastvc,0.1160,76131
del18,fastvc,0.1160,76132
del18,fastvc,0.1160,76133
del18,fastvc,0.1160,76134
del18,fastvc,0.1160,76135
del18,fastvc,0.1160,76136
del18,fastvc,0.1160,76137
del18,fastvc,0.1160,76138
del18,fastvc,0.1160,76139
del18,fastvc,0.1160,76140
del18,fastvc,0.1160,76141
del18,fastvc,0.1160,76142
del18,fastvc,0.1170,76143
del18,fastvc,0.1170,76144
del18,fastvc,0.1170,76145
del18,fastvc,0.1170,76146
del18,fastvc,0.1170,76147
del18,fastvc,0.1170,76148
del18,fastvc,0.1170,76149
del18,fastvc,0.1170,76150
del18,fastvc,0.1170,76151
del18,fastvc,0.1170,76152
del18,fastvc,0.1170,76153
del18,fastvc,0.1170,76154
del18,fastvc,0.1170,76155
del18,fastvc,0.1170,76156
del18,fastvc,0.1170,76157
del18,fastvc,0.1170,76158
del18,fastvc,0.1170,76159
del18,fastvc,0.1170,76160
del18,fastvc,0.1170,76161
del18,fastvc,0.1170,76162
del18,fastvc,0.1170,76163
del18,fastvc,0.1170,76164
del18,fastvc,0.1170,76165
del18,fastvc,0.1170,76166
del18,fastvc,0.1170,76167
del18,fastvc,0.1170,76168
del18,fastvc,0.1180,76169
del18,fastvc,0.1180,76170
del18,fastvc,0.1180,76171
del18,fastvc,0.1180,76172
del18,fastvc,0.1180,76173
del18,fastvc,0.1180,76174
del18,fastvc,0.1180,76175
del18,fastvc,0.1180,76176
del18,fastvc,0.1180,76177
del18,fastvc,0.1180,76178
del18,fastvc,0.1180,76179
del18,fastvc,0.1180,76180
del18,fastvc,0.1180,76181
del18,fastvc,0.1180,76182
del18,fastvc,0.1180,76183
del18,fastvc,0.1180,76184
del18,fastvc,0.1180,76185
del18,fastvc,0.1180,76186
del18,fastvc,0.1180,76187
del18,fastvc,0.1180,76188
del18,fastvc,0.1180,76189
del18,fastvc,0.1190,76190
del18,fastvc,0.1190,76191
del18,fastvc,0.1190,76192
del18,fastvc,0.1190,76193
del18,fastvc,0.1190,76194
del18,fastvc,0.1190,76195
del18,fastvc,0.1190,76196
del18,fastvc,0.1190,76197
del18,fastvc,0.1190,76198
del18,fastvc,0.1190,76199
del18,fastvc,0.1190,76200
del18,fastvc,0.1190,76201
del18,fastvc,0.1190,76202
del18,fastvc,0.1190,76203
del18,fastvc,0.1190,76204
del18,fastvc,0.1200,76205
del18,fastvc,0.1200,76206
del18,fastvc,0.1200,76207
del18,fastvc,0.1200,76208
del18,fastvc,0.1200,76209
del18,fastvc,0.1200,76210
del18,fastvc,0.1200,76211
del18,fastvc,0.1200,76212
del18,fastvc,0.1200,76213
del18,fastvc,0.1200,76214
del18,fastvc,0.1200,76215
del18,fastvc,0.1200,76216
del18,fastvc,0.1200,76217
del18,fastvc,0.1200,76218
del18,fastvc,0.1200,76219
del18,fastvc,0.1200,76220
del18,fastvc,0.1200,76221
del18,fastvc,0.1200,76222
del18,fastvc,0.1200,76223
del18,fastvc,0.1200,76224
del18,fastvc,0.1200,76225
del18,fastvc,0.1210,76226
del18,fastvc,0.1210,76227
del18,fastvc,0.1210,76228
del18,fastvc,0.1210,76229
del18,fastvc,0.1210,76230
del18,fastvc,0.1210,76231
del18,fastvc,0.1210,76232
del18,fastvc,0.1210,76233
del18,fastvc,0.1210,76234
del18,fastvc,0.1210,76235
del18,fastvc,0.1210,76236
del18,fastvc,0.1210,76237
del18,fastvc,0.1210,76238
del18,fastvc,0.1210,76239
del18,fastvc,0.1210,76240
del18,fastvc,0.1210,76241
del18,fastvc,0.1210,76242
del18,fastvc,0.1210,76243
del18,fastvc,0.1210,76244
del18,fastvc,0.1210,76245
del18,fastvc,0.1210,76246
del18,fastvc,0.1210,76247
del18,fastvc,0.1210,76248
del18,fastvc,0.1210,76249
del18,fastvc,0.1220,76250
del18,fastvc,0.1220,76251
del18,fastvc,0.1220,76252
del18,fastvc,0.1220,76253
del18,fastvc,0.1220,76254
del18,fastvc,0.1220,76255
del18,fastvc,0.1220,76256
del18,fastvc,0.1220,76257
del18,fastvc,0.1220,76258
del18,fastvc,0.1220,76259
del18,fastvc,0.1220,76260
del18,fastvc,0.1220,76261
del18,fastvc,0.1220,76262
del18,fastvc,0.1220,76263
del18,fastvc,0.1220,76264
del18,fastvc,0.1220,76265
del18,fastvc,0.1220,76266
del18,fastvc,0.1220,76267
del18,fastvc,0.1220,76268
del18,fastvc,0.1230,76269
del18,fastvc,0.1230,76270
del18,fastvc,0.1230,76271
del18,fastvc,0.1230,76272
del18,fastvc,0.1230,76273
del18,fastvc,0.1230,76274
del18,fastvc,0.1230,76275
del18,fastvc,0.1230,76276
del18,fastvc,0.1230,76277
del18,fastvc,0.1230,76278
del18,fastvc,0.1230,76279
del18,fastvc,0.1230,76280
del18,fastvc,0.1230,76281
del18,fastvc,0.1230,76282
del18,fastvc,0.1230,76283
del18,fastvc,0.1230,76284
del18,fastvc,0.1240,76285
del18,fastvc,0.1240,76286
del18,fastvc,0.1240,76287
del18,fastvc,0.1240,76288
del18,fastvc,0.1240,76289
del18,fastvc,0.1240,76290
del18,fastvc,0.1240,76291
del18,fastvc,0.1240,76292
del18,fastvc,0.1240,76293
del18,fastvc,0.1240,76294
del18,fastvc,0.1240,76295
del18,fastvc,0.1240,76296
del18,fastvc,0.1240,76297
del18,fastvc,0.1240,76298
del18,fastvc,0.1240,76299
del18,fastvc,0.1240,76300
del18,fastvc,0.1240,76301
del18,fastvc,0.1240,76302
del18,fastvc,0.1240,76303
del18,fastvc,0.1240,76304
del18,fastvc,0.1240,76305
del18,fastvc,0.1240,76306
del18,fastvc,0.1250,76307
del18,fastvc,0.1250,76308
del18,fastvc,0.1250,76309
del18,fastvc,0.1250,76310
del18,fastvc,0.1250,76311
del18,fastvc,0.1250,76312
del18,fastvc,0.1250,76313
del18,fastvc,0.1250,76314
del18,fastvc,0.1250,76315
del18,fastvc,0.1250,76316
del18,fastvc,0.1250,76317
del18,fastvc,0.1250,76318
del18,fastvc,0.1250,76319
del18,fastvc,0.1250,76320
del18,fastvc,0.1250,76321
del18,fastvc,0.1250,76322
del18,fastvc,0.1250,76323
del18,fastvc,0.1250,76324
del18,fastvc,0.1250,76325
del18,fastvc,0.1260,76326
del18,fastvc,0.1260,76327
del18,fastvc,0.1260,76328
del18,fastvc,0.1260,76329
del18,fastvc,0.1260,76330
del18,fastvc,0.1260,76331
del18,fastvc,0.1260,76332
del18,fastvc,0.1260,76333
del18,fastvc,0.1260,76334
del18,fastvc,0.1260,76335
del18,fastvc,0.1260,76336
del18,fastvc,0.1260,76337
del18,fastvc,0.1260,76338
del18,fastvc,0.1260,76339
del18,fastvc,0.1260,76340
del18,fastvc,0.1260,76341
del18,fastvc,0.1260,76342
del18,fastvc,0.1260,76343
del18,fastvc,0.1260,76344
del18,fastvc,0.1260,76345
del18,fastvc,0.1260,76346
del18,fastvc,0.1270,76347
del18,fastvc,0.1270,76348
del18,fastvc,0.1270,76349
del18,fastvc,0.1270,76350
del18,fastvc,0.1270,76351
del18,fastvc,0.1270,76352
del18,fastvc,0.1270,76353
del18,fastvc,0.1270,76354
del18,fastvc,0.1270,76355
del18,fastvc,0.1270,76356
del18,fastvc,0.1270,76357
del18,fastvc,0.1270,76358
del18,fastvc,0.1270,76359
del18,fastvc,0.1270,76360
del18,fastvc,0.1270,76361
del18,fastvc,0.1270,76362
del18,fastvc,0.1270,76363
del18,fastvc,0.1270,76364
del18,fastvc,0.1270,76365
del18,fastvc,0.1270,76366
del18,fastvc,0.1270,76367
del18,fastvc,0.1270,76368
del18,fastvc,0.1280,76369
del18,fastvc,0.1280,76370
del18,fastvc,0.1280,76371
del18,fastvc,0.1280,76372
del18,fastvc,0.1280,76373
del18,fastvc,0.1280,76374
del18,fastvc,0.1280,76375
del18,fastvc,0.1280,76376
del18,fastvc,0.1280,76377
del18,fastvc,0.1280,76378
del18,fastvc,0.1280,76379
del18,fastvc,0.1280,76380
del18,fastvc,0.1280,76381
del18,fastvc,0.1280,76382
del18,fastvc,0.1280,76383
del18,fastvc,0.1280,76384
del18,fastvc,0.1280,76385
del18,fastvc,0.1280,76386
del18,fastvc,0.1290,76387
del18,fastvc,0.1290,76388
del18,fastvc,0.1290,76389
del18,fastvc,0.1290,76390
del18,fastvc,0.1290,76391
del18,fastvc,0.1290,76392
del18,fastvc,0.1290,76393
del18,fastvc,0.1290,76394
del18,fastvc,0.1290,76395
del18,fastvc,0.1290,76396
del18,fastvc,0.1290,76397
del18,fastvc,0.1290,76398
del18,fastvc,0.1290,76399
del18,fastvc,0.1290,76400
del18,fastvc,0.1290,76401
del18,fastvc,0.1290,76402
del18,fastvc,0.1290,76403
del18,fastvc,0.1290,76404
del18,fastvc,0.1290,76405
del18,fastvc,0.1290,76406
del18,fastvc,0.1290,76407
del18,fastvc,0.1300,76408
del18,fastvc,0.1300,76409
del18,fastvc,0.1300,76410
del18,fastvc,0.1300,76411
del18,fastvc,0.1300,76412
del18,fastvc,0.1300,76413
del18,fastvc,0.1300,76414
del18,fastvc,0.1300,76415
del18,fastvc,0.1300,76416
del18,fastvc,0.1300,76417
del18,fastvc,0.1300,76418
del18,fastvc,0.1300,76419
del18,fastvc,0.1300,76420
del18,fastvc,0.1300,76421
del18,fastvc,0.1300,76422
del18,fastvc,0.1300,76423
del18,fastvc,0.1300,76424
del18,fastvc,0.1300,76425
del18,fastvc,0.1300,76426
del18,fastvc,0.1300,76427
del18,fastvc,0.1300,76428
del18,fastvc,0.1300,76429
del18,fastvc,0.1300,76430
del18,fastvc,0.1310,76431
del18,fastvc,0.1310,76432
del18,fastvc,0.1310,76433
del18,fastvc,0.1310,76434
del18,fastvc,0.1310,76435
del18,fastvc,0.1310,76436
del18,fastvc,0.1310,76437
del18,fastvc,0.1310,76438
del18,fastvc,0.1310,76439
del18,fastvc,0.1310,76440
del18,fastvc,0.1310,76441
del18,fastvc,0.1310,76442
del18,fastvc,0.1310,76443
del18,fastvc,0.1310,76444
del18,fastvc,0.1310,76445
del18,fastvc,0.1310,76446
del18,fastvc,0.1310,76447
del18,fastvc,0.1320,76448
del18,fastvc,0.1320,76449
del18,fastvc,0.1320,76450
del18,fastvc,0.1320,76451
del18,fastvc,0.1320,76452
del18,fastvc,0.1320,76453
del18,fastvc,0.1320,76454
del18,fastvc,0.1320,76455
del18,fastvc,0.1320,76456
del18,fastvc,0.1320,76457
del18,fastvc,0.1320,76458
del18,fastvc,0.1320,76459
del18,fastvc,0.1320,76460
del18,fastvc,0.1320,76461
del18,fastvc,0.1320,76462
del18,fastvc,0.1320,76463
del18,fastvc,0.1320,76464
del18,fastvc,0.1320,76465
del18,fastvc,0.1320,76466
del18,fastvc,0.1320,76467
del18,fastvc,0.1320,76468
del18,fastvc,0.1320,76469
del18,fastvc,0.1320,76470
del18,fastvc,0.1320,76471
del18,fastvc,0.1320,76472
del18,fastvc,0.1320,76473
del18,fastvc,0.1320,76474
del18,fastvc,0.1330,76475
del18,fastvc,0.1330,76476
del18,fastvc,0.1330,76477
del18,fastvc,0.1330,76478
del18,fastvc,0.1330,76479
del18,fastvc,0.1330,76480
del18,fastvc,0.1330,76481
del18,fastvc,0.1330,76482
del18,fastvc,0.1330,76483
del18,fastvc,0.1330,76484
del18,fastvc,0.1330,76485
del18,fastvc,0.1330,76486
del18,fastvc,0.1330,76487
del18,fastvc,0.1330,76488
del18,fastvc,0.1330,76489
del18,fastvc,0.1330,76490
del18,fastvc,0.1330,76491
del18,fastvc,0.1330,76492
del18,fastvc,0.1330,76493
del18,fastvc,0.1330,76494
del18,fastvc,0.1340,76495
del18,fastvc,0.1340,76496
del18,fastvc,0.1340,76497
del18,fastvc,0.1340,76498
del18,fastvc,0.1340,76499
del18,fastvc,0.1340,76500
del18,fastvc,0.1340,76501
del18,fastvc,0.1340,76502
del18,fastvc,0.1340,76503
del18,fastvc,0.1340,76504
del18,fastvc,0.1340,76505
del18,fastvc,0.1340,76506
del18,fastvc,0.1340,76507
del18,fastvc,0.1340,76508
del18,fastvc,0.1340,76509
del18,fastvc,0.1340,76510
del18,fastvc,0.1340,76511
del18,fastvc,0.1340,76512
del18,fastvc,0.1340,76513
del18,fastvc,0.1340,76514
del18,fastvc,0.1340,76515
del18,fastvc,0.1340,76516
del18,fastvc,0.1350,76517
del18,fastvc,0.1350,76518
del18,fastvc,0.1350,76519
del18,fastvc,0.1350,76520
del18,fastvc,0.1350,76521
del18,fastvc,0.1350,76522
del18,fastvc,0.1350,76523
del18,fastvc,0.1350,76524
del18,fastvc,0.1350,76525
del18,fastvc,0.1350,76526
del18,fastvc,0.1350,76527
del18,fastvc,0.1350,76528
del18,fastvc,0.1350,76529
del18,fastvc,0.1350,76530
del18,fastvc,0.1350,76531
del18,fastvc,0.1350,76532
del18,fastvc,0.1350,76533
del18,fastvc,0.1350,76534
del18,fastvc,0.1350,76535
del18,fastvc,0.1350,76536
del18,fastvc,0.1360,76537
del18,fastvc,0.1360,76538
del18,fastvc,0.1360,76539
del18,fastvc,0.1360,76540
del18,fastvc,0.1360,76541
del18,fastvc,0.1360,76542
del18,fastvc,0.1360,76543
del18,fastvc,0.1360,76544
del18,fastvc,0.1360,76545
del18,fastvc,0.1360,76546
del18,fastvc,0.1360,76547
del18,fastvc,0.1360,76548
del18,fastvc,0.1360,76549
del18,fastvc,0.1360,76550
del18,fastvc,0.1360,76551
del18,fastvc,0.1360,76552
del18,fastvc,0.1370,76553
del18,fastvc,0.1370,76554
del18,fastvc,0.1370,76555
del18,fastvc,0.1370,76556
del18,fastvc,0.1370,76557
del18,fastvc,0.1370,76558
del18,fastvc,0.1370,76559
del18,fastvc,0.1370,76560
del18,fastvc,0.1370,76561
del18,fastvc,0.1370,76562
del18,fastvc,0.1370,76563
del18,fastvc,0.1370,76564
del18,fastvc,0.1370,76565
del18,fastvc,0.1370,76566
del18,fastvc,0.1370,76567
del18,fastvc,0.1370,76568
del18,fastvc,0.1370,76569
del18,fastvc,0.1370,76570
del18,fastvc,0.1370,76571
del18,fastvc,0.1370,76572
del18,fastvc,0.1370,76573
del18,fastvc,0.1370,76574
del18,fastvc,0.1370,76575
del18,fastvc,0.1370,76576
del18,fastvc,0.1370,76577
del18,fastvc,0.1370,76578
del18,fastvc,0.1380,76579
del18,fastvc,0.1380,76580
del18,fastvc,0.1380,76581
del18,fastvc,0.1380,76582
del18,fastvc,0.1380,76583
del18,fastvc,0.1380,76584
del18,fastvc,0.1380,76585
del18,fastvc,0.1380,76586
del18,fastvc,0.1380,76587
del18,fastvc,0.1380,76588
del18,fastvc,0.1380,76589
del18,fastvc,0.1380,76590
del18,fastvc,0.1380,76591
del18,fastvc,0.1380,76592
del18,fastvc,0.1380,76593
del18,fastvc,0.1380,76594
del18,fastvc,0.1390,76595
del18,fastvc,0.1390,76596
del18,fastvc,0.1390,76597
del18,fastvc,0.1390,76598
del18,fastvc,0.1390,76599
del18,fastvc,0.1390,76600
del18,fastvc,0.1390,76601
del18,fastvc,0.1390,76602
del18,fastvc,0.1390,76603
del18,fastvc,0.1390,76604
del18,fastvc,0.1390,76605
del18,fastvc,0.1390,76606
del18,fastvc,0.1390,76607
del18,fastvc,0.1400,76608
del18,fastvc,0.1400,76609
del18,fastvc,0.1400,76610
del18,fastvc,0.1400,76611
del18,fastvc,0.1400,76612
del18,fastvc,0.1400,76613
del18,fastvc,0.1400,76614
del18,fastvc,0.1400,76615
del18,fastvc,0.1400,76616
del18,fastvc,0.1400,76617
del18,fastvc,0.1400,76618
del18,fastvc,0.1400,76619
del18,fastvc,0.1400,76620
del18,fastvc,0.1400,76621
del18,fastvc,0.1400,76622
del18,fastvc,0.1400,76623
del18,fastvc,0.1400,76624
del18,fastvc,0.1400,76625
del18,fastvc,0.1400,76626
del18,fastvc,0.1400,76627
del18,fastvc,0.1410,76628
del18,fastvc,0.1410,76629
del18,fastvc,0.1410,76630
del18,fastvc,0.1410,76631
del18,fastvc,0.1410,76632
del18,fastvc,0.1410,76633
del18,fastvc,0.1410,76634
del18,fastvc,0.1410,76635
del18,fastvc,0.1410,76636
del18,fastvc,0.1410,76637
del18,fastvc,0.1410,76638
del18,fastvc,0.1410,76639
del18,fastvc,0.1410,76640
del18,fastvc,0.1410,76641
del18,fastvc,0.1410,76642
del18,fastvc,0.1410,76643
del18,fastvc,0.1410,76644
del18,fastvc,0.1410,76645
del18,fastvc,0.1410,76646
del18,fastvc,0.1420,76647
del18,fastvc,0.1420,76648
del18,fastvc,0.1420,76649
del18,fastvc,0.1420,76650
del18,fastvc,0.1420,76651
del18,fastvc,0.1420,76652
del18,fastvc,0.1420,76653
del18,fastvc,0.1420,76654
del18,fastvc,0.1420,76655
del18,fastvc,0.1420,76656
del18,fastvc,0.1420,76657
del18,fastvc,0.1420,76658
del18,fastvc,0.1420,76659
del18,fastvc,0.1420,76660
del18,fastvc,0.1420,76661
del18,fastvc,0.1420,76662
del18,fastvc,0.1430,76663
del18,fastvc,0.1430,76664
del18,fastvc,0.1430,76665
del18,fastvc,0.1430,76666
del18,fastvc,0.1430,76667
del18,fastvc,0.1430,76668
del18,fastvc,0.1430,76669
del18,fastvc,0.1430,76670
del18,fastvc,0.1430,76671
del18,fastvc,0.1430,76672
del18,fastvc,0.1430,76673
del18,fastvc,0.1430,76674
del18,fastvc,0.1430,76675
del18,fastvc,0.1430,76676
del18,fastvc,0.1430,76677
del18,fastvc,0.1430,76678
del18,fastvc,0.1430,76679
del18,fastvc,0.1440,76680
del18,fastvc,0.1440,76681
del18,fastvc,0.1440,76682
del18,fastvc,0.1440,76683
del18,fastvc,0.1440,76684
del18,fastvc,0.1440,76685
del18,fastvc,0.1440,76686
del18,fastvc,0.1440,76687
del18,fastvc,0.1440,76688
del18,fastvc,0.1440,76689
del18,fastvc,0.1440,76690
del18,fastvc,0.1440,76691
del18,fastvc,0.1440,76692
del18,fastvc,0.1440,76693
del18,fastvc,0.1440,76694
del18,fastvc,0.1440,76695
del18,fastvc,0.1440,76696
del18,fastvc,0.1440,76697
del18,fastvc,0.1440,76698
del18,fastvc,0.1440,76699
del18,fastvc,0.1450,76700
del18,fastvc,0.1450,76701
del18,fastvc,0.1450,76702
del18,fastvc,0.1450,76703
del18,fastvc,0.1450,76704
del18,fastvc,0.1450,76705
del18,fastvc,0.1450,76706
del18,fastvc,0.1450,76707
del18,fastvc,0.1450,76708
del18,fastvc,0.1450,76709
del18,fastvc,0.1450,76710
del18,fastvc,0.1450,76711
del18,fastvc,0.1450,76712
del18,fastvc,0.1450,76713
del18,fastvc,0.1450,76714
del18,fastvc,0.1450,76715
del18,fastvc,0.1450,76716
del18,fastvc,0.1460,76717
del18,fastvc,0.1460,76718
del18,fastvc,0.1460,76719
del18,fastvc,0.1460,76720
del18,fastvc,0.1460,76721
del18,fastvc,0.1460,76722
del18,fastvc,0.1460,76723
del18,fastvc,0.1460,76724
del18,fastvc,0.1460,76725
del18,fastvc,0.1460,76726
del18,fastvc,0.1460,76727
del18,fastvc,0.1460,76728
del18,fastvc,0.1460,76729
del18,fastvc,0.1460,76730
del18,fastvc,0.1460,76731
del18,fastvc,0.1470,76732
del18,fastvc,0.1470,76733
del18,fastvc,0.1470,76734
del18,fastvc,0.1470,76735
del18,fastvc,0.1470,76736
del18,fastvc,0.1470,76737
del18,fastvc,0.1470,76738
del18,fastvc,0.1470,76739
del18,fastvc,0.1470,76740
del18,fastvc,0.1470,76741
del18,fastvc,0.1470,76742
del18,fastvc,0.1470,76743
del18,fastvc,0.1470,76744
del18,fastvc,0.1470,76745
del18,fastvc,0.1470,76746
del18,fastvc,0.1470,76747
del18,fastvc,0.1480,76748
del18,fastvc,0.1480,76749
del18,fastvc,0.1480,76750
del18,fastvc,0.1480,76751
del18,fastvc,0.1480,76752
del18,fastvc,0.1480,76753
del18,fastvc,0.1480,76754
del18,fastvc,0.1480,76755
del18,fastvc,0.1480,76756
del18,fastvc,0.1480,76757
del18,fastvc,0.1480,76758
del18,fastvc,0.1480,76759
del18,fastvc,0.1480,76760
del18,fastvc,0.1480,76761
del18,fastvc,0.1480,76762
del18,fastvc,0.1480,76763
del18,fastvc,0.1480,76764
del18,fastvc,0.1480,76765
del18,fastvc,0.1480,76766
del18,fastvc,0.1490,76767
del18,fastvc,0.1490,76768
del18,fastvc,0.1490,76769
del18,fastvc,0.1490,76770
del18,fastvc,0.1490,76771
del18,fastvc,0.1490,76772
del18,fastvc,0.1490,76773
del18,fastvc,0.1490,76774
del18,fastvc,0.1490,76775
del18,fastvc,0.1490,76776
del18,fastvc,0.1490,76777
del18,fastvc,0.1490,76778
del18,fastvc,0.1490,76779
del18,fastvc,0.1490,76780
del18,fastvc,0.1490,76781
del18,fastvc,0.1490,76782
del18,fastvc,0.1500,76783
del18,fastvc,0.1500,76784
del18,fastvc,0.1500,76785
del18,fastvc,0.1500,76786
del18,fastvc,0.1500,76787
del18,fastvc,0.1500,76788
del18,fastvc,0.1500,76789
del18,fastvc,0.1500,76790
del18,fastvc,0.1500,76791
del18,fastvc,0.1500,76792
del18,fastvc,0.1500,76793
del18,fastvc,0.1500,76794
del18,fastvc,0.1510,76795
del18,fastvc,0.1510,76796
del18,fastvc,0.1510,76797
del18,fastvc,0.1510,76798
del18,fastvc,0.1510,76799
del18,fastvc,0.1510,76800
del18,fastvc,0.1510,76801
del18,fastvc,0.1510,76802
del18,fastvc,0.1510,76803
del18,fastvc,0.1510,76804
del18,fastvc,0.1510,76805
del18,fastvc,0.1510,76806
del18,fastvc,0.1510,76807
del18,fastvc,0.1510,76808
del18,fastvc,0.1510,76809
del18,fastvc,0.1510,76810
del18,fastvc,0.1510,76811
del18,fastvc,0.1510,76812
del18,fastvc,0.1510,76813
del18,fastvc,0.1510,76814
del18,fastvc,0.1510,76815
del18,fastvc,0.1510,76816
del18,fastvc,0.1510,76817
del18,fastvc,0.1510,76818
del18,fastvc,0.1520,76819
del18,fastvc,0.1520,76820
del18,fastvc,0.1520,76821
del18,fastvc,0.1520,76822
del18,fastvc,0.1520,76823
del18,fastvc,0.1520,76824
del18,fastvc,0.1520,76825
del18,fastvc,0.1520,76826
del18,fastvc,0.1520,76827
del18,fastvc,0.1520,76828
del18,fastvc,0.1520,76829
del18,fastvc,0.1520,76830
del18,fastvc,0.1520,76831
del18,fastvc,0.1520,76832
del18,fastvc,0.1520,76833
del18,fastvc,0.1520,76834
del18,fastvc,0.1520,76835
del18,fastvc,0.1520,76836
del18,fastvc,0.1520,76837
del18,fastvc,0.1520,76838
del18,fastvc,0.1520,76839
del18,fastvc,0.1530,76840
del18,fastvc,0.1530,76841
del18,fastvc,0.1530,76842
del18,fastvc,0.1530,76843
del18,fastvc,0.1530,76844
del18,fastvc,0.1530,76845
del18,fastvc,0.1530,76846
del18,fastvc,0.1530,76847
del18,fastvc,0.1530,76848
del18,fastvc,0.1530,76849
del18,fastvc,0.1530,76850
del18,fastvc,0.1530,76851
del18,fastvc,0.1530,76852
del18,fastvc,0.1530,76853
del18,fastvc,0.1530,76854
del18,fastvc,0.1530,76855
del18,fastvc,0.1530,76856
del18,fastvc,0.1530,76857
del18,fastvc,0.1530,76858
del18,fastvc,0.1530,76859
del18,fastvc,0.1530,76860
del18,fastvc,0.1530,76861
del18,fastvc,0.1540,76862
del18,fastvc,0.1540,76863
del18,fastvc,0.1540,76864
del18,fastvc,0.1540,76865
del18,fastvc,0.1540,76866
del18,fastvc,0.1540,76867
del18,fastvc,0.1540,76868
del18,fastvc,0.1540,76869
del18,fastvc,0.1540,76870
del18,fastvc,0.1540,76871
del18,fastvc,0.1540,76872
del18,fastvc,0.1540,76873
del18,fastvc,0.1540,76874
del18,fastvc,0.1540,76875
del18,fastvc,0.1540,76876
del18,fastvc,0.1540,76877
del18,fastvc,0.1540,76878
del18,fastvc,0.1540,76879
del18,fastvc,0.1550,76880
del18,fastvc,0.1550,76881
del18,fastvc,0.1550,76882
del18,fastvc,0.1550,76883
del18,fastvc,0.1550,76884
del18,fastvc,0.1550,76885
del18,fastvc,0.1550,76886
del18,fastvc,0.1550,76887
del18,fastvc,0.1550,76888
del18,fastvc,0.1550,76889
del18,fastvc,0.1550,76890
del18,fastvc,0.1550,76891
del18,fastvc,0.1550,76892
del18,fastvc,0.1550,76893
del18,fastvc,0.1550,76894
del18,fastvc,0.1550,76895
del18,fastvc,0.1550,76896
del18,fastvc,0.1550,76897
del18,fastvc,0.1550,76898
del18,fastvc,0.1550,76899
del18,fastvc,0.1560,76900
del18,fastvc,0.1560,76901
del18,fastvc,0.1560,76902
del18,fastvc,0.1560,76903
del18,fastvc,0.1560,76904
del18,fastvc,0.1560,76905
del18,fastvc,0.1560,76906
del18,fastvc,0.1560,76907
del18,fastvc,0.1560,76908
del18,fastvc,0.1560,76909
del18,fastvc,0.1560,76910
del18,fastvc,0.1560,76911
del18,fastvc,0.1560,76912
del18,fastvc,0.1560,76913
del18,fastvc,0.1560,76914
del18,fastvc,0.1560,76915
del18,fastvc,0.1560,76916
del18,fastvc,0.1560,76917
del18,fastvc,0.1560,76918
del18,fastvc,0.1560,76919
del18,fastvc,0.1560,76920
del18,fastvc,0.1570,76921
del18,fastvc,0.1570,76922
del18,fastvc,0.1570,76923
del18,fastvc,0.1570,76924
del18,fastvc,0.1570,76925
del18,fastvc,0.1570,76926
del18,fastvc,0.1570,76927
del18,fastvc,0.1570,76928
del18,fastvc,0.1570,76929
del18,fastvc,0.1570,76930
del18,fastvc,0.1570,76931
del18,fastvc,0.1570,76932
del18,fastvc,0.1570,76933
del18,fastvc,0.1570,76934
del18,fastvc,0.1570,76935
del18,fastvc,0.1580,76936
del18,fastvc,0.1580,76937
del18,fastvc,0.1580,76938
del18,fastvc,0.1580,76939
del18,fastvc,0.1580,76940
del18,fastvc,0.1580,76941
del18,fastvc,0.1580,76942
del18,fastvc,0.1580,76943
del18,fastvc,0.1580,76944
del18,fastvc,0.1580,76945
del18,fastvc,0.1580,76946
del18,fastvc,0.1580,76947
del18,fastvc,0.1580,76948
del18,fastvc,0.1580,76949
del18,fastvc,0.1580,76950
del18,fastvc,0.1580,76951
del18,fastvc,0.1580,76952
del18,fastvc,0.1580,76953
del18,fastvc,0.1580,76954
del18,fastvc,0.1580,76955
del18,fastvc,0.1590,76956
del18,fastvc,0.1590,76957
del18,fastvc,0.1590,76958
del18,fastvc,0.1590,76959
del18,fastvc,0.1590,76960
del18,fastvc,0.1590,76961
del18,fastvc,0.1590,76962
del18,fastvc,0.1590,76963
del18,fastvc,0.1590,76964
del18,fastvc,0.1590,76965
del18,fastvc,0.1590,76966
del18,fastvc,0.1590,76967
del18,fastvc,0.1590,76968
del18,fastvc,0.1590,76969
del18,fastvc,0.1590,76970
del18,fastvc,0.1590,76971
del18,fastvc,0.1590,76972
del18,fastvc,0.1590,76973
del18,fastvc,0.1590,76974
del18,fastvc,0.1590,76975
del18,fastvc,0.1590,76976
del18,fastvc,0.1590,76977
del18,fastvc,0.1600,76978
del18,fastvc,0.1600,76979
del18,fastvc,0.1600,76980
del18,fastvc,0.1600,76981
del18,fastvc,0.1600,76982
del18,fastvc,0.1600,76983
del18,fastvc,0.1600,76984
del18,fastvc,0.1600,76985
del18,fastvc,0.1600,76986
del18,fastvc,0.1600,76987
del18,fastvc,0.1600,76988
del18,fastvc,0.1600,76989
del18,fastvc,0.1600,76990
del18,fastvc,0.1600,76991
del18,fastvc,0.1600,76992
del18,fastvc,0.1600,76993
del18,fastvc,0.1610,76994
del18,fastvc,0.1610,76995
del18,fastvc,0.1610,76996
del18,fastvc,0.1610,76997
del18,fastvc,0.1610,76998
del18,fastvc,0.1610,76999
del18,fastvc,0.1610,77000
del18,fastvc,0.1610,77001
del18,fastvc,0.1610,77002
del18,fastvc,0.1610,77003
del18,fastvc,0.1610,77004
del18,fastvc,0.1610,77005
del18,fastvc,0.1610,77006
del18,fastvc,0.1610,77007
del18,fastvc,0.1610,77008
del18,fastvc,0.1610,77009
del18,fastvc,0.1610,77010
del18,fastvc,0.1620,77011
del18,fastvc,0.1620,77012
del18,fastvc,0.1620,77013
del18,fastvc,0.1620,77014
del18,fastvc,0.1620,77015
del18,fastvc,0.1620,77016
del18,fastvc,0.1620,77017
del18,fastvc,0.1620,77018
del18,fastvc,0.1620,77019
del18,fastvc,0.1620,77020
del18,fastvc,0.1620,77021
del18,fastvc,0.1620,77022
del18,fastvc,0.1620,77023
del18,fastvc,0.1620,77024
del18,fastvc,0.1630,77025
del18,fastvc,0.1630,77026
del18,fastvc,0.1630,77027
del18,fastvc,0.1630,77028
del18,fastvc,0.1630,77029
del18,fastvc,0.1630,77030
del18,fastvc,0.1630,77031
del18,fastvc,0.1630,77032
del18,fastvc,0.1630,77033
del18,fastvc,0.1630,77034
del18,fastvc,0.1630,77035
del18,fastvc,0.1630,77036
del18,fastvc,0.1630,77037
del18,fastvc,0.1630,77038
del18,fastvc,0.1630,77039
del18,fastvc,0.1630,77040
del18,fastvc,0.1630,77041
del18,fastvc,0.1640,77042
del18,fastvc,0.1640,77043
del18,fastvc,0.1640,77044
del18,fastvc,0.1640,77045
del18,fastvc,0.1640,77046
del18,fastvc,0.1640,77047
del18,fastvc,0.1640,77048
del18,fastvc,0.1640,77049
del18,fastvc,0.1640,77050
del18,fastvc,0.1640,77051
del18,fastvc,0.1640,77052
del18,fastvc,0.1640,77053
del18,fastvc,0.1640,77054
del18,fastvc,0.1640,77055
del18,fastvc,0.1640,77056
del18,fastvc,0.1640,77057
del18,fastvc,0.1640,77058
del18,fastvc,0.1640,77059
del18,fastvc,0.1640,77060
del18,fastvc,0.1640,77061
del18,fastvc,0.1650,77062
del18,fastvc,0.1650,77063
del18,fastvc,0.1650,77064
del18,fastvc,0.1650,77065
del18,fastvc,0.1650,77066
del18,fastvc,0.1650,77067
del18,fastvc,0.1650,77068
del18,fastvc,0.1650,77069
del18,fastvc,0.1650,77070
del18,fastvc,0.1650,77071
del18,fastvc,0.1650,77072
del18,fastvc,0.1650,77073
del18,fastvc,0.1650,77074
del18,fastvc,0.1650,77075
del18,fastvc,0.1660,77076
del18,fastvc,0.1660,77077
del18,fastvc,0.1660,77078
del18,fastvc,0.1660,77079
del18,fastvc,0.1660,77080
del18,fastvc,0.1660,77081
del18,fastvc,0.1660,77082
del18,fastvc,0.1660,77083
del18,fastvc,0.1660,77084
del18,fastvc,0.1660,77085
del18,fastvc,0.1660,77086
del18,fastvc,0.1660,77087
del18,fastvc,0.1660,77088
del18,fastvc,0.1660,77089
del18,fastvc,0.1660,77090
del18,fastvc,0.1660,77091
del18,fastvc,0.1660,77092
del18,fastvc,0.1660,77093
del18,fastvc,0.1660,77094
del18,fastvc,0.1660,77095
del18,fastvc,0.1670,77096
del18,fastvc,0.1670,77097
del18,fastvc,0.1670,77098
del18,fastvc,0.1670,77099
del18,fastvc,0.1670,77100
del18,fastvc,0.1670,77101
del18,fastvc,0.1670,77102
del18,fastvc,0.1670,77103
del18,fastvc,0.1670,77104
del18,fastvc,0.1670,77105
del18,fastvc,0.1670,77106
del18,fastvc,0.1670,77107
del18,fastvc,0.1670,77108
del18,fastvc,0.1670,77109
del18,fastvc,0.1670,77110
del18,fastvc,0.1670,77111
del18,fastvc,0.1670,77112
del18,fastvc,0.1670,77113
del18,fastvc,0.1670,77114
del18,fastvc,0.1670,77115
del18,fastvc,0.1670,77116
del18,fastvc,0.1680,77117
del18,fastvc,0.1680,77118
del18,fastvc,0.1680,77119
del18,fastvc,0.1680,77120
del18,fastvc,0.1680,77121
del18,fastvc,0.1680,77122
del18,fastvc,0.1680,77123
del18,fastvc,0.1680,77124
del18,fastvc,0.1680,77125
del18,fastvc,0.1680,77126
del18,fastvc,0.1680,77127
del18,fastvc,0.1680,77128
del18,fastvc,0.1690,77129
del18,fastvc,0.1690,77130
del18,fastvc,0.1690,77131
del18,fastvc,0.1690,77132
del18,fastvc,0.1690,77133
del18,fastvc,0.1690,77134
del18,fastvc,0.1690,77135
del18,fastvc,0.1690,77136
del18,fastvc,0.1690,77137
del18,fastvc,0.1690,77138
del18,fastvc,0.1690,77139
del18,fastvc,0.1690,77140
del18,fastvc,0.1690,77141
del18,fastvc,0.1690,77142
del18,fastvc,0.1690,77143
del18,fastvc,0.1690,77144
del18,fastvc,0.1690,77145
del18,fastvc,0.1700,77146
del18,fastvc,0.1700,77147
del18,fastvc,0.1700,77148
del18,fastvc,0.1700,77149
del18,fastvc,0.1700,77150
del18,fastvc,0.1700,77151
del18,fastvc,0.1700,77152
del18,fastvc,0.1700,77153
del18,fastvc,0.1700,77154
del18,fastvc,0.1700,77155
del18,fastvc,0.1700,77156
del18,fastvc,0.1700,77157
del18,fastvc,0.1700,77158
del18,fastvc,0.1700,77159
del18,fastvc,0.1710,77160
del18,fastvc,0.1710,77161
del18,fastvc,0.1710,77162
del18,fastvc,0.1710,77163
del18,fastvc,0.1710,77164
del18,fastvc,0.1710,77165
del18,fastvc,0.1710,77166
del18,fastvc,0.1710,77167
del18,fastvc,0.1710,77168
del18,fastvc,0.1710,77169
del18,fastvc,0.1710,77170
del18,fastvc,0.1710,77171
del18,fastvc,0.1710,77172
del18,fastvc,0.1720,77173
del18,fastvc,0.1720,77174
del18,fastvc,0.1720,77175
del18,fastvc,0.1720,77176
del18,fastvc,0.1720,77177
del18,fastvc,0.1720,77178
del18,fastvc,0.1720,77179
del18,fastvc,0.1720,77180
del18,fastvc,0.1720,77181
del18,fastvc,0.1720,77182
del18,fastvc,0.1720,77183
del18,fastvc,0.1720,77184
del18,fastvc,0.1720,77185
del18,fastvc,0.1730,77186
del18,fastvc,0.1730,77187
del18,fastvc,0.1730,77188
del18,fastvc,0.1730,77189
del18,fastvc,0.1730,77190
del18,fastvc,0.1730,77191
del18,fastvc,0.1730,77192
del18,fastvc,0.1730,77193
del18,fastvc,0.1730,77194
del18,fastvc,0.1730,77195
del18,fastvc,0.1730,77196
del18,fastvc,0.1730,77197
del18,fastvc,0.1730,77198
del18,fastvc,0.1730,77199
del18,fastvc,0.1730,77200
del18,fastvc,0.1730,77201
del18,fastvc,0.1740,77202
del18,fastvc,0.1740,77203
del18,fastvc,0.1740,77204
del18,fastvc,0.1740,77205
del18,fastvc,0.1740,77206
del18,fastvc,0.1740,77207
del18,fastvc,0.1740,77208
del18,fastvc,0.1740,77209
del18,fastvc,0.1740,77210
del18,fastvc,0.1740,77211
del18,fastvc,0.1740,77212
del18,fastvc,0.1740,77213
del18,fastvc,0.1740,77214
del18,fastvc,0.1740,77215
del18,fastvc,0.1740,77216
del18,fastvc,0.1740,77217
del18,fastvc,0.1740,77218
del18,fastvc,0.1740,77219
del18,fastvc,0.1740,77220
del18,fastvc,0.1740,77221
del18,fastvc,0.1750,77222
del18,fastvc,0.1750,77223
del18,fastvc,0.1750,77224
del18,fastvc,0.1750,77225
del18,fastvc,0.1750,77226
del18,fastvc,0.1750,77227
del18,fastvc,0.1750,77228
del18,fastvc,0.1750,77229
del18,fastvc,0.1750,77230
del18,fastvc,0.1750,77231
del18,fastvc,0.1750,77232
del18,fastvc,0.1750,77233
del18,fastvc,0.1750,77234
del18,fastvc,0.1750,77235
del18,fastvc,0.1750,77236
del18,fastvc,0.1750,77237
del18,fastvc,0.1760,77238
del18,fastvc,0.1760,77239
del18,fastvc,0.1760,77240
del18,fastvc,0.1760,77241
del18,fastvc,0.1760,77242
del18,fastvc,0.1760,77243
del18,fastvc,0.1760,77244
del18,fastvc,0.1760,77245
del18,fastvc,0.1760,77246
del18,fastvc,0.1760,77247
del18,fastvc,0.1760,77248
del18,fastvc,0.1760,77249
del18,fastvc,0.1760,77250
del18,fastvc,0.1770,77251
del18,fastvc,0.1770,77252
del18,fastvc,0.1770,77253
del18,fastvc,0.1770,77254
del18,fastvc,0.1770,77255
del18,fastvc,0.1770,77256
del18,fastvc,0.1770,77257
del18,fastvc,0.1770,77258
del18,fastvc,0.1770,77259
del18,fastvc,0.1770,77260
del18,fastvc,0.1770,77261
del18,fastvc,0.1770,77262
del18,fastvc,0.1770,77263
del18,fastvc,0.1770,77264
del18,fastvc,0.1770,77265
del18,fastvc,0.1770,77266
del18,fastvc,0.1770,77267
del18,fastvc,0.1770,77268
del18,fastvc,0.1780,77269
del18,fastvc,0.1780,77270
del18,fastvc,0.1780,77271
del18,fastvc,0.1780,77272
del18,fastvc,0.1780,77273
del18,fastvc,0.1780,77274
del18,fastvc,0.1780,77275
del18,fastvc,0.1780,77276
del18,fastvc,0.1780,77277
del18,fastvc,0.1780,77278
del18,fastvc,0.1780,77279
del18,fastvc,0.1780,77280
del18,fastvc,0.1780,77281
del18,fastvc,0.1780,77282
del18,fastvc,0.1780,77283
del18,fastvc,0.1780,77284
del18,fastvc,0.1780,77285
del18,fastvc,0.1780,77286
del18,fastvc,0.1780,77287
del18,fastvc,0.1790,77288
del18,fastvc,0.1790,77289
del18,fastvc,0.1790,77290
del18,fastvc,0.1790,77291
del18,fastvc,0.1790,77292
del18,fastvc,0.1790,77293
del18,fastvc,0.1790,77294
del18,fastvc,0.1790,77295
del18,fastvc,0.1790,77296
del18,fastvc,0.1790,77297
del18,fastvc,0.1790,77298
del18,fastvc,0.1790,77299
del18,fastvc,0.1790,77300
del18,fastvc,0.1790,77301
del18,fastvc,0.1790,77302
del18,fastvc,0.1790,77303
del18,fastvc,0.1790,77304
del18,fastvc,0.1790,77305
del18,fastvc,0.1790,77306
del18,fastvc,0.1800,77307
del18,fastvc,0.1800,77308
del18,fastvc,0.1800,77309
del18,fastvc,0.1800,77310
del18,fastvc,0.1800,77311
del18,fastvc,0.1800,77312
del18,fastvc,0.1800,77313
del18,fastvc,0.1800,77314
del18,fastvc,0.1800,77315
del18,fastvc,0.1800,77316
del18,fastvc,0.1800,77317
del18,fastvc,0.1800,77318
del18,fastvc,0.1800,77319
del18,fastvc,0.1800,77320
del18,fastvc,0.1810,77321
del18,fastvc,0.1810,77322
del18,fastvc,0.1810,77323
del18,fastvc,0.1810,77324
del18,fastvc,0.1810,77325
del18,fastvc,0.1810,77326
del18,fastvc,0.1810,77327
del18,fastvc,0.1810,77328
del18,fastvc,0.1810,77329
del18,fastvc,0.1810,77330
del18,fastvc,0.1810,77331
del18,fastvc,0.1810,77332
del18,fastvc,0.1810,77333
del18,fastvc,0.1810,77334
del18,fastvc,0.1810,77335
del18,fastvc,0.1810,77336
del18,fastvc,0.1810,77337
del18,fastvc,0.1810,77338
del18,fastvc,0.1810,77339
del18,fastvc,0.1810,77340
del18,fastvc,0.1820,77341
del18,fastvc,0.1820,77342
del18,fastvc,0.1820,77343
del18,fastvc,0.1820,77344
del18,fastvc,0.1820,77345
del18,fastvc,0.1820,77346
del18,fastvc,0.1820,77347
del18,fastvc,0.1820,77348
del18,fastvc,0.1820,77349
del18,fastvc,0.1820,77350
del18,fastvc,0.1820,77351
del18,fastvc,0.1820,77352
del18,fastvc,0.1820,77353
del18,fastvc,0.1820,77354
del18,fastvc,0.1830,77355
del18,fastvc,0.1830,77356
del18,fastvc,0.1830,77357
del18,fastvc,0.1830,77358
del18,fastvc,0.1830,77359
del18,fastvc,0.1830,77360
del18,fastvc,0.1830,77361
del18,fastvc,0.1830,77362
del18,fastvc,0.1830,77363
del18,fastvc,0.1830,77364
del18,fastvc,0.1830,77365
del18,fastvc,0.1830,77366
del18,fastvc,0.1830,77367
del18,fastvc,0.1830,77368
del18,fastvc,0.1830,77369
del18,fastvc,0.1830,77370
del18,fastvc,0.1830,77371
del18,fastvc,0.1830,77372
del18,fastvc,0.1830,77373
del18,fastvc,0.1830,77374
del18,fastvc,0.1840,77375
del18,fastvc,0.1840,77376
del18,fastvc,0.1840,77377
del18,fastvc,0.1840,77378
del18,fastvc,0.1840,77379
del18,fastvc,0.1840,77380
del18,fastvc,0.1840,77381
del18,fastvc,0.1840,77382
del18,fastvc,0.1840,77383
del18,fastvc,0.1840,77384
del18,fastvc,0.1840,77385
del18,fastvc,0.1840,77386
del18,fastvc,0.1840,77387
del18,fastvc,0.1840,77388
del18,fastvc,0.1840,77389
del18,fastvc,0.1840,77390
del18,fastvc,0.1840,77391
del18,fastvc,0.1840,77392
del18,fastvc,0.1840,77393
del18,fastvc,0.1840,77394
del18,fastvc,0.1850,77395
del18,fastvc,0.1850,77396
del18,fastvc,0.1850,77397
del18,fastvc,0.1850,77398
del18,fastvc,0.1850,77399
del18,fastvc,0.1850,77400
del18,fastvc,0.1850,77401
del18,fastvc,0.1850,77402
del18,fastvc,0.1850,77403
del18,fastvc,0.1850,77404
del18,fastvc,0.1850,77405
del18,fastvc,0.1850,77406
del18,fastvc,0.1850,77407
del18,fastvc,0.1850,77408
del18,fastvc,0.1860,77409
del18,fastvc,0.1860,77410
del18,fastvc,0.1860,77411
del18,fastvc,0.1860,77412
del18,fastvc,0.1860,77413
del18,fastvc,0.1860,77414
del18,fastvc,0.1860,77415
del18,fastvc,0.1860,77416
del18,fastvc,0.1860,77417
del18,fastvc,0.1860,77418
del18,fastvc,0.1860,77419
del18,fastvc,0.1860,77420
del18,fastvc,0.1860,77421
del18,fastvc,0.1860,77422
del18,fastvc,0.1860,77423
del18,fastvc,0.1870,77424
del18,fastvc,0.1870,77425
del18,fastvc,0.1870,77426
del18,fastvc,0.1870,77427
del18,fastvc,0.1870,77428
del18,fastvc,0.1870,77429
del18,fastvc,0.1870,77430
del18,fastvc,0.1870,77431
del18,fastvc,0.1870,77432
del18,fastvc,0.1870,77433
del18,fastvc,0.1870,77434
del18,fastvc,0.1870,77435
del18,fastvc,0.1870,77436
del18,fastvc,0.1870,77437
del18,fastvc,0.1870,77438
del18,fastvc,0.1880,77439
del18,fastvc,0.1880,77440
del18,fastvc,0.1880,77441
del18,fastvc,0.1880,77442
del18,fastvc,0.1880,77443
del18,fastvc,0.1880,77444
del18,fastvc,0.1880,77445
del18,fastvc,0.1880,77446
del18,fastvc,0.1880,77447
del18,fastvc,0.1880,77448
del18,fastvc,0.1880,77449
del18,fastvc,0.1880,77450
del18,fastvc,0.1880,77451
del18,fastvc,0.1880,77452
del18,fastvc,0.1880,77453
del18,fastvc,0.1880,77454
del18,fastvc,0.1890,77455
del18,fastvc,0.1890,77456
del18,fastvc,0.1890,77457
del18,fastvc,0.1890,77458
del18,fastvc,0.1890,77459
del18,fastvc,0.1890,77460
del18,fastvc,0.1890,77461
del18,fastvc,0.1890,77462
del18,fastvc,0.1890,77463
del18,fastvc,0.1890,77464
del18,fastvc,0.1890,77465
del18,fastvc,0.1900,77466
del18,fastvc,0.1900,77467
del18,fastvc,0.1900,77468
del18,fastvc,0.1900,77469
del18,fastvc,0.1900,77470
del18,fastvc,0.1900,77471
del18,fastvc,0.1900,77472
del18,fastvc,0.1900,77473
del18,fastvc,0.1900,77474
del18,fastvc,0.1900,77475
del18,fastvc,0.1900,77476
del18,fastvc,0.1900,77477
del18,fastvc,0.1900,77478
del18,fastvc,0.1900,77479
del18,fastvc,0.1900,77480
del18,fastvc,0.1900,77481
del18,fastvc,0.1900,77482
del18,fastvc,0.1910,77483
del18,fastvc,0.1910,77484
del18,fastvc,0.1910,77485
del18,fastvc,0.1910,77486
del18,fastvc,0.1910,77487
del18,fastvc,0.1910,77488
del18,fastvc,0.1910,77489
del18,fastvc,0.1910,77490
del18,fastvc,0.1910,77491
del18,fastvc,0.1910,77492
del18,fastvc,0.1910,77493
del18,fastvc,0.1910,77494
del18,fastvc,0.1910,77495
del18,fastvc,0.1910,77496
del18,fastvc,0.1910,77497
del18,fastvc,0.1910,77498
del18,fastvc,0.1910,77499
del18,fastvc,0.1910,77500
del18,fastvc,0.1910,77501
del18,fastvc,0.1910,77502
del18,fastvc,0.1910,77503
del18,fastvc,0.1920,77504
del18,fastvc,0.1920,77505
del18,fastvc,0.1920,77506
del18,fastvc,0.1920,77507
del18,fastvc,0.1920,77508
del18,fastvc,0.1920,77509
del18,fastvc,0.1920,77510
del18,fastvc,0.1920,77511
del18,fastvc,0.1920,77512
del18,fastvc,0.1920,77513
del18,fastvc,0.1920,77514
del18,fastvc,0.1920,77515
del18,fastvc,0.1920,77516
del18,fastvc,0.1920,77517
del18,fastvc,0.1920,77518
del18,fastvc,0.1930,77519
del18,fastvc,0.1930,77520
del18,fastvc,0.1930,77521
del18,fastvc,0.1930,77522
del18,fastvc,0.1930,77523
del18,fastvc,0.1930,77524
del18,fastvc,0.1930,77525
del18,fastvc,0.1930,77526
del18,fastvc,0.1930,77527
del18,fastvc,0.1930,77528
del18,fastvc,0.1930,77529
del18,fastvc,0.1930,77530
del18,fastvc,0.1930,77531
del18,fastvc,0.1930,77532
del18,fastvc,0.1930,77533
del18,fastvc,0.1940,77534
del18,fastvc,0.1940,77535
del18,fastvc,0.1940,77536
del18,fastvc,0.1940,77537
del18,fastvc,0.1940,77538
del18,fastvc,0.1940,77539
del18,fastvc,0.1940,77540
del18,fastvc,0.1940,77541
del18,fastvc,0.1940,77542
del18,fastvc,0.1940,77543
del18,fastvc,0.1940,77544
del18,fastvc,0.1940,77545
del18,fastvc,0.1940,77546
del18,fastvc,0.1940,77547
del18,fastvc,0.1950,77548
del18,fastvc,0.1950,77549
del18,fastvc,0.1950,77550
del18,fastvc,0.1950,77551
del18,fastvc,0.1950,77552
del18,fastvc,0.1950,77553
del18,fastvc,0.1950,77554
del18,fastvc,0.1950,77555
del18,fastvc,0.1950,77556
del18,fastvc,0.1950,77557
del18,fastvc,0.1950,77558
del18,fastvc,0.1960,77559
del18,fastvc,0.1960,77560
del18,fastvc,0.1960,77561
del18,fastvc,0.1960,77562
del18,fastvc,0.1960,77563
del18,fastvc,0.1960,77564
del18,fastvc,0.1960,77565
del18,fastvc,0.1960,77566
del18,fastvc,0.1960,77567
del18,fastvc,0.1960,77568
del18,fastvc,0.1960,77569
del18,fastvc,0.1960,77570
del18,fastvc,0.1960,77571
del18,fastvc,0.1960,77572
del18,fastvc,0.1960,77573
del18,fastvc,0.1960,77574
del18,fastvc,0.1960,77575
del18,fastvc,0.1970,77576
del18,fastvc,0.1970,77577
del18,fastvc,0.1970,77578
del18,fastvc,0.1970,77579
del18,fastvc,0.1970,77580
del18,fastvc,0.1970,77581
del18,fastvc,0.1970,77582
del18,fastvc,0.1970,77583
del18,fastvc,0.1970,77584
del18,fastvc,0.1970,77585
del18,fastvc,0.1970,77586
del18,fastvc,0.1970,77587
del18,fastvc,0.1970,77588
del18,fastvc,0.1970,77589
del18,fastvc,0.1970,77590
del18,fastvc,0.1970,77591
del18,fastvc,0.1970,77592
del18,fastvc,0.1970,77593
del18,fastvc,0.1980,77594
del18,fastvc,0.1980,77595
del18,fastvc,0.1980,77596
del18,fastvc,0.1980,77597
del18,fastvc,0.1980,77598
del18,fastvc,0.1980,77599
del18,fastvc,0.1980,77600
del18,fastvc,0.1980,77601
del18,fastvc,0.1980,77602
del18,fastvc,0.1980,77603
del18,fastvc,0.1980,77604
del18,fastvc,0.1980,77605
del18,fastvc,0.1980,77606
del18,fastvc,0.1980,77607
del18,fastvc,0.1980,77608
del18,fastvc,0.1990,77609
del18,fastvc,0.1990,77610
del18,fastvc,0.1990,77611
del18,fastvc,0.1990,77612
del18,fastvc,0.1990,77613
del18,fastvc,0.1990,77614
del18,fastvc,0.1990,77615
del18,fastvc,0.1990,77616
del18,fastvc,0.1990,77617
del18,fastvc,0.1990,77618
del18,fastvc,0.1990,77619
del18,fastvc,0.1990,77620
del18,fastvc,0.1990,77621
del18,fastvc,0.1990,77622
del18,fastvc,0.2000,77623
del18,fastvc,0.2000,77624
del18,fastvc,0.2000,77625
del18,fastvc,0.2000,77626
del18,fastvc,0.2000,77627
del18,fastvc,0.2000,77628
del18,fastvc,0.2000,77629
del18,fastvc,0.2000,77630
del18,fastvc,0.2000,77631
del18,fastvc,0.2000,77632
del18,fastvc,0.2000,77633
del18,fastvc,0.2000,77634
del18,fastvc,0.2000,77635
del18,fastvc,0.2010,77636
del18,fastvc,0.2010,77637
del18,fastvc,0.2010,77638
del18,fastvc,0.2010,77639
del18,fastvc,0.2010,77640
del18,fastvc,0.2010,77641
del18,fastvc,0.2010,77642
del18,fastvc,0.2010,77643
del18,fastvc,0.2010,77644
del18,fastvc,0.2010,77645
del18,fastvc,0.2010,77646
del18,fastvc,0.2010,77647
del18,fastvc,0.2020,77648
del18,fastvc,0.2020,77649
del18,fastvc,0.2020,77650
del18,fastvc,0.2020,77651
del18,fastvc,0.2020,77652
del18,fastvc,0.2020,77653
del18,fastvc,0.2020,77654
del18,fastvc,0.2020,77655
del18,fastvc,0.2020,77656
del18,fastvc,0.2020,77657
del18,fastvc,0.2020,77658
del18,fastvc,0.2020,77659
del18,fastvc,0.2020,77660
del18,fastvc,0.2030,77661
del18,fastvc,0.2030,77662
del18,fastvc,0.2030,77663
del18,fastvc,0.2030,77664
del18,fastvc,0.2030,77665
del18,fastvc,0.2030,77666
del18,fastvc,0.2030,77667
del18,fastvc,0.2030,77668
del18,fastvc,0.2030,77669
del18,fastvc,0.2030,77670
del18,fastvc,0.2030,77671
del18,fastvc,0.2030,77672
del18,fastvc,0.2030,77673
del18,fastvc,0.2030,77674
del18,fastvc,0.2030,77675
del18,fastvc,0.2030,77676
del18,fastvc,0.2040,77677
del18,fastvc,0.2040,77678
del18,fastvc,0.2040,77679
del18,fastvc,0.2040,77680
del18,fastvc,0.2040,77681
del18,fastvc,0.2040,77682
del18,fastvc,0.2040,77683
del18,fastvc,0.2040,77684
del18,fastvc,0.2040,77685
del18,fastvc,0.2040,77686
del18,fastvc,0.2040,77687
del18,fastvc,0.2040,77688
del18,fastvc,0.2040,77689
del18,fastvc,0.2040,77690
del18,fastvc,0.2040,77691
del18,fastvc,0.2050,77692
del18,fastvc,0.2050,77693
del18,fastvc,0.2050,77694
del18,fastvc,0.2050,77695
del18,fastvc,0.2050,77696
del18,fastvc,0.2050,77697
del18,fastvc,0.2050,77698
del18,fastvc,0.2050,77699
del18,fastvc,0.2050,77700
del18,fastvc,0.2050,77701
del18,fastvc,0.2050,77702
del18,fastvc,0.2050,77703
del18,fastvc,0.2050,77704
del18,fastvc,0.2050,77705
del18,fastvc,0.2050,77706
del18,fastvc,0.2060,77707
del18,fastvc,0.2060,77708
del18,fastvc,0.2060,77709
del18,fastvc,0.2060,77710
del18,fastvc,0.2060,77711
del18,fastvc,0.2060,77712
del18,fastvc,0.2060,77713
del18,fastvc,0.2060,77714
del18,fastvc,0.2060,77715
del18,fastvc,0.2060,77716
del18,fastvc,0.2060,77717
del18,fastvc,0.2060,77718
del18,fastvc,0.2060,77719
del18,fastvc,0.2060,77720
del18,fastvc,0.2060,77721
del18,fastvc,0.2060,77722
del18,fastvc,0.2060,77723
del18,fastvc,0.2070,77724
del18,fastvc,0.2070,77725
del18,fastvc,0.2070,77726
del18,fastvc,0.2070,77727
del18,fastvc,0.2070,77728
del18,fastvc,0.2070,77729
del18,fastvc,0.2070,77730
del18,fastvc,0.2070,77731
del18,fastvc,0.2070,77732
del18,fastvc,0.2070,77733
del18,fastvc,0.2070,77734
del18,fastvc,0.2070,77735
del18,fastvc,0.2070,77736
del18,fastvc,0.2070,77737
del18,fastvc,0.2070,77738
del18,fastvc,0.2070,77739
del18,fastvc,0.2080,77740
del18,fastvc,0.2080,77741
del18,fastvc,0.2080,77742
del18,fastvc,0.2080,77743
del18,fastvc,0.2080,77744
del18,fastvc,0.2080,77745
del18,fastvc,0.2080,77746
del18,fastvc,0.2080,77747
del18,fastvc,0.2080,77748
del18,fastvc,0.2080,77749
del18,fastvc,0.2080,77750
del18,fastvc,0.2080,77751
del18,fastvc,0.2080,77752
del18,fastvc,0.2080,77753
del18,fastvc,0.2080,77754
del18,fastvc,0.2080,77755
del18,fastvc,0.2080,77756
del18,fastvc,0.2090,77757
del18,fastvc,0.2090,77758
del18,fastvc,0.2090,77759
del18,fastvc,0.2090,77760
del18,fastvc,0.2090,77761
del18,fastvc,0.2090,77762
del18,fastvc,0.2090,77763
del18,fastvc,0.2090,77764
del18,fastvc,0.2090,77765
del18,fastvc,0.2090,77766
del18,fastvc,0.2090,77767
del18,fastvc,0.2090,77768
del18,fastvc,0.2090,77769
del18,fastvc,0.2090,77770
del18,fastvc,0.2090,77771
del18,fastvc,0.2090,77772
del18,fastvc,0.2090,77773
del18,fastvc,0.2090,77774
del18,fastvc,0.2090,77775
del18,fastvc,0.2100,77776
del18,fastvc,0.2100,77777
del18,fastvc,0.2100,77778
del18,fastvc,0.2100,77779
del18,fastvc,0.2100,77780
del18,fastvc,0.2100,77781
del18,fastvc,0.2100,77782
del18,fastvc,0.2100,77783
del18,fastvc,0.2100,77784
del18,fastvc,0.2100,77785
del18,fastvc,0.2100,77786
del18,fastvc,0.2100,77787
del18,fastvc,0.2100,77788
del18,fastvc,0.2100,77789
del18,fastvc,0.2100,77790
del18,fastvc,0.2100,77791
del18,fastvc,0.2100,77792
del18,fastvc,0.2110,77793
del18,fastvc,0.2110,77794
del18,fastvc,0.2110,77795
del18,fastvc,0.2110,77796
del18,fastvc,0.2110,77797
del18,fastvc,0.2110,77798
del18,fastvc,0.2110,77799
del18,fastvc,0.2110,77800
del18,fastvc,0.2110,77801
del18,fastvc,0.2110,77802
del18,fastvc,0.2110,77803
del18,fastvc,0.2110,77804
del18,fastvc,0.2110,77805
del18,fastvc,0.2110,77806
del18,fastvc,0.2110,77807
del18,fastvc,0.2110,77808
del18,fastvc,0.2110,77809
del18,fastvc,0.2120,77810
del18,fastvc,0.2120,77811
del18,fastvc,0.2120,77812
del18,fastvc,0.2120,77813
del18,fastvc,0.2120,77814
del18,fastvc,0.2120,77815
del18,fastvc,0.2120,77816
del18,fastvc,0.2120,77817
del18,fastvc,0.2120,77818
del18,fastvc,0.2120,77819
del18,fastvc,0.2120,77820
del18,fastvc,0.2120,77821
del18,fastvc,0.2120,77822
del18,fastvc,0.2120,77823
del18,fastvc,0.2120,77824
del18,fastvc,0.2120,77825
del18,fastvc,0.2120,77826
del18,fastvc,0.2120,77827
del18,fastvc,0.2120,77828
del18,fastvc,0.2120,77829
del18,fastvc,0.2130,77830
del18,fastvc,0.2130,77831
del18,fastvc,0.2130,77832
del18,fastvc,0.2130,77833
del18,fastvc,0.2130,77834
del18,fastvc,0.2130,77835
del18,fastvc,0.2130,77836
del18,fastvc,0.2130,77837
del18,fastvc,0.2130,77838
del18,fastvc,0.2130,77839
del18,fastvc,0.2130,77840
del18,fastvc,0.2130,77841
del18,fastvc,0.2130,77842
del18,fastvc,0.2130,77843
del18,fastvc,0.2130,77844
del18,fastvc,0.2130,77845
del18,fastvc,0.2130,77846
del18,fastvc,0.2140,77847
del18,fastvc,0.2140,77848
del18,fastvc,0.2140,77849
del18,fastvc,0.2140,77850
del18,fastvc,0.2140,77851
del18,fastvc,0.2140,77852
del18,fastvc,0.2140,77853
del18,fastvc,0.2140,77854
del18,fastvc,0.2140,77855
del18,fastvc,0.2140,77856
del18,fastvc,0.2140,77857
del18,fastvc,0.2140,77858
del18,fastvc,0.2140,77859
del18,fastvc,0.2150,77860
del18,fastvc,0.2150,77861
del18,fastvc,0.2150,77862
del18,fastvc,0.2150,77863
del18,fastvc,0.2150,77864
del18,fastvc,0.2150,77865
del18,fastvc,0.2150,77866
del18,fastvc,0.2150,77867
del18,fastvc,0.2150,77868
del18,fastvc,0.2150,77869
del18,fastvc,0.2150,77870
del18,fastvc,0.2150,77871
del18,fastvc,0.2150,77872
del18,fastvc,0.2150,77873
del18,fastvc,0.2150,77874
del18,fastvc,0.2160,77875
del18,fastvc,0.2160,77876
del18,fastvc,0.2160,77877
del18,fastvc,0.2160,77878
del18,fastvc,0.2160,77879
del18,fastvc,0.2160,77880
del18,fastvc,0.2160,77881
del18,fastvc,0.2160,77882
del18,fastvc,0.2160,77883
del18,fastvc,0.2160,77884
del18,fastvc,0.2160,77885
del18,fastvc,0.2160,77886
del18,fastvc,0.2160,77887
del18,fastvc,0.2160,77888
del18,fastvc,0.2160,77889
del18,fastvc,0.2160,77890
del18,fastvc,0.2170,77891
del18,fastvc,0.2170,77892
del18,fastvc,0.2170,77893
del18,fastvc,0.2170,77894
del18,fastvc,0.2170,77895
del18,fastvc,0.2170,77896
del18,fastvc,0.2170,77897
del18,fastvc,0.2170,77898
del18,fastvc,0.2170,77899
del18,fastvc,0.2170,77900
del18,fastvc,0.2170,77901
del18,fastvc,0.2170,77902
del18,fastvc,0.2170,77903
del18,fastvc,0.2170,77904
del18,fastvc,0.2170,77905
del18,fastvc,0.2170,77906
del18,fastvc,0.2170,77907
del18,fastvc,0.2180,77908
del18,fastvc,0.2180,77909
del18,fastvc,0.2180,77910
del18,fastvc,0.2180,77911
del18,fastvc,0.2180,77912
del18,fastvc,0.2180,77913
del18,fastvc,0.2180,77914
del18,fastvc,0.2180,77915
del18,fastvc,0.2180,77916
del18,fastvc,0.2180,77917
del18,fastvc,0.2180,77918
del18,fastvc,0.2180,77919
del18,fastvc,0.2180,77920
del18,fastvc,0.2180,77921
del18,fastvc,0.2180,77922
del18,fastvc,0.2180,77923
del18,fastvc,0.2190,77924
del18,fastvc,0.2190,77925
del18,fastvc,0.2190,77926
del18,fastvc,0.2190,77927
del18,fastvc,0.2190,77928
del18,fastvc,0.2190,77929
del18,fastvc,0.2190,77930
del18,fastvc,0.2190,77931
del18,fastvc,0.2190,77932
del18,fastvc,0.2190,77933
del18,fastvc,0.2190,77934
del18,fastvc,0.2190,77935
del18,fastvc,0.2190,77936
del18,fastvc,0.2200,77937
del18,fastvc,0.2200,77938
del18,fastvc,0.2200,77939
del18,fastvc,0.2200,77940
del18,fastvc,0.2200,77941
del18,fastvc,0.2200,77942
del18,fastvc,0.2200,77943
del18,fastvc,0.2200,77944
del18,fastvc,0.2200,77945
del18,fastvc,0.2200,77946
del18,fastvc,0.2210,77947
del18,fastvc,0.2210,77948
del18,fastvc,0.2210,77949
del18,fastvc,0.2210,77950
del18,fastvc,0.2210,77951
del18,fastvc,0.2210,77952
del18,fastvc,0.2210,77953
del18,fastvc,0.2210,77954
del18,fastvc,0.2210,77955
del18,fastvc,0.2210,77956
del18,fastvc,0.2210,77957
del18,fastvc,0.2210,77958
del18,fastvc,0.2210,77959
del18,fastvc,0.2210,77960
del18,fastvc,0.2210,77961
del18,fastvc,0.2220,77962
del18,fastvc,0.2220,77963
del18,fastvc,0.2220,77964
del18,fastvc,0.2220,77965
del18,fastvc,0.2220,77966
del18,fastvc,0.2220,77967
del18,fastvc,0.2220,77968
del18,fastvc,0.2220,77969
del18,fastvc,0.2220,77970
del18,fastvc,0.2220,77971
del18,fastvc,0.2220,77972
del18,fastvc,0.2220,77973
del18,fastvc,0.2220,77974
del18,fastvc,0.2230,77975
del18,fastvc,0.2230,77976
del18,fastvc,0.2230,77977
del18,fastvc,0.2230,77978
del18,fastvc,0.2230,77979
del18,fastvc,0.2230,77980
del18,fastvc,0.2230,77981
del18,fastvc,0.2230,77982
del18,fastvc,0.2230,77983
del18,fastvc,0.2230,77984
del18,fastvc,0.2230,77985
del18,fastvc,0.2230,77986
del18,fastvc,0.2230,77987
del18,fastvc,0.2230,77988
del18,fastvc,0.2230,77989
del18,fastvc,0.2230,77990
del18,fastvc,0.2230,77991
del18,fastvc,0.2230,77992
del18,fastvc,0.2230,77993
del18,fastvc,0.2240,77994
del18,fastvc,0.2240,77995
del18,fastvc,0.2240,77996
del18,fastvc,0.2240,77997
del18,fastvc,0.2240,77998
del18,fastvc,0.2240,77999
del18,fastvc,0.2240,78000
del18,fastvc,0.2240,78001
del18,fastvc,0.2240,78002
del18,fastvc,0.2240,78003
del18,fastvc,0.2240,78004
del18,fastvc,0.2240,78005
del18,fastvc,0.2240,78006
del18,fastvc,0.2240,78007
del18,fastvc,0.2250,78008
del18,fastvc,0.2250,78009
del18,fastvc,0.2250,78010
del18,fastvc,0.2250,78011
del18,fastvc,0.2250,78012
del18,fastvc,0.2250,78013
del18,fastvc,0.2250,78014
del18,fastvc,0.2250,78015
del18,fastvc,0.2250,78016
del18,fastvc,0.2250,78017
del18,fastvc,0.2250,78018
del18,fastvc,0.2250,78019
del18,fastvc,0.2250,78020
del18,fastvc,0.2250,78021
del18,fastvc,0.2250,78022
del18,fastvc,0.2250,78023
del18,fastvc,0.2250,78024
del18,fastvc,0.2250,78025
del18,fastvc,0.2250,78026
del18,fastvc,0.2250,78027
del18,fastvc,0.2250,78028
del18,fastvc,0.2260,78029
del18,fastvc,0.2260,78030
del18,fastvc,0.2260,78031
del18,fastvc,0.2260,78032
del18,fastvc,0.2260,78033
del18,fastvc,0.2260,78034
del18,fastvc,0.2260,78035
del18,fastvc,0.2260,78036
del18,fastvc,0.2260,78037
del18,fastvc,0.2260,78038
del18,fastvc,0.2260,78039
del18,fastvc,0.2260,78040
del18,fastvc,0.2260,78041
del18,fastvc,0.2260,78042
del18,fastvc,0.2260,78043
del18,fastvc,0.2260,78044
del18,fastvc,0.2270,78045
del18,fastvc,0.2270,78046
del18,fastvc,0.2270,78047
del18,fastvc,0.2270,78048
del18,fastvc,0.2270,78049
del18,fastvc,0.2270,78050
del18,fastvc,0.2270,78051
del18,fastvc,0.2270,78052
del18,fastvc,0.2270,78053
del18,fastvc,0.2270,78054
del18,fastvc,0.2270,78055
del18,fastvc,0.2270,78056
del18,fastvc,0.2270,78057
del18,fastvc,0.2270,78058
del18,fastvc,0.2270,78059
del18,fastvc,0.2270,78060
del18,fastvc,0.2280,78061
del18,fastvc,0.2280,78062
del18,fastvc,0.2280,78063
del18,fastvc,0.2280,78064
del18,fastvc,0.2280,78065
del18,fastvc,0.2280,78066
del18,fastvc,0.2280,78067
del18,fastvc,0.2280,78068
del18,fastvc,0.2280,78069
del18,fastvc,0.2280,78070
del18,fastvc,0.2280,78071
del18,fastvc,0.2280,78072
del18,fastvc,0.2280,78073
del18,fastvc,0.2280,78074
del18,fastvc,0.2280,78075
del18,fastvc,0.2280,78076
del18,fastvc,0.2290,78077
del18,fastvc,0.2290,78078
del18,fastvc,0.2290,78079
del18,fastvc,0.2290,78080
del18,fastvc,0.2290,78081
del18,fastvc,0.2290,78082
del18,fastvc,0.2290,78083
del18,fastvc,0.2290,78084
del18,fastvc,0.2290,78085
del18,fastvc,0.2290,78086
del18,fastvc,0.2290,78087
del18,fastvc,0.2300,78088
del18,fastvc,0.2300,78089
del18,fastvc,0.2300,78090
del18,fastvc,0.2300,78091
del18,fastvc,0.2300,78092
del18,fastvc,0.2300,78093
del18,fastvc,0.2300,78094
del18,fastvc,0.2300,78095
del18,fastvc,0.2300,78096
del18,fastvc,0.2300,78097
del18,fastvc,0.2300,78098
del18,fastvc,0.2300,78099
del18,fastvc,0.2300,78100
del18,fastvc,0.2300,78101
del18,fastvc,0.2310,78102
del18,fastvc,0.2310,78103
del18,fastvc,0.2310,78104
del18,fastvc,0.2310,78105
del18,fastvc,0.2310,78106
del18,fastvc,0.2310,78107
del18,fastvc,0.2310,78108
del18,fastvc,0.2310,78109
del18,fastvc,0.2310,78110
del18,fastvc,0.2310,78111
del18,fastvc,0.2310,78112
del18,fastvc,0.2310,78113
del18,fastvc,0.2310,78114
del18,fastvc,0.2310,78115
del18,fastvc,0.2310,78116
del18,fastvc,0.2310,78117
del18,fastvc,0.2310,78118
del18,fastvc,0.2320,78119
del18,fastvc,0.2320,78120
del18,fastvc,0.2320,78121
del18,fastvc,0.2320,78122
del18,fastvc,0.2320,78123
del18,fastvc,0.2320,78124
del18,fastvc,0.2320,78125
del18,fastvc,0.2320,78126
del18,fastvc,0.2320,78127
del18,fastvc,0.2320,78128
del18,fastvc,0.2320,78129
del18,fastvc,0.2320,78130
del18,fastvc,0.2320,78131
del18,fastvc,0.2320,78132
del18,fastvc,0.2320,78133
del18,fastvc,0.2320,78134
del18,fastvc,0.2330,78135
del18,fastvc,0.2330,78136
del18,fastvc,0.2330,78137
del18,fastvc,0.2330,78138
del18,fastvc,0.2330,78139
del18,fastvc,0.2330,78140
del18,fastvc,0.2330,78141
del18,fastvc,0.2330,78142
del18,fastvc,0.2330,78143
del18,fastvc,0.2330,78144
del18,fastvc,0.2330,78145
del18,fastvc,0.2330,78146
del18,fastvc,0.2330,78147
del18,fastvc,0.2340,78148
del18,fastvc,0.2340,78149
del18,fastvc,0.2340,78150
del18,fastvc,0.2340,78151
del18,fastvc,0.2340,78152
del18,fastvc,0.2340,78153
del18,fastvc,0.2340,78154
del18,fastvc,0.2340,78155
del18,fastvc,0.2340,78156
del18,fastvc,0.2340,78157
del18,fastvc,0.2340,78158
del18,fastvc,0.2340,78159
del18,fastvc,0.2340,78160
del18,fastvc,0.2340,78161
del18,fastvc,0.2340,78162
del18,fastvc,0.2340,78163
del18,fastvc,0.2340,78164
del18,fastvc,0.2340,78165
del18,fastvc,0.2350,78166
del18,fastvc,0.2350,78167
del18,fastvc,0.2350,78168
del18,fastvc,0.2350,78169
del18,fastvc,0.2350,78170
del18,fastvc,0.2350,78171
del18,fastvc,0.2350,78172
del18,fastvc,0.2350,78173
del18,fastvc,0.2350,78174
del18,fastvc,0.2350,78175
del18,fastvc,0.2350,78176
del18,fastvc,0.2350,78177
del18,fastvc,0.2350,78178
del18,fastvc,0.2350,78179
del18,fastvc,0.2360,78180
del18,fastvc,0.2360,78181
del18,fastvc,0.2360,78182
del18,fastvc,0.2360,78183
del18,fastvc,0.2360,78184
del18,fastvc,0.2360,78185
del18,fastvc,0.2360,78186
del18,fastvc,0.2360,78187
del18,fastvc,0.2360,78188
del18,fastvc,0.2360,78189
del18,fastvc,0.2360,78190
del18,fastvc,0.2360,78191
del18,fastvc,0.2360,78192
del18,fastvc,0.2360,78193
del18,fastvc,0.2360,78194
del18,fastvc,0.2360,78195
del18,fastvc,0.2360,78196
del18,fastvc,0.2370,78197
del18,fastvc,0.2370,78198
del18,fastvc,0.2370,78199
del18,fastvc,0.2370,78200
del18,fastvc,0.2370,78201
del18,fastvc,0.2370,78202
del18,fastvc,0.2370,78203
del18,fastvc,0.2370,78204
del18,fastvc,0.2370,78205
del18,fastvc,0.2370,78206
del18,fastvc,0.2370,78207
del18,fastvc,0.2370,78208
del18,fastvc,0.2370,78209
del18,fastvc,0.2380,78210
del18,fastvc,0.2380,78211
del18,fastvc,0.2380,78212
del18,fastvc,0.2380,78213
del18,fastvc,0.2380,78214
del18,fastvc,0.2380,78215
del18,fastvc,0.2380,78216
del18,fastvc,0.2380,78217
del18,fastvc,0.2380,78218
del18,fastvc,0.2380,78219
del18,fastvc,0.2380,78220
del18,fastvc,0.2390,78221
del18,fastvc,0.2390,78222
del18,fastvc,0.2390,78223
del18,fastvc,0.2390,78224
del18,fastvc,0.2390,78225
del18,fastvc,0.2390,78226
del18,fastvc,0.2390,78227
del18,fastvc,0.2390,78228
del18,fastvc,0.2390,78229
del18,fastvc,0.2390,78230
del18,fastvc,0.2390,78231
del18,fastvc,0.2390,78232
del18,fastvc,0.2390,78233
del18,fastvc,0.2390,78234
del18,fastvc,0.2400,78235
del18,fastvc,0.2400,78236
del18,fastvc,0.2400,78237
del18,fastvc,0.2400,78238
del18,fastvc,0.2400,78239
del18,fastvc,0.2400,78240
del18,fastvc,0.2400,78241
del18,fastvc,0.2400,78242
del18,fastvc,0.2400,78243
del18,fastvc,0.2400,78244
del18,fastvc,0.2400,78245
del18,fastvc,0.2410,78246
del18,fastvc,0.2410,78247
del18,fastvc,0.2410,78248
del18,fastvc,0.2410,78249
del18,fastvc,0.2410,78250
del18,fastvc,0.2410,78251
del18,fastvc,0.2410,78252
del18,fastvc,0.2410,78253
del18,fastvc,0.2410,78254
del18,fastvc,0.2410,78255
del18,fastvc,0.2410,78256
del18,fastvc,0.2420,78257
del18,fastvc,0.2420,78258
del18,fastvc,0.2420,78259
del18,fastvc,0.2420,78260
del18,fastvc,0.2420,78261
del18,fastvc,0.2420,78262
del18,fastvc,0.2420,78263
del18,fastvc,0.2420,78264
del18,fastvc,0.2420,78265
del18,fastvc,0.2430,78266
del18,fastvc,0.2430,78267
del18,fastvc,0.2430,78268
del18,fastvc,0.2430,78269
del18,fastvc,0.2430,78270
del18,fastvc,0.2430,78271
del18,fastvc,0.2430,78272
del18,fastvc,0.2430,78273
del18,fastvc,0.2430,78274
del18,fastvc,0.2430,78275
del18,fastvc,0.2430,78276
del18,fastvc,0.2430,78277
del18,fastvc,0.2430,78278
del18,fastvc,0.2440,78279
del18,fastvc,0.2440,78280
del18,fastvc,0.2440,78281
del18,fastvc,0.2440,78282
del18,fastvc,0.2440,78283
del18,fastvc,0.2440,78284
del18,fastvc,0.2440,78285
del18,fastvc,0.2440,78286
del18,fastvc,0.2440,78287
del18,fastvc,0.2440,78288
del18,fastvc,0.2440,78289
del18,fastvc,0.2440,78290
del18,fastvc,0.2440,78291
del18,fastvc,0.2440,78292
del18,fastvc,0.2440,78293
del18,fastvc,0.2440,78294
del18,fastvc,0.2440,78295
del18,fastvc,0.2440,78296
del18,fastvc,0.2440,78297
del18,fastvc,0.2450,78298
del18,fastvc,0.2450,78299
del18,fastvc,0.2450,78300
del18,fastvc,0.2450,78301
del18,fastvc,0.2450,78302
del18,fastvc,0.2450,78303
del18,fastvc,0.2450,78304
del18,fastvc,0.2450,78305
del18,fastvc,0.2450,78306
del18,fastvc,0.2450,78307
del18,fastvc,0.2450,78308
del18,fastvc,0.2450,78309
del18,fastvc,0.2460,78310
del18,fastvc,0.2460,78311
del18,fastvc,0.2460,78312
del18,fastvc,0.2460,78313
del18,fastvc,0.2460,78314
del18,fastvc,0.2460,78315
del18,fastvc,0.2460,78316
del18,fastvc,0.2460,78317
del18,fastvc,0.2460,78318
del18,fastvc,0.2460,78319
del18,fastvc,0.2460,78320
del18,fastvc,0.2460,78321
del18,fastvc,0.2460,78322
del18,fastvc,0.2460,78323
del18,fastvc,0.2460,78324
del18,fastvc,0.2460,78325
del18,fastvc,0.2470,78326
del18,fastvc,0.2470,78327
del18,fastvc,0.2470,78328
del18,fastvc,0.2470,78329
del18,fastvc,0.2470,78330
del18,fastvc,0.2470,78331
del18,fastvc,0.2470,78332
del18,fastvc,0.2470,78333
del18,fastvc,0.2470,78334
del18,fastvc,0.2470,78335
del18,fastvc,0.2480,78336
del18,fastvc,0.2480,78337
del18,fastvc,0.2480,78338
del18,fastvc,0.2480,78339
del18,fastvc,0.2480,78340
del18,fastvc,0.2480,78341
del18,fastvc,0.2480,78342
del18,fastvc,0.2480,78343
del18,fastvc,0.2480,78344
del18,fastvc,0.2480,78345
del18,fastvc,0.2490,78346
del18,fastvc,0.2490,78347
del18,fastvc,0.2490,78348
del18,fastvc,0.2490,78349
del18,fastvc,0.2490,78350
del18,fastvc,0.2490,78351
del18,fastvc,0.2490,78352
del18,fastvc,0.2490,78353
del18,fastvc,0.2490,78354
del18,fastvc,0.2490,78355
del18,fastvc,0.2490,78356
del18,fastvc,0.2490,78357
del18,fastvc,0.2490,78358
del18,fastvc,0.2490,78359
del18,fastvc,0.2490,78360
del18,fastvc,0.2490,78361
del18,fastvc,0.2490,78362
del18,fastvc,0.2500,78363
del18,fastvc,0.2500,78364
del18,fastvc,0.2500,78365
del18,fastvc,0.2500,78366
del18,fastvc,0.2500,78367
del18,fastvc,0.2500,78368
del18,fastvc,0.2500,78369
del18,fastvc,0.2500,78370
del18,fastvc,0.2500,78371
del18,fastvc,0.2500,78372
del18,fastvc,0.2500,78373
del18,fastvc,0.2500,78374
del18,fastvc,0.2500,78375
del18,fastvc,0.2500,78376
del18,fastvc,0.2500,78377
del18,fastvc,0.2500,78378
del18,fastvc,0.2500,78379
del18,fastvc,0.2510,78380
del18,fastvc,0.2510,78381
del18,fastvc,0.2510,78382
del18,fastvc,0.2510,78383
del18,fastvc,0.2510,78384
del18,fastvc,0.2510,78385
del18,fastvc,0.2510,78386
del18,fastvc,0.2510,78387
del18,fastvc,0.2510,78388
del18,fastvc,0.2510,78389
del18,fastvc,0.2510,78390
del18,fastvc,0.2510,78391
del18,fastvc,0.2520,78392
del18,fastvc,0.2520,78393
del18,fastvc,0.2520,78394
del18,fastvc,0.2520,78395
del18,fastvc,0.2520,78396
del18,fastvc,0.2520,78397
del18,fastvc,0.2520,78398
del18,fastvc,0.2520,78399
del18,fastvc,0.2520,78400
del18,fastvc,0.2520,78401
del18,fastvc,0.2520,78402
del18,fastvc,0.2520,78403
del18,fastvc,0.2520,78404
del18,fastvc,0.2520,78405
del18,fastvc,0.2520,78406
del18,fastvc,0.2520,78407
del18,fastvc,0.2520,78408
del18,fastvc,0.2520,78409
del18,fastvc,0.2530,78410
del18,fastvc,0.2530,78411
del18,fastvc,0.2530,78412
del18,fastvc,0.2530,78413
del18,fastvc,0.2530,78414
del18,fastvc,0.2530,78415
del18,fastvc,0.2530,78416
del18,fastvc,0.2530,78417
del18,fastvc,0.2530,78418
del18,fastvc,0.2530,78419
del18,fastvc,0.2530,78420
del18,fastvc,0.2530,78421
del18,fastvc,0.2530,78422
del18,fastvc,0.2540,78423
del18,fastvc,0.2540,78424
del18,fastvc,0.2540,78425
del18,fastvc,0.2540,78426
del18,fastvc,0.2540,78427
del18,fastvc,0.2540,78428
del18,fastvc,0.2540,78429
del18,fastvc,0.2540,78430
del18,fastvc,0.2540,78431
del18,fastvc,0.2540,78432
del18,fastvc,0.2540,78433
del18,fastvc,0.2540,78434
del18,fastvc,0.2540,78435
del18,fastvc,0.2540,78436
del18,fastvc,0.2540,78437
del18,fastvc,0.2540,78438
del18,fastvc,0.2540,78439
del18,fastvc,0.2550,78440
del18,fastvc,0.2550,78441
del18,fastvc,0.2550,78442
del18,fastvc,0.2550,78443
del18,fastvc,0.2550,78444
del18,fastvc,0.2550,78445
del18,fastvc,0.2550,78446
del18,fastvc,0.2550,78447
del18,fastvc,0.2550,78448
del18,fastvc,0.2550,78449
del18,fastvc,0.2550,78450
del18,fastvc,0.2550,78451
del18,fastvc,0.2550,78452
del18,fastvc,0.2550,78453
del18,fastvc,0.2550,78454
del18,fastvc,0.2550,78455
del18,fastvc,0.2550,78456
del18,fastvc,0.2560,78457
del18,fastvc,0.2560,78458
del18,fastvc,0.2560,78459
del18,fastvc,0.2560,78460
del18,fastvc,0.2560,78461
del18,fastvc,0.2560,78462
del18,fastvc,0.2560,78463
del18,fastvc,0.2560,78464
del18,fastvc,0.2560,78465
del18,fastvc,0.2560,78466
del18,fastvc,0.2560,78467
del18,fastvc,0.2560,78468
del18,fastvc,0.2570,78469
del18,fastvc,0.2570,78470
del18,fastvc,0.2570,78471
del18,fastvc,0.2570,78472
del18,fastvc,0.2570,78473
del18,fastvc,0.2570,78474
del18,fastvc,0.2570,78475
del18,fastvc,0.2570,78476
del18,fastvc,0.2570,78477
del18,fastvc,0.2570,78478
del18,fastvc,0.2570,78479
del18,fastvc,0.2580,78480
del18,fastvc,0.2580,78481
del18,fastvc,0.2580,78482
del18,fastvc,0.2580,78483
del18,fastvc,0.2580,78484
del18,fastvc,0.2580,78485
del18,fastvc,0.2580,78486
del18,fastvc,0.2580,78487
del18,fastvc,0.2580,78488
del18,fastvc,0.2580,78489
del18,fastvc,0.2580,78490
del18,fastvc,0.2580,78491
del18,fastvc,0.2580,78492
del18,fastvc,0.2580,78493
del18,fastvc,0.2590,78494
del18,fastvc,0.2590,78495
del18,fastvc,0.2590,78496
del18,fastvc,0.2590,78497
del18,fastvc,0.2590,78498
del18,fastvc,0.2590,78499
del18,fastvc,0.2590,78500
del18,fastvc,0.2590,78501
del18,fastvc,0.2590,78502
del18,fastvc,0.2590,78503
del18,fastvc,0.2590,78504
del18,fastvc,0.2590,78505
del18,fastvc,0.2590,78506
del18,fastvc,0.2600,78507
del18,fastvc,0.2600,78508
del18,fastvc,0.2600,78509
del18,fastvc,0.2600,78510
del18,fastvc,0.2600,78511
del18,fastvc,0.2600,78512
del18,fastvc,0.2600,78513
del18,fastvc,0.2600,78514
del18,fastvc,0.2600,78515
del18,fastvc,0.2600,78516
del18,fastvc,0.2600,78517
del18,fastvc,0.2600,78518
del18,fastvc,0.2600,78519
del18,fastvc,0.2600,78520
del18,fastvc,0.2610,78521
del18,fastvc,0.2610,78522
del18,fastvc,0.2610,78523
del18,fastvc,0.2610,78524
del18,fastvc,0.2610,78525
del18,fastvc,0.2610,78526
del18,fastvc,0.2610,78527
del18,fastvc,0.2620,78528
del18,fastvc,0.2620,78529
del18,fastvc,0.2620,78530
del18,fastvc,0.2620,78531
del18,fastvc,0.2620,78532
del18,fastvc,0.2620,78533
del18,fastvc,0.2620,78534
del18,fastvc,0.2620,78535
del18,fastvc,0.2620,78536
del18,fastvc,0.2620,78537
del18,fastvc,0.2620,78538
del18,fastvc,0.2620,78539
del18,fastvc,0.2630,78540
del18,fastvc,0.2630,78541
del18,fastvc,0.2630,78542
del18,fastvc,0.2630,78543
del18,fastvc,0.2630,78544
del18,fastvc,0.2630,78545
del18,fastvc,0.2630,78546
del18,fastvc,0.2630,78547
del18,fastvc,0.2630,78548
del18,fastvc,0.2630,78549
del18,fastvc,0.2630,78550
del18,fastvc,0.2630,78551
del18,fastvc,0.2630,78552
del18,fastvc,0.2630,78553
del18,fastvc,0.2640,78554
del18,fastvc,0.2640,78555
del18,fastvc,0.2640,78556
del18,fastvc,0.2640,78557
del18,fastvc,0.2640,78558
del18,fastvc,0.2640,78559
del18,fastvc,0.2640,78560
del18,fastvc,0.2640,78561
del18,fastvc,0.2640,78562
del18,fastvc,0.2640,78563
del18,fastvc,0.2640,78564
del18,fastvc,0.2640,78565
del18,fastvc,0.2640,78566
del18,fastvc,0.2640,78567
del18,fastvc,0.2640,78568
del18,fastvc,0.2640,78569
del18,fastvc,0.2650,78570
del18,fastvc,0.2650,78571
del18,fastvc,0.2650,78572
del18,fastvc,0.2650,78573
del18,fastvc,0.2650,78574
del18,fastvc,0.2650,78575
del18,fastvc,0.2650,78576
del18,fastvc,0.2650,78577
del18,fastvc,0.2650,78578
del18,fastvc,0.2650,78579
del18,fastvc,0.2650,78580
del18,fastvc,0.2650,78581
del18,fastvc,0.2650,78582
del18,fastvc,0.2660,78583
del18,fastvc,0.2660,78584
del18,fastvc,0.2660,78585
del18,fastvc,0.2660,78586
del18,fastvc,0.2660,78587
del18,fastvc,0.2660,78588
del18,fastvc,0.2660,78589
del18,fastvc,0.2660,78590
del18,fastvc,0.2660,78591
del18,fastvc,0.2660,78592
del18,fastvc,0.2660,78593
del18,fastvc,0.2660,78594
del18,fastvc,0.2660,78595
del18,fastvc,0.2670,78596
del18,fastvc,0.2670,78597
del18,fastvc,0.2670,78598
del18,fastvc,0.2670,78599
del18,fastvc,0.2670,78600
del18,fastvc,0.2670,78601
del18,fastvc,0.2670,78602
del18,fastvc,0.2670,78603
del18,fastvc,0.2670,78604
del18,fastvc,0.2670,78605
del18,fastvc,0.2670,78606
del18,fastvc,0.2670,78607
del18,fastvc,0.2670,78608
del18,fastvc,0.2670,78609
del18,fastvc,0.2670,78610
del18,fastvc,0.2680,78611
del18,fastvc,0.2680,78612
del18,fastvc,0.2680,78613
del18,fastvc,0.2680,78614
del18,fastvc,0.2680,78615
del18,fastvc,0.2680,78616
del18,fastvc,0.2680,78617
del18,fastvc,0.2680,78618
del18,fastvc,0.2680,78619
del18,fastvc,0.2680,78620
del18,fastvc,0.2680,78621
del18,fastvc,0.2680,78622
del18,fastvc,0.2680,78623
del18,fastvc,0.2680,78624
del18,fastvc,0.2680,78625
del18,fastvc,0.2690,78626
del18,fastvc,0.2690,78627
del18,fastvc,0.2690,78628
del18,fastvc,0.2690,78629
del18,fastvc,0.2690,78630
del18,fastvc,0.2690,78631
del18,fastvc,0.2690,78632
del18,fastvc,0.2690,78633
del18,fastvc,0.2690,78634
del18,fastvc,0.2690,78635
del18,fastvc,0.2690,78636
del18,fastvc,0.2690,78637
del18,fastvc,0.2690,78638
del18,fastvc,0.2690,78639
del18,fastvc,0.2690,78640
del18,fastvc,0.2690,78641
del18,fastvc,0.2690,78642
del18,fastvc,0.2690,78643
del18,fastvc,0.2690,78644
del18,fastvc,0.2700,78645
del18,fastvc,0.2700,78646
del18,fastvc,0.2700,78647
del18,fastvc,0.2700,78648
del18,fastvc,0.2700,78649
del18,fastvc,0.2700,78650
del18,fastvc,0.2700,78651
del18,fastvc,0.2700,78652
del18,fastvc,0.2710,78653
del18,fastvc,0.2710,78654
del18,fastvc,0.2710,78655
del18,fastvc,0.2710,78656
del18,fastvc,0.2710,78657
del18,fastvc,0.2710,78658
del18,fastvc,0.2710,78659
del18,fastvc,0.2710,78660
del18,fastvc,0.2710,78661
del18,fastvc,0.2710,78662
del18,fastvc,0.2710,78663
del18,fastvc,0.2710,78664
del18,fastvc,0.2710,78665
del18,fastvc,0.2710,78666
del18,fastvc,0.2720,78667
del18,fastvc,0.2720,78668
del18,fastvc,0.2720,78669
del18,fastvc,0.2720,78670
del18,fastvc,0.2720,78671
del18,fastvc,0.2720,78672
del18,fastvc,0.2720,78673
del18,fastvc,0.2720,78674
del18,fastvc,0.2720,78675
del18,fastvc,0.2720,78676
del18,fastvc,0.2720,78677
del18,fastvc,0.2720,78678
del18,fastvc,0.2720,78679
del18,fastvc,0.2730,78680
del18,fastvc,0.2730,78681
del18,fastvc,0.2730,78682
del18,fastvc,0.2730,78683
del18,fastvc,0.2730,78684
del18,fastvc,0.2730,78685
del18,fastvc,0.2730,78686
del18,fastvc,0.2730,78687
del18,fastvc,0.2730,78688
del18,fastvc,0.2730,78689
del18,fastvc,0.2730,78690
del18,fastvc,0.2730,78691
del18,fastvc,0.2740,78692
del18,fastvc,0.2740,78693
del18,fastvc,0.2740,78694
del18,fastvc,0.2740,78695
del18,fastvc,0.2740,78696
del18,fastvc,0.2740,78697
del18,fastvc,0.2740,78698
del18,fastvc,0.2740,78699
del18,fastvc,0.2740,78700
del18,fastvc,0.2740,78701
del18,fastvc,0.2740,78702
del18,fastvc,0.2740,78703
del18,fastvc,0.2740,78704
del18,fastvc,0.2740,78705
del18,fastvc,0.2740,78706
del18,fastvc,0.2740,78707
del18,fastvc,0.2740,78708
del18,fastvc,0.2740,78709
del18,fastvc,0.2750,78710
del18,fastvc,0.2750,78711
del18,fastvc,0.2750,78712
del18,fastvc,0.2750,78713
del18,fastvc,0.2750,78714
del18,fastvc,0.2750,78715
del18,fastvc,0.2750,78716
del18,fastvc,0.2750,78717
del18,fastvc,0.2750,78718
del18,fastvc,0.2750,78719
del18,fastvc,0.2750,78720
del18,fastvc,0.2750,78721
del18,fastvc,0.2760,78722
del18,fastvc,0.2760,78723
del18,fastvc,0.2760,78724
del18,fastvc,0.2760,78725
del18,fastvc,0.2760,78726
del18,fastvc,0.2760,78727
del18,fastvc,0.2760,78728
del18,fastvc,0.2760,78729
del18,fastvc,0.2760,78730
del18,fastvc,0.2760,78731
del18,fastvc,0.2760,78732
del18,fastvc,0.2760,78733
del18,fastvc,0.2770,78734
del18,fastvc,0.2770,78735
del18,fastvc,0.2770,78736
del18,fastvc,0.2770,78737
del18,fastvc,0.2770,78738
del18,fastvc,0.2770,78739
del18,fastvc,0.2770,78740
del18,fastvc,0.2770,78741
del18,fastvc,0.2770,78742
del18,fastvc,0.2770,78743
del18,fastvc,0.2770,78744
del18,fastvc,0.2770,78745
del18,fastvc,0.2770,78746
del18,fastvc,0.2770,78747
del18,fastvc,0.2770,78748
del18,fastvc,0.2780,78749
del18,fastvc,0.2780,78750
del18,fastvc,0.2780,78751
del18,fastvc,0.2780,78752
del18,fastvc,0.2780,78753
del18,fastvc,0.2780,78754
del18,fastvc,0.2780,78755
del18,fastvc,0.2780,78756
del18,fastvc,0.2780,78757
del18,fastvc,0.2780,78758
del18,fastvc,0.2780,78759
del18,fastvc,0.2790,78760
del18,fastvc,0.2790,78761
del18,fastvc,0.2790,78762
del18,fastvc,0.2790,78763
del18,fastvc,0.2790,78764
del18,fastvc,0.2790,78765
del18,fastvc,0.2790,78766
del18,fastvc,0.2790,78767
del18,fastvc,0.2790,78768
del18,fastvc,0.2790,78769
del18,fastvc,0.2790,78770
del18,fastvc,0.2790,78771
del18,fastvc,0.2790,78772
del18,fastvc,0.2800,78773
del18,fastvc,0.2800,78774
del18,fastvc,0.2800,78775
del18,fastvc,0.2800,78776
del18,fastvc,0.2800,78777
del18,fastvc,0.2800,78778
del18,fastvc,0.2800,78779
del18,fastvc,0.2800,78780
del18,fastvc,0.2800,78781
del18,fastvc,0.2800,78782
del18,fastvc,0.2800,78783
del18,fastvc,0.2800,78784
del18,fastvc,0.2800,78785
del18,fastvc,0.2800,78786
del18,fastvc,0.2810,78787
del18,fastvc,0.2810,78788
del18,fastvc,0.2810,78789
del18,fastvc,0.2810,78790
del18,fastvc,0.2810,78791
del18,fastvc,0.2810,78792
del18,fastvc,0.2810,78793
del18,fastvc,0.2810,78794
del18,fastvc,0.2810,78795
del18,fastvc,0.2810,78796
del18,fastvc,0.2810,78797
del18,fastvc,0.2810,78798
del18,fastvc,0.2810,78799
del18,fastvc,0.2810,78800
del18,fastvc,0.2820,78801
del18,fastvc,0.2820,78802
del18,fastvc,0.2820,78803
del18,fastvc,0.2820,78804
del18,fastvc,0.2820,78805
del18,fastvc,0.2820,78806
del18,fastvc,0.2820,78807
del18,fastvc,0.2820,78808
del18,fastvc,0.2820,78809
del18,fastvc,0.2820,78810
del18,fastvc,0.2820,78811
del18,fastvc,0.2830,78812
del18,fastvc,0.2830,78813
del18,fastvc,0.2830,78814
del18,fastvc,0.2830,78815
del18,fastvc,0.2830,78816
del18,fastvc,0.2830,78817
del18,fastvc,0.2830,78818
del18,fastvc,0.2830,78819
del18,fastvc,0.2830,78820
del18,fastvc,0.2830,78821
del18,fastvc,0.2830,78822
del18,fastvc,0.2840,78823
del18,fastvc,0.2840,78824
del18,fastvc,0.2840,78825
del18,fastvc,0.2840,78826
del18,fastvc,0.2840,78827
del18,fastvc,0.2840,78828
del18,fastvc,0.2840,78829
del18,fastvc,0.2840,78830
del18,fastvc,0.2840,78831
del18,fastvc,0.2840,78832
del18,fastvc,0.2840,78833
del18,fastvc,0.2840,78834
del18,fastvc,0.2840,78835
del18,fastvc,0.2840,78836
del18,fastvc,0.2850,78837
del18,fastvc,0.2850,78838
del18,fastvc,0.2850,78839
del18,fastvc,0.2850,78840
del18,fastvc,0.2850,78841
del18,fastvc,0.2850,78842
del18,fastvc,0.2850,78843
del18,fastvc,0.2850,78844
del18,fastvc,0.2850,78845
del18,fastvc,0.2850,78846
del18,fastvc,0.2850,78847
del18,fastvc,0.2850,78848
del18,fastvc,0.2850,78849
del18,fastvc,0.2850,78850
del18,fastvc,0.2860,78851
del18,fastvc,0.2860,78852
del18,fastvc,0.2860,78853
del18,fastvc,0.2860,78854
del18,fastvc,0.2860,78855
del18,fastvc,0.2860,78856
del18,fastvc,0.2860,78857
del18,fastvc,0.2860,78858
del18,fastvc,0.2860,78859
del18,fastvc,0.2860,78860
del18,fastvc,0.2860,78861
del18,fastvc,0.2860,78862
del18,fastvc,0.2860,78863
del18,fastvc,0.2870,78864
del18,fastvc,0.2870,78865
del18,fastvc,0.2870,78866
del18,fastvc,0.2870,78867
del18,fastvc,0.2870,78868
del18,fastvc,0.2870,78869
del18,fastvc,0.2870,78870
del18,fastvc,0.2870,78871
del18,fastvc,0.2870,78872
del18,fastvc,0.2870,78873
del18,fastvc,0.2870,78874
del18,fastvc,0.2880,78875
del18,fastvc,0.2880,78876
del18,fastvc,0.2880,78877
del18,fastvc,0.2880,78878
del18,fastvc,0.2880,78879
del18,fastvc,0.2880,78880
del18,fastvc,0.2880,78881
del18,fastvc,0.2880,78882
del18,fastvc,0.2880,78883
del18,fastvc,0.2880,78884
del18,fastvc,0.2880,78885
del18,fastvc,0.2880,78886
del18,fastvc,0.2880,78887
del18,fastvc,0.2880,78888
del18,fastvc,0.2890,78889
del18,fastvc,0.2890,78890
del18,fastvc,0.2890,78891
del18,fastvc,0.2890,78892
del18,fastvc,0.2890,78893
del18,fastvc,0.2890,78894
del18,fastvc,0.2890,78895
del18,fastvc,0.2890,78896
del18,fastvc,0.2890,78897
del18,fastvc,0.2890,78898
del18,fastvc,0.2890,78899
del18,fastvc,0.2900,78900
del18,fastvc,0.2900,78901
del18,fastvc,0.2900,78902
del18,fastvc,0.2900,78903
del18,fastvc,0.2900,78904
del18,fastvc,0.2900,78905
del18,fastvc,0.2900,78906
del18,fastvc,0.2900,78907
del18,fastvc,0.2900,78908
del18,fastvc,0.2900,78909
del18,fastvc,0.2900,78910
del18,fastvc,0.2910,78911
del18,fastvc,0.2910,78912
del18,fastvc,0.2910,78913
del18,fastvc,0.2910,78914
del18,fastvc,0.2910,78915
del18,fastvc,0.2910,78916
del18,fastvc,0.2910,78917
del18,fastvc,0.2910,78918
del18,fastvc,0.2910,78919
del18,fastvc,0.2910,78920
del18,fastvc,0.2910,78921
del18,fastvc,0.2910,78922
del18,fastvc,0.2910,78923
del18,fastvc,0.2920,78924
del18,fastvc,0.2920,78925
del18,fastvc,0.2920,78926
del18,fastvc,0.2920,78927
del18,fastvc,0.2920,78928
del18,fastvc,0.2920,78929
del18,fastvc,0.2920,78930
del18,fastvc,0.2920,78931
del18,fastvc,0.2920,78932
del18,fastvc,0.2920,78933
del18,fastvc,0.2930,78934
del18,fastvc,0.2930,78935
del18,fastvc,0.2930,78936
del18,fastvc,0.2930,78937
del18,fastvc,0.2930,78938
del18,fastvc,0.2930,78939
del18,fastvc,0.2930,78940
del18,fastvc,0.2930,78941
del18,fastvc,0.2930,78942
del18,fastvc,0.2930,78943
del18,fastvc,0.2930,78944
del18,fastvc,0.2930,78945
del18,fastvc,0.2940,78946
del18,fastvc,0.2940,78947
del18,fastvc,0.2940,78948
del18,fastvc,0.2940,78949
del18,fastvc,0.2940,78950
del18,fastvc,0.2940,78951
del18,fastvc,0.2940,78952
del18,fastvc,0.2940,78953
del18,fastvc,0.2940,78954
del18,fastvc,0.2940,78955
del18,fastvc,0.2940,78956
del18,fastvc,0.2950,78957
del18,fastvc,0.2950,78958
del18,fastvc,0.2950,78959
del18,fastvc,0.2950,78960
del18,fastvc,0.2950,78961
del18,fastvc,0.2950,78962
del18,fastvc,0.2950,78963
del18,fastvc,0.2950,78964
del18,fastvc,0.2950,78965
del18,fastvc,0.2950,78966
del18,fastvc,0.2950,78967
del18,fastvc,0.2960,78968
del18,fastvc,0.2960,78969
del18,fastvc,0.2960,78970
del18,fastvc,0.2960,78971
del18,fastvc,0.2960,78972
del18,fastvc,0.2960,78973
del18,fastvc,0.2960,78974
del18,fastvc,0.2960,78975
del18,fastvc,0.2960,78976
del18,fastvc,0.2960,78977
del18,fastvc,0.2960,78978
del18,fastvc,0.2960,78979
del18,fastvc,0.2970,78980
del18,fastvc,0.2970,78981
del18,fastvc,0.2970,78982
del18,fastvc,0.2970,78983
del18,fastvc,0.2970,78984
del18,fastvc,0.2970,78985
del18,fastvc,0.2970,78986
del18,fastvc,0.2970,78987
del18,fastvc,0.2970,78988
del18,fastvc,0.2980,78989
del18,fastvc,0.2980,78990
del18,fastvc,0.2980,78991
del18,fastvc,0.2980,78992
del18,fastvc,0.2980,78993
del18,fastvc,0.2980,78994
del18,fastvc,0.2980,78995
del18,fastvc,0.2980,78996
del18,fastvc,0.2980,78997
del18,fastvc,0.2980,78998
del18,fastvc,0.2980,78999
del18,fastvc,0.2990,79000
del18,fastvc,0.2990,79001
del18,fastvc,0.2990,79002
del18,fastvc,0.2990,79003
del18,fastvc,0.2990,79004
del18,fastvc,0.2990,79005
del18,fastvc,0.2990,79006
del18,fastvc,0.2990,79007
del18,fastvc,0.2990,79008
del18,fastvc,0.2990,79009
del18,fastvc,0.2990,79010
del18,fastvc,0.2990,79011
del18,fastvc,0.2990,79012
del18,fastvc,0.2990,79013
del18,fastvc,0.2990,79014
del18,fastvc,0.2990,79015
del18,fastvc,0.3000,79016
del18,fastvc,0.3000,79017
del18,fastvc,0.3000,79018
del18,fastvc,0.3000,79019
del18,fastvc,0.3000,79020
del18,fastvc,0.3000,79021
del18,fastvc,0.3000,79022
del18,fastvc,0.3000,79023
del18,fastvc,0.3000,79024
del18,fastvc,0.3000,79025
del18,fastvc,0.3000,79026
del18,fastvc,0.3000,79027
del18,fastvc,0.3010,79028
del18,fastvc,0.3010,79029
del18,fastvc,0.3010,79030
del18,fastvc,0.3010,79031
del18,fastvc,0.3010,79032
del18,fastvc,0.3010,79033
del18,fastvc,0.3010,79034
del18,fastvc,0.3010,79035
del18,fastvc,0.3010,79036
del18,fastvc,0.3010,79037
del18,fastvc,0.3010,79038
del18,fastvc,0.3010,79039
del18,fastvc,0.3010,79040
del18,fastvc,0.3010,79041
del18,fastvc,0.3010,79042
del18,fastvc,0.3020,79043
del18,fastvc,0.3020,79044
del18,fastvc,0.3020,79045
del18,fastvc,0.3020,79046
del18,fastvc,0.3020,79047
del18,fastvc,0.3020,79048
del18,fastvc,0.3020,79049
del18,fastvc,0.3020,79050
del18,fastvc,0.3020,79051
del18,fastvc,0.3020,79052
del18,fastvc,0.3030,79053
del18,fastvc,0.3030,79054
del18,fastvc,0.3030,79055
del18,fastvc,0.3030,79056
del18,fastvc,0.3030,79057
del18,fastvc,0.3030,79058
del18,fastvc,0.3030,79059
del18,fastvc,0.3030,79060
del18,fastvc,0.3030,79061
del18,fastvc,0.3030,79062
del18,fastvc,0.3040,79063
del18,fastvc,0.3040,79064
del18,fastvc,0.3040,79065
del18,fastvc,0.3040,79066
del18,fastvc,0.3040,79067
del18,fastvc,0.3040,79068
del18,fastvc,0.3040,79069
del18,fastvc,0.3040,79070
del18,fastvc,0.3040,79071
del18,fastvc,0.3040,79072
del18,fastvc,0.3040,79073
del18,fastvc,0.3040,79074
del18,fastvc,0.3040,79075
del18,fastvc,0.3050,79076
del18,fastvc,0.3050,79077
del18,fastvc,0.3050,79078
del18,fastvc,0.3050,79079
del18,fastvc,0.3050,79080
del18,fastvc,0.3050,79081
del18,fastvc,0.3050,79082
del18,fastvc,0.3050,79083
del18,fastvc,0.3050,79084
del18,fastvc,0.3050,79085
del18,fastvc,0.3050,79086
del18,fastvc,0.3050,79087
del18,fastvc,0.3060,79088
del18,fastvc,0.3060,79089
del18,fastvc,0.3060,79090
del18,fastvc,0.3060,79091
del18,fastvc,0.3060,79092
del18,fastvc,0.3060,79093
del18,fastvc,0.3060,79094
del18,fastvc,0.3060,79095
del18,fastvc,0.3060,79096
del18,fastvc,0.3060,79097
del18,fastvc,0.3060,79098
del18,fastvc,0.3060,79099
del18,fastvc,0.3060,79100
del18,fastvc,0.3070,79101
del18,fastvc,0.3070,79102
del18,fastvc,0.3070,79103
del18,fastvc,0.3070,79104
del18,fastvc,0.3070,79105
del18,fastvc,0.3070,79106
del18,fastvc,0.3070,79107
del18,fastvc,0.3070,79108
del18,fastvc,0.3070,79109
del18,fastvc,0.3080,79110
del18,fastvc,0.3080,79111
del18,fastvc,0.3080,79112
del18,fastvc,0.3080,79113
del18,fastvc,0.3080,79114
del18,fastvc,0.3080,79115
del18,fastvc,0.3080,79116
del18,fastvc,0.3080,79117
del18,fastvc,0.3080,79118
del18,fastvc,0.3080,79119
del18,fastvc,0.3090,79120
del18,fastvc,0.3090,79121
del18,fastvc,0.3090,79122
del18,fastvc,0.3090,79123
del18,fastvc,0.3090,79124
del18,fastvc,0.3090,79125
del18,fastvc,0.3090,79126
del18,fastvc,0.3090,79127
del18,fastvc,0.3090,79128
del18,fastvc,0.3090,79129
del18,fastvc,0.3100,79130
del18,fastvc,0.3100,79131
del18,fastvc,0.3100,79132
del18,fastvc,0.3100,79133
del18,fastvc,0.3100,79134
del18,fastvc,0.3100,79135
del18,fastvc,0.3100,79136
del18,fastvc,0.3110,79137
del18,fastvc,0.3110,79138
del18,fastvc,0.3110,79139
del18,fastvc,0.3110,79140
del18,fastvc,0.3110,79141
del18,fastvc,0.3110,79142
del18,fastvc,0.3110,79143
del18,fastvc,0.3110,79144
del18,fastvc,0.3110,79145
del18,fastvc,0.3110,79146
del18,fastvc,0.3120,79147
del18,fastvc,0.3120,79148
del18,fastvc,0.3120,79149
del18,fastvc,0.3120,79150
del18,fastvc,0.3120,79151
del18,fastvc,0.3120,79152
del18,fastvc,0.3120,79153
del18,fastvc,0.3120,79154
del18,fastvc,0.3120,79155
del18,fastvc,0.3120,79156
del18,fastvc,0.3120,79157
del18,fastvc,0.3120,79158
del18,fastvc,0.3130,79159
del18,fastvc,0.3130,79160
del18,fastvc,0.3130,79161
del18,fastvc,0.3130,79162
del18,fastvc,0.3130,79163
del18,fastvc,0.3140,79164
del18,fastvc,0.3140,79165
del18,fastvc,0.3140,79166
del18,fastvc,0.3140,79167
del18,fastvc,0.3140,79168
del18,fastvc,0.3140,79169
del18,fastvc,0.3140,79170
del18,fastvc,0.3140,79171
del18,fastvc,0.3140,79172
del18,fastvc,0.3140,79173
del18,fastvc,0.3140,79174
del18,fastvc,0.3140,79175
del18,fastvc,0.3150,79176
del18,fastvc,0.3150,79177
del18,fastvc,0.3150,79178
del18,fastvc,0.3150,79179
del18,fastvc,0.3150,79180
del18,fastvc,0.3150,79181
del18,fastvc,0.3150,79182
del18,fastvc,0.3150,79183
del18,fastvc,0.3150,79184
del18,fastvc,0.3150,79185
del18,fastvc,0.3150,79186
del18,fastvc,0.3150,79187
del18,fastvc,0.3150,79188
del18,fastvc,0.3160,79189
del18,fastvc,0.3160,79190
del18,fastvc,0.3160,79191
del18,fastvc,0.3160,79192
del18,fastvc,0.3160,79193
del18,fastvc,0.3160,79194
del18,fastvc,0.3160,79195
del18,fastvc,0.3160,79196
del18,fastvc,0.3160,79197
del18,fastvc,0.3160,79198
del18,fastvc,0.3160,79199
del18,fastvc,0.3170,79200
del18,fastvc,0.3170,79201
del18,fastvc,0.3170,79202
del18,fastvc,0.3170,79203
del18,fastvc,0.3170,79204
del18,fastvc,0.3170,79205
del18,fastvc,0.3170,79206
del18,fastvc,0.3170,79207
del18,fastvc,0.3170,79208
del18,fastvc,0.3170,79209
del18,fastvc,0.3170,79210
del18,fastvc,0.3180,79211
del18,fastvc,0.3180,79212
del18,fastvc,0.3180,79213
del18,fastvc,0.3180,79214
del18,fastvc,0.3180,79215
del18,fastvc,0.3180,79216
del18,fastvc,0.3180,79217
del18,fastvc,0.3180,79218
del18,fastvc,0.3180,79219
del18,fastvc,0.3190,79220
del18,fastvc,0.3190,79221
del18,fastvc,0.3190,79222
del18,fastvc,0.3190,79223
del18,fastvc,0.3190,79224
del18,fastvc,0.3190,79225
del18,fastvc,0.3190,79226
del18,fastvc,0.3190,79227
del18,fastvc,0.3190,79228
del18,fastvc,0.3190,79229
del18,fastvc,0.3190,79230
del18,fastvc,0.3200,79231
del18,fastvc,0.3200,79232
del18,fastvc,0.3200,79233
del18,fastvc,0.3200,79234
del18,fastvc,0.3200,79235
del18,fastvc,0.3200,79236
del18,fastvc,0.3200,79237
del18,fastvc,0.3200,79238
del18,fastvc,0.3210,79239
del18,fastvc,0.3210,79240
del18,fastvc,0.3210,79241
del18,fastvc,0.3210,79242
del18,fastvc,0.3210,79243
del18,fastvc,0.3210,79244
del18,fastvc,0.3210,79245
del18,fastvc,0.3210,79246
del18,fastvc,0.3210,79247
del18,fastvc,0.3210,79248
del18,fastvc,0.3220,79249
del18,fastvc,0.3220,79250
del18,fastvc,0.3220,79251
del18,fastvc,0.3220,79252
del18,fastvc,0.3220,79253
del18,fastvc,0.3220,79254
del18,fastvc,0.3220,79255
del18,fastvc,0.3220,79256
del18,fastvc,0.3220,79257
del18,fastvc,0.3230,79258
del18,fastvc,0.3230,79259
del18,fastvc,0.3230,79260
del18,fastvc,0.3230,79261
del18,fastvc,0.3230,79262
del18,fastvc,0.3230,79263
del18,fastvc,0.3230,79264
del18,fastvc,0.3230,79265
del18,fastvc,0.3230,79266
del18,fastvc,0.3230,79267
del18,fastvc,0.3230,79268
del18,fastvc,0.3230,79269
del18,fastvc,0.3230,79270
del18,fastvc,0.3230,79271
del18,fastvc,0.3240,79272
del18,fastvc,0.3240,79273
del18,fastvc,0.3240,79274
del18,fastvc,0.3240,79275
del18,fastvc,0.3240,79276
del18,fastvc,0.3240,79277
del18,fastvc,0.3240,79278
del18,fastvc,0.3240,79279
del18,fastvc,0.3240,79280
del18,fastvc,0.3240,79281
del18,fastvc,0.3240,79282
del18,fastvc,0.3240,79283
del18,fastvc,0.3240,79284
del18,fastvc,0.3240,79285
del18,fastvc,0.3240,79286
del18,fastvc,0.3250,79287
del18,fastvc,0.3250,79288
del18,fastvc,0.3250,79289
del18,fastvc,0.3250,79290
del18,fastvc,0.3250,79291
del18,fastvc,0.3250,79292
del18,fastvc,0.3250,79293
del18,fastvc,0.3250,79294
del18,fastvc,0.3250,79295
del18,fastvc,0.3250,79296
del18,fastvc,0.3250,79297
del18,fastvc,0.3250,79298
del18,fastvc,0.3250,79299
del18,fastvc,0.3250,79300
del18,fastvc,0.3250,79301
del18,fastvc,0.3260,79302
del18,fastvc,0.3260,79303
del18,fastvc,0.3260,79304
del18,fastvc,0.3260,79305
del18,fastvc,0.3260,79306
del18,fastvc,0.3260,79307
del18,fastvc,0.3260,79308
del18,fastvc,0.3270,79309
del18,fastvc,0.3270,79310
del18,fastvc,0.3270,79311
del18,fastvc,0.3270,79312
del18,fastvc,0.3270,79313
del18,fastvc,0.3270,79314
del18,fastvc,0.3270,79315
del18,fastvc,0.3270,79316
del18,fastvc,0.3270,79317
del18,fastvc,0.3270,79318
del18,fastvc,0.3270,79319
del18,fastvc,0.3270,79320
del18,fastvc,0.3270,79321
del18,fastvc,0.3270,79322
del18,fastvc,0.3270,79323
del18,fastvc,0.3280,79324
del18,fastvc,0.3280,79325
del18,fastvc,0.3280,79326
del18,fastvc,0.3280,79327
del18,fastvc,0.3280,79328
del18,fastvc,0.3280,79329
del18,fastvc,0.3280,79330
del18,fastvc,0.3280,79331
del18,fastvc,0.3280,79332
del18,fastvc,0.3290,79333
del18,fastvc,0.3290,79334
del18,fastvc,0.3290,79335
del18,fastvc,0.3290,79336
del18,fastvc,0.3290,79337
del18,fastvc,0.3290,79338
del18,fastvc,0.3290,79339
del18,fastvc,0.3290,79340
del18,fastvc,0.3290,79341
del18,fastvc,0.3290,79342
del18,fastvc,0.3300,79343
del18,fastvc,0.3300,79344
del18,fastvc,0.3300,79345
del18,fastvc,0.3310,79346
del18,fastvc,0.3310,79347
del18,fastvc,0.3310,79348
del18,fastvc,0.3310,79349
del18,fastvc,0.3310,79350
del18,fastvc,0.3310,79351
del18,fastvc,0.3310,79352
del18,fastvc,0.3310,79353
del18,fastvc,0.3310,79354
del18,fastvc,0.3310,79355
del18,fastvc,0.3320,79356
del18,fastvc,0.3320,79357
del18,fastvc,0.3320,79358
del18,fastvc,0.3320,79359
del18,fastvc,0.3320,79360
del18,fastvc,0.3320,79361
del18,fastvc,0.3320,79362
del18,fastvc,0.3330,79363
del18,fastvc,0.3330,79364
del18,fastvc,0.3330,79365
del18,fastvc,0.3330,79366
del18,fastvc,0.3330,79367
del18,fastvc,0.3330,79368
del18,fastvc,0.3330,79369
del18,fastvc,0.3330,79370
del18,fastvc,0.3330,79371
del18,fastvc,0.3330,79372
del18,fastvc,0.3340,79373
del18,fastvc,0.3340,79374
del18,fastvc,0.3340,79375
del18,fastvc,0.3340,79376
del18,fastvc,0.3340,79377
del18,fastvc,0.3340,79378
del18,fastvc,0.3340,79379
del18,fastvc,0.3340,79380
del18,fastvc,0.3340,79381
del18,fastvc,0.3340,79382
del18,fastvc,0.3340,79383
del18,fastvc,0.3340,79384
del18,fastvc,0.3340,79385
del18,fastvc,0.3350,79386
del18,fastvc,0.3350,79387
del18,fastvc,0.3350,79388
del18,fastvc,0.3350,79389
del18,fastvc,0.3350,79390
del18,fastvc,0.3350,79391
del18,fastvc,0.3350,79392
del18,fastvc,0.3350,79393
del18,fastvc,0.3350,79394
del18,fastvc,0.3350,79395
del18,fastvc,0.3350,79396
del18,fastvc,0.3360,79397
del18,fastvc,0.3360,79398
del18,fastvc,0.3360,79399
del18,fastvc,0.3360,79400
del18,fastvc,0.3360,79401
del18,fastvc,0.3360,79402
del18,fastvc,0.3360,79403
del18,fastvc,0.3360,79404
del18,fastvc,0.3360,79405
del18,fastvc,0.3360,79406
del18,fastvc,0.3370,79407
del18,fastvc,0.3370,79408
del18,fastvc,0.3370,79409
del18,fastvc,0.3370,79410
del18,fastvc,0.3370,79411
del18,fastvc,0.3380,79412
del18,fastvc,0.3380,79413
del18,fastvc,0.3380,79414
del18,fastvc,0.3380,79415
del18,fastvc,0.3400,79416
del18,fastvc,0.3400,79417
del18,fastvc,0.3400,79418
del18,fastvc,0.3400,79419
del18,fastvc,0.3400,79420
del18,fastvc,0.3410,79421
del18,fastvc,0.3410,79422
del18,fastvc,0.3410,79423
del18,fastvc,0.3410,79424
del18,fastvc,0.3410,79425
del18,fastvc,0.3410,79426
del18,fastvc,0.3410,79427
del18,fastvc,0.3410,79428
del18,fastvc,0.3410,79429
del18,fastvc,0.3420,79430
del18,fastvc,0.3420,79431
del18,fastvc,0.3420,79432
del18,fastvc,0.3420,79433
del18,fastvc,0.3420,79434
del18,fastvc,0.3420,79435
del18,fastvc,0.3420,79436
del18,fastvc,0.3420,79437
del18,fastvc,0.3420,79438
del18,fastvc,0.3420,79439
del18,fastvc,0.3430,79440
del18,fastvc,0.3430,79441
del18,fastvc,0.3430,79442
del18,fastvc,0.3430,79443
del18,fastvc,0.3430,79444
del18,fastvc,0.3430,79445
del18,fastvc,0.3430,79446
del18,fastvc,0.3430,79447
del18,fastvc,0.3430,79448
del18,fastvc,0.3440,79449
del18,fastvc,0.3440,79450
del18,fastvc,0.3440,79451
del18,fastvc,0.3440,79452
del18,fastvc,0.3440,79453
del18,fastvc,0.3440,79454
del18,fastvc,0.3440,79455
del18,fastvc,0.3440,79456
del18,fastvc,0.3440,79457
del18,fastvc,0.3450,79458
del18,fastvc,0.3450,79459
del18,fastvc,0.3450,79460
del18,fastvc,0.3450,79461
del18,fastvc,0.3450,79462
del18,fastvc,0.3450,79463
del18,fastvc,0.3450,79464
del18,fastvc,0.3450,79465
del18,fastvc,0.3460,79466
del18,fastvc,0.3460,79467
del18,fastvc,0.3460,79468
del18,fastvc,0.3460,79469
del18,fastvc,0.3460,79470
del18,fastvc,0.3460,79471
del18,fastvc,0.3460,79472
del18,fastvc,0.3460,79473
del18,fastvc,0.3460,79474
del18,fastvc,0.3470,79475
del18,fastvc,0.3470,79476
del18,fastvc,0.3470,79477
del18,fastvc,0.3470,79478
del18,fastvc,0.3470,79479
del18,fastvc,0.3470,79480
del18,fastvc,0.3470,79481
del18,fastvc,0.3470,79482
del18,fastvc,0.3470,79483
del18,fastvc,0.3470,79484
del18,fastvc,0.3470,79485
del18,fastvc,0.3470,79486
del18,fastvc,0.3470,79487
del18,fastvc,0.3470,79488
del18,fastvc,0.3470,79489
del18,fastvc,0.3470,79490
del18,fastvc,0.3470,79491
del18,fastvc,0.3470,79492
del18,fastvc,0.3480,79493
del18,fastvc,0.3480,79494
del18,fastvc,0.3480,79495
del18,fastvc,0.3480,79496
del18,fastvc,0.3480,79497
del18,fastvc,0.3480,79498
del18,fastvc,0.3480,79499
del18,fastvc,0.3480,79500
del18,fastvc,0.3480,79501
del18,fastvc,0.3480,79502
del18,fastvc,0.3480,79503
del18,fastvc,0.3490,79504
del18,fastvc,0.3490,79505
del18,fastvc,0.3490,79506
del18,fastvc,0.3490,79507
del18,fastvc,0.3490,79508
del18,fastvc,0.3490,79509
del18,fastvc,0.3490,79510
del18,fastvc,0.3490,79511
del18,fastvc,0.3490,79512
del18,fastvc,0.3500,79513
del18,fastvc,0.3500,79514
del18,fastvc,0.3500,79515
del18,fastvc,0.3500,79516
del18,fastvc,0.3500,79517
del18,fastvc,0.3500,79518
del18,fastvc,0.3500,79519
del18,fastvc,0.3500,79520
del18,fastvc,0.3500,79521
del18,fastvc,0.3510,79522
del18,fastvc,0.3510,79523
del18,fastvc,0.3510,79524
del18,fastvc,0.3510,79525
del18,fastvc,0.3510,79526
del18,fastvc,0.3510,79527
del18,fastvc,0.3520,79528
del18,fastvc,0.3520,79529
del18,fastvc,0.3520,79530
del18,fastvc,0.3520,79531
del18,fastvc,0.3520,79532
del18,fastvc,0.3520,79533
del18,fastvc,0.3520,79534
del18,fastvc,0.3520,79535
del18,fastvc,0.3530,79536
del18,fastvc,0.3530,79537
del18,fastvc,0.3530,79538
del18,fastvc,0.3530,79539
del18,fastvc,0.3530,79540
del18,fastvc,0.3530,79541
del18,fastvc,0.3530,79542
del18,fastvc,0.3530,79543
del18,fastvc,0.3530,79544
del18,fastvc,0.3530,79545
del18,fastvc,0.3530,79546
del18,fastvc,0.3540,79547
del18,fastvc,0.3540,79548
del18,fastvc,0.3540,79549
del18,fastvc,0.3540,79550
del18,fastvc,0.3540,79551
del18,fastvc,0.3540,79552
del18,fastvc,0.3540,79553
del18,fastvc,0.3540,79554
del18,fastvc,0.3540,79555
del18,fastvc,0.3540,79556
del18,fastvc,0.3550,79557
del18,fastvc,0.3550,79558
del18,fastvc,0.3550,79559
del18,fastvc,0.3550,79560
del18,fastvc,0.3550,79561
del18,fastvc,0.3550,79562
del18,fastvc,0.3550,79563
del18,fastvc,0.3550,79564
del18,fastvc,0.3550,79565
del18,fastvc,0.3550,79566
del18,fastvc,0.3550,79567
del18,fastvc,0.3560,79568
del18,fastvc,0.3560,79569
del18,fastvc,0.3560,79570
del18,fastvc,0.3560,79571
del18,fastvc,0.3560,79572
del18,fastvc,0.3560,79573
del18,fastvc,0.3560,79574
del18,fastvc,0.3560,79575
del18,fastvc,0.3560,79576
del18,fastvc,0.3560,79577
del18,fastvc,0.3570,79578
del18,fastvc,0.3570,79579
del18,fastvc,0.3570,79580
del18,fastvc,0.3570,79581
del18,fastvc,0.3570,79582
del18,fastvc,0.3580,79583
del18,fastvc,0.3580,79584
del18,fastvc,0.3580,79585
del18,fastvc,0.3580,79586
del18,fastvc,0.3580,79587
del18,fastvc,0.3580,79588
del18,fastvc,0.3580,79589
del18,fastvc,0.3590,79590
del18,fastvc,0.3590,79591
del18,fastvc,0.3590,79592
del18,fastvc,0.3590,79593
del18,fastvc,0.3600,79594
del18,fastvc,0.3600,79595
del18,fastvc,0.3600,79596
del18,fastvc,0.3600,79597
del18,fastvc,0.3600,79598
del18,fastvc,0.3600,79599
del18,fastvc,0.3600,79600
del18,fastvc,0.3610,79601
del18,fastvc,0.3610,79602
del18,fastvc,0.3610,79603
del18,fastvc,0.3610,79604
del18,fastvc,0.3610,79605
del18,fastvc,0.3620,79606
del18,fastvc,0.3620,79607
del18,fastvc,0.3620,79608
del18,fastvc,0.3620,79609
del18,fastvc,0.3620,79610
del18,fastvc,0.3620,79611
del18,fastvc,0.3620,79612
del18,fastvc,0.3630,79613
del18,fastvc,0.3630,79614
del18,fastvc,0.3630,79615
del18,fastvc,0.3630,79616
del18,fastvc,0.3630,79617
del18,fastvc,0.3630,79618
del18,fastvc,0.3630,79619
del18,fastvc,0.3630,79620
del18,fastvc,0.3630,79621
del18,fastvc,0.3630,79622
del18,fastvc,0.3640,79623
del18,fastvc,0.3640,79624
del18,fastvc,0.3640,79625
del18,fastvc,0.3640,79626
del18,fastvc,0.3640,79627
del18,fastvc,0.3640,79628
del18,fastvc,0.3640,79629
del18,fastvc,0.3640,79630
del18,fastvc,0.3650,79631
del18,fastvc,0.3650,79632
del18,fastvc,0.3650,79633
del18,fastvc,0.3650,79634
del18,fastvc,0.3650,79635
del18,fastvc,0.3650,79636
del18,fastvc,0.3650,79637
del18,fastvc,0.3650,79638
del18,fastvc,0.3650,79639
del18,fastvc,0.3650,79640
del18,fastvc,0.3650,79641
del18,fastvc,0.3660,79642
del18,fastvc,0.3660,79643
del18,fastvc,0.3660,79644
del18,fastvc,0.3660,79645
del18,fastvc,0.3660,79646
del18,fastvc,0.3660,79647
del18,fastvc,0.3660,79648
del18,fastvc,0.3660,79649
del18,fastvc,0.3660,79650
del18,fastvc,0.3670,79651
del18,fastvc,0.3670,79652
del18,fastvc,0.3670,79653
del18,fastvc,0.3670,79654
del18,fastvc,0.3670,79655
del18,fastvc,0.3680,79656
del18,fastvc,0.3680,79657
del18,fastvc,0.3680,79658
del18,fastvc,0.3680,79659
del18,fastvc,0.3680,79660
del18,fastvc,0.3680,79661
del18,fastvc,0.3680,79662
del18,fastvc,0.3680,79663
del18,fastvc,0.3690,79664
del18,fastvc,0.3690,79665
del18,fastvc,0.3690,79666
del18,fastvc,0.3690,79667
del18,fastvc,0.3690,79668
del18,fastvc,0.3690,79669
del18,fastvc,0.3690,79670
del18,fastvc,0.3690,79671
del18,fastvc,0.3690,79672
del18,fastvc,0.3700,79673
del18,fastvc,0.3700,79674
del18,fastvc,0.3700,79675
del18,fastvc,0.3700,79676
del18,fastvc,0.3700,79677
del18,fastvc,0.3700,79678
del18,fastvc,0.3710,79679
del18,fastvc,0.3710,79680
del18,fastvc,0.3710,79681
del18,fastvc,0.3710,79682
del18,fastvc,0.3710,79683
del18,fastvc,0.3710,79684
del18,fastvc,0.3710,79685
del18,fastvc,0.3710,79686
del18,fastvc,0.3710,79687
del18,fastvc,0.3710,79688
del18,fastvc,0.3710,79689
del18,fastvc,0.3710,79690
del18,fastvc,0.3710,79691
del18,fastvc,0.3710,79692
del18,fastvc,0.3720,79693
del18,fastvc,0.3720,79694
del18,fastvc,0.3720,79695
del18,fastvc,0.3720,79696
del18,fastvc,0.3720,79697
del18,fastvc,0.3720,79698
del18,fastvc,0.3720,79699
del18,fastvc,0.3720,79700
del18,fastvc,0.3720,79701
del18,fastvc,0.3720,79702
del18,fastvc,0.3720,79703
del18,fastvc,0.3730,79704
del18,fastvc,0.3730,79705
del18,fastvc,0.3730,79706
del18,fastvc,0.3730,79707
del18,fastvc,0.3730,79708
del18,fastvc,0.3730,79709
del18,fastvc,0.3730,79710
del18,fastvc,0.3730,79711
del18,fastvc,0.3730,79712
del18,fastvc,0.3730,79713
del18,fastvc,0.3730,79714
del18,fastvc,0.3730,79715
del18,fastvc,0.3740,79716
del18,fastvc,0.3740,79717
del18,fastvc,0.3740,79718
del18,fastvc,0.3740,79719
del18,fastvc,0.3740,79720
del18,fastvc,0.3740,79721
del18,fastvc,0.3740,79722
del18,fastvc,0.3740,79723
del18,fastvc,0.3750,79724
del18,fastvc,0.3750,79725
del18,fastvc,0.3750,79726
del18,fastvc,0.3760,79727
del18,fastvc,0.3760,79728
del18,fastvc,0.3760,79729
del18,fastvc,0.3760,79730
del18,fastvc,0.3760,79731
del18,fastvc,0.3760,79732
del18,fastvc,0.3760,79733
del18,fastvc,0.3760,79734
del18,fastvc,0.3770,79735
del18,fastvc,0.3770,79736
del18,fastvc,0.3770,79737
del18,fastvc,0.3770,79738
del18,fastvc,0.3770,79739
del18,fastvc,0.3770,79740
del18,fastvc,0.3770,79741
del18,fastvc,0.3770,79742
del18,fastvc,0.3780,79743
del18,fastvc,0.3780,79744
del18,fastvc,0.3780,79745
del18,fastvc,0.3800,79746
del18,fastvc,0.3800,79747
del18,fastvc,0.3810,79748
del18,fastvc,0.3810,79749
del18,fastvc,0.3810,79750
del18,fastvc,0.3810,79751
del18,fastvc,0.3810,79752
del18,fastvc,0.3810,79753
del18,fastvc,0.3810,79754
del18,fastvc,0.3810,79755
del18,fastvc,0.3810,79756
del18,fastvc,0.3810,79757
del18,fastvc,0.3810,79758
del18,fastvc,0.3820,79759
del18,fastvc,0.3820,79760
del18,fastvc,0.3820,79761
del18,fastvc,0.3820,79762
del18,fastvc,0.3820,79763
del18,fastvc,0.3820,79764
del18,fastvc,0.3820,79765
del18,fastvc,0.3820,79766
del18,fastvc,0.3820,79767
del18,fastvc,0.3820,79768
del18,fastvc,0.3830,79769
del18,fastvc,0.3830,79770
del18,fastvc,0.3830,79771
del18,fastvc,0.3830,79772
del18,fastvc,0.3830,79773
del18,fastvc,0.3830,79774
del18,fastvc,0.3830,79775
del18,fastvc,0.3830,79776
del18,fastvc,0.3830,79777
del18,fastvc,0.3830,79778
del18,fastvc,0.3830,79779
del18,fastvc,0.3830,79780
del18,fastvc,0.3840,79781
del18,fastvc,0.3840,79782
del18,fastvc,0.3840,79783
del18,fastvc,0.3840,79784
del18,fastvc,0.3840,79785
del18,fastvc,0.3850,79786
del18,fastvc,0.3850,79787
del18,fastvc,0.3850,79788
del18,fastvc,0.3850,79789
del18,fastvc,0.3850,79790
del18,fastvc,0.3850,79791
del18,fastvc,0.3850,79792
del18,fastvc,0.3850,79793
del18,fastvc,0.3860,79794
del18,fastvc,0.3860,79795
del18,fastvc,0.3860,79796
del18,fastvc,0.3860,79797
del18,fastvc,0.3860,79798
del18,fastvc,0.3860,79799
del18,fastvc,0.3860,79800
del18,fastvc,0.3860,79801
del18,fastvc,0.3870,79802
del18,fastvc,0.3870,79803
del18,fastvc,0.3870,79804
del18,fastvc,0.3870,79805
del18,fastvc,0.3870,79806
del18,fastvc,0.3870,79807
del18,fastvc,0.3870,79808
del18,fastvc,0.3870,79809
del18,fastvc,0.3870,79810
del18,fastvc,0.3880,79811
del18,fastvc,0.3880,79812
del18,fastvc,0.3880,79813
del18,fastvc,0.3880,79814
del18,fastvc,0.3880,79815
del18,fastvc,0.3880,79816
del18,fastvc,0.3890,79817
del18,fastvc,0.3890,79818
del18,fastvc,0.3890,79819
del18,fastvc,0.3890,79820
del18,fastvc,0.3890,79821
del18,fastvc,0.3900,79822
del18,fastvc,0.3900,79823
del18,fastvc,0.3900,79824
del18,fastvc,0.3900,79825
del18,fastvc,0.3910,79826
del18,fastvc,0.3910,79827
del18,fastvc,0.3910,79828
del18,fastvc,0.3910,79829
del18,fastvc,0.3910,79830
del18,fastvc,0.3910,79831
del18,fastvc,0.3910,79832
del18,fastvc,0.3910,79833
del18,fastvc,0.3910,79834
del18,fastvc,0.3920,79835
del18,fastvc,0.3920,79836
del18,fastvc,0.3920,79837
del18,fastvc,0.3920,79838
del18,fastvc,0.3920,79839
del18,fastvc,0.3920,79840
del18,fastvc,0.3920,79841
del18,fastvc,0.3920,79842
del18,fastvc,0.3920,79843
del18,fastvc,0.3920,79844
del18,fastvc,0.3920,79845
del18,fastvc,0.3920,79846
del18,fastvc,0.3930,79847
del18,fastvc,0.3930,79848
del18,fastvc,0.3930,79849
del18,fastvc,0.3930,79850
del18,fastvc,0.3930,79851
del18,fastvc,0.3930,79852
del18,fastvc,0.3930,79853
del18,fastvc,0.3940,79854
del18,fastvc,0.3940,79855
del18,fastvc,0.3940,79856
del18,fastvc,0.3940,79857
del18,fastvc,0.3950,79858
del18,fastvc,0.3950,79859
del18,fastvc,0.3950,79860
del18,fastvc,0.3950,79861
del18,fastvc,0.3950,79862
del18,fastvc,0.3960,79863
del18,fastvc,0.3960,79864
del18,fastvc,0.3960,79865
del18,fastvc,0.3960,79866
del18,fastvc,0.3960,79867
del18,fastvc,0.3960,79868
del18,fastvc,0.3960,79869
del18,fastvc,0.3960,79870
del18,fastvc,0.3960,79871
del18,fastvc,0.3960,79872
del18,fastvc,0.3960,79873
del18,fastvc,0.3960,79874
del18,fastvc,0.3970,79875
del18,fastvc,0.3970,79876
del18,fastvc,0.3970,79877
del18,fastvc,0.3970,79878
del18,fastvc,0.3970,79879
del18,fastvc,0.3970,79880
del18,fastvc,0.3970,79881
del18,fastvc,0.3970,79882
del18,fastvc,0.3970,79883
del18,fastvc,0.3970,79884
del18,fastvc,0.3970,79885
del18,fastvc,0.3970,79886
del18,fastvc,0.3980,79887
del18,fastvc,0.3980,79888
del18,fastvc,0.3980,79889
del18,fastvc,0.3980,79890
del18,fastvc,0.3980,79891
del18,fastvc,0.3980,79892
del18,fastvc,0.3990,79893
del18,fastvc,0.3990,79894
del18,fastvc,0.3990,79895
del18,fastvc,0.3990,79896
del18,fastvc,0.3990,79897
del18,fastvc,0.3990,79898
del18,fastvc,0.3990,79899
del18,fastvc,0.3990,79900
del18,fastvc,0.3990,79901
del18,fastvc,0.3990,79902
del18,fastvc,0.4000,79903
del18,fastvc,0.4000,79904
del18,fastvc,0.4000,79905
del18,fastvc,0.4000,79906
del18,fastvc,0.4000,79907
del18,fastvc,0.4000,79908
del18,fastvc,0.4000,79909
del18,fastvc,0.4000,79910
del18,fastvc,0.4000,79911
del18,fastvc,0.4000,79912
del18,fastvc,0.4010,79913
del18,fastvc,0.4010,79914
del18,fastvc,0.4010,79915
del18,fastvc,0.4010,79916
del18,fastvc,0.4010,79917
del18,fastvc,0.4010,79918
del18,fastvc,0.4010,79919
del18,fastvc,0.4010,79920
del18,fastvc,0.4010,79921
del18,fastvc,0.4010,79922
del18,fastvc,0.4010,79923
del18,fastvc,0.4020,79924
del18,fastvc,0.4020,79925
del18,fastvc,0.4020,79926
del18,fastvc,0.4020,79927
del18,fastvc,0.4020,79928
del18,fastvc,0.4020,79929
del18,fastvc,0.4020,79930
del18,fastvc,0.4020,79931
del18,fastvc,0.4030,79932
del18,fastvc,0.4030,79933
del18,fastvc,0.4030,79934
del18,fastvc,0.4030,79935
del18,fastvc,0.4030,79936
del18,fastvc,0.4030,79937
del18,fastvc,0.4030,79938
del18,fastvc,0.4040,79939
del18,fastvc,0.4040,79940
del18,fastvc,0.4040,79941
del18,fastvc,0.4040,79942
del18,fastvc,0.4040,79943
del18,fastvc,0.4040,79944
del18,fastvc,0.4040,79945
del18,fastvc,0.4040,79946
del18,fastvc,0.4040,79947
del18,fastvc,0.4050,79948
del18,fastvc,0.4050,79949
del18,fastvc,0.4050,79950
del18,fastvc,0.4050,79951
del18,fastvc,0.4050,79952
del18,fastvc,0.4050,79953
del18,fastvc,0.4050,79954
del18,fastvc,0.4060,79955
del18,fastvc,0.4060,79956
del18,fastvc,0.4060,79957
del18,fastvc,0.4060,79958
del18,fastvc,0.4060,79959
del18,fastvc,0.4060,79960
del18,fastvc,0.4070,79961
del18,fastvc,0.4070,79962
del18,fastvc,0.4070,79963
del18,fastvc,0.4070,79964
del18,fastvc,0.4070,79965
del18,fastvc,0.4070,79966
del18,fastvc,0.4070,79967
del18,fastvc,0.4080,79968
del18,fastvc,0.4080,79969
del18,fastvc,0.4080,79970
del18,fastvc,0.4080,79971
del18,fastvc,0.4080,79972
del18,fastvc,0.4080,79973
del18,fastvc,0.4080,79974
del18,fastvc,0.4080,79975
del18,fastvc,0.4090,79976
del18,fastvc,0.4090,79977
del18,fastvc,0.4090,79978
del18,fastvc,0.4090,79979
del18,fastvc,0.4090,79980
del18,fastvc,0.4090,79981
del18,fastvc,0.4090,79982
del18,fastvc,0.4100,79983
del18,fastvc,0.4100,79984
del18,fastvc,0.4100,79985
del18,fastvc,0.4100,79986
del18,fastvc,0.4100,79987
del18,fastvc,0.4100,79988
del18,fastvc,0.4100,79989
del18,fastvc,0.4100,79990
del18,fastvc,0.4110,79991
del18,fastvc,0.4110,79992
del18,fastvc,0.4110,79993
del18,fastvc,0.4110,79994
del18,fastvc,0.4120,79995
del18,fastvc,0.4120,79996
del18,fastvc,0.4120,79997
del18,fastvc,0.4120,79998
del18,fastvc,0.4120,79999
del18,fastvc,0.4120,80000
del18,fastvc,0.4120,80001
del18,fastvc,0.4120,80002
del18,fastvc,0.4120,80003
del18,fastvc,0.4120,80004
del18,fastvc,0.4130,80005
del18,fastvc,0.4130,80006
del18,fastvc,0.4130,80007
del18,fastvc,0.4130,80008
del18,fastvc,0.4130,80009
del18,fastvc,0.4130,80010
del18,fastvc,0.4130,80011
del18,fastvc,0.4130,80012
del18,fastvc,0.4130,80013
del18,fastvc,0.4130,80014
del18,fastvc,0.4130,80015
del18,fastvc,0.4140,80016
del18,fastvc,0.4140,80017
del18,fastvc,0.4140,80018
del18,fastvc,0.4140,80019
del18,fastvc,0.4140,80020
del18,fastvc,0.4140,80021
del18,fastvc,0.4140,80022
del18,fastvc,0.4140,80023
del18,fastvc,0.4150,80024
del18,fastvc,0.4150,80025
del18,fastvc,0.4150,80026
del18,fastvc,0.4170,80027
del18,fastvc,0.4190,80028
del18,fastvc,0.4190,80029
del18,fastvc,0.4190,80030
del18,fastvc,0.4200,80031
del18,fastvc,0.4200,80032
del18,fastvc,0.4200,80033
del18,fastvc,0.4200,80034
del18,fastvc,0.4200,80035
del18,fastvc,0.4200,80036
del18,fastvc,0.4210,80037
del18,fastvc,0.4210,80038
del18,fastvc,0.4210,80039
del18,fastvc,0.4210,80040
del18,fastvc,0.4220,80041
del18,fastvc,0.4220,80042
del18,fastvc,0.4220,80043
del18,fastvc,0.4220,80044
del18,fastvc,0.4220,80045
del18,fastvc,0.4230,80046
del18,fastvc,0.4230,80047
del18,fastvc,0.4230,80048
del18,fastvc,0.4230,80049
del18,fastvc,0.4230,80050
del18,fastvc,0.4230,80051
del18,fastvc,0.4230,80052
del18,fastvc,0.4240,80053
del18,fastvc,0.4240,80054
del18,fastvc,0.4240,80055
del18,fastvc,0.4240,80056
del18,fastvc,0.4240,80057
del18,fastvc,0.4240,80058
del18,fastvc,0.4240,80059
del18,fastvc,0.4240,80060
del18,fastvc,0.4240,80061
del18,fastvc,0.4250,80062
del18,fastvc,0.4250,80063
del18,fastvc,0.4250,80064
del18,fastvc,0.4250,80065
del18,fastvc,0.4250,80066
del18,fastvc,0.4250,80067
del18,fastvc,0.4250,80068
del18,fastvc,0.4260,80069
del18,fastvc,0.4260,80070
del18,fastvc,0.4260,80071
del18,fastvc,0.4260,80072
del18,fastvc,0.4270,80073
del18,fastvc,0.4270,80074
del18,fastvc,0.4270,80075
del18,fastvc,0.4270,80076
del18,fastvc,0.4270,80077
del18,fastvc,0.4280,80078
del18,fastvc,0.4280,80079
del18,fastvc,0.4280,80080
del18,fastvc,0.4280,80081
del18,fastvc,0.4280,80082
del18,fastvc,0.4280,80083
del18,fastvc,0.4280,80084
del18,fastvc,0.4290,80085
del18,fastvc,0.4290,80086
del18,fastvc,0.4290,80087
del18,fastvc,0.4290,80088
del18,fastvc,0.4290,80089
del18,fastvc,0.4300,80090
del18,fastvc,0.4300,80091
del18,fastvc,0.4300,80092
del18,fastvc,0.4300,80093
del18,fastvc,0.4310,80094
del18,fastvc,0.4310,80095
del18,fastvc,0.4310,80096
del18,fastvc,0.4310,80097
del18,fastvc,0.4310,80098
del18,fastvc,0.4310,80099
del18,fastvc,0.4320,80100
del18,fastvc,0.4320,80101
del18,fastvc,0.4320,80102
del18,fastvc,0.4320,80103
del18,fastvc,0.4320,80104
del18,fastvc,0.4320,80105
del18,fastvc,0.4320,80106
del18,fastvc,0.4320,80107
del18,fastvc,0.4320,80108
del18,fastvc,0.4330,80109
del18,fastvc,0.4330,80110
del18,fastvc,0.4330,80111
del18,fastvc,0.4330,80112
del18,fastvc,0.4330,80113
del18,fastvc,0.4330,80114
del18,fastvc,0.4340,80115
del18,fastvc,0.4340,80116
del18,fastvc,0.4340,80117
del18,fastvc,0.4340,80118
del18,fastvc,0.4340,80119
del18,fastvc,0.4350,80120
del18,fastvc,0.4350,80121
del18,fastvc,0.4350,80122
del18,fastvc,0.4350,80123
del18,fastvc,0.4350,80124
del18,fastvc,0.4360,80125
del18,fastvc,0.4360,80126
del18,fastvc,0.4360,80127
del18,fastvc,0.4360,80128
del18,fastvc,0.4360,80129
del18,fastvc,0.4370,80130
del18,fastvc,0.4370,80131
del18,fastvc,0.4370,80132
del18,fastvc,0.4370,80133
del18,fastvc,0.4370,80134
del18,fastvc,0.4380,80135
del18,fastvc,0.4380,80136
del18,fastvc,0.4380,80137
del18,fastvc,0.4380,80138
del18,fastvc,0.4380,80139
del18,fastvc,0.4390,80140
del18,fastvc,0.4390,80141
del18,fastvc,0.4390,80142
del18,fastvc,0.4390,80143
del18,fastvc,0.4390,80144
del18,fastvc,0.4390,80145
del18,fastvc,0.4390,80146
del18,fastvc,0.4390,80147
del18,fastvc,0.4400,80148
del18,fastvc,0.4400,80149
del18,fastvc,0.4400,80150
del18,fastvc,0.4400,80151
del18,fastvc,0.4400,80152
del18,fastvc,0.4400,80153
del18,fastvc,0.4410,80154
del18,fastvc,0.4410,80155
del18,fastvc,0.4410,80156
del18,fastvc,0.4410,80157
del18,fastvc,0.4410,80158
del18,fastvc,0.4410,80159
del18,fastvc,0.4410,80160
del18,fastvc,0.4420,80161
del18,fastvc,0.4420,80162
del18,fastvc,0.4420,80163
del18,fastvc,0.4420,80164
del18,fastvc,0.4420,80165
del18,fastvc,0.4420,80166
del18,fastvc,0.4420,80167
del18,fastvc,0.4430,80168
del18,fastvc,0.4440,80169
del18,fastvc,0.4440,80170
del18,fastvc,0.4440,80171
del18,fastvc,0.4440,80172
del18,fastvc,0.4440,80173
del18,fastvc,0.4440,80174
del18,fastvc,0.4440,80175
del18,fastvc,0.4450,80176
del18,fastvc,0.4450,80177
del18,fastvc,0.4450,80178
del18,fastvc,0.4450,80179
del18,fastvc,0.4460,80180
del18,fastvc,0.4460,80181
del18,fastvc,0.4460,80182
del18,fastvc,0.4460,80183
del18,fastvc,0.4460,80184
del18,fastvc,0.4460,80185
del18,fastvc,0.4470,80186
del18,fastvc,0.4470,80187
del18,fastvc,0.4470,80188
del18,fastvc,0.4470,80189
del18,fastvc,0.4470,80190
del18,fastvc,0.4470,80191
del18,fastvc,0.4470,80192
del18,fastvc,0.4480,80193
del18,fastvc,0.4480,80194
del18,fastvc,0.4490,80195
del18,fastvc,0.4490,80196
del18,fastvc,0.4490,80197
del18,fastvc,0.4490,80198
del18,fastvc,0.4490,80199
del18,fastvc,0.4490,80200
del18,fastvc,0.4490,80201
del18,fastvc,0.4490,80202
del18,fastvc,0.4490,80203
del18,fastvc,0.4490,80204
del18,fastvc,0.4500,80205
del18,fastvc,0.4500,80206
del18,fastvc,0.4500,80207
del18,fastvc,0.4500,80208
del18,fastvc,0.4500,80209
del18,fastvc,0.4500,80210
del18,fastvc,0.4500,80211
del18,fastvc,0.4500,80212
del18,fastvc,0.4500,80213
del18,fastvc,0.4500,80214
del18,fastvc,0.4510,80215
del18,fastvc,0.4510,80216
del18,fastvc,0.4510,80217
del18,fastvc,0.4510,80218
del18,fastvc,0.4510,80219
del18,fastvc,0.4510,80220
del18,fastvc,0.4510,80221
del18,fastvc,0.4510,80222
del18,fastvc,0.4510,80223
del18,fastvc,0.4510,80224
del18,fastvc,0.4510,80225
del18,fastvc,0.4510,80226
del18,fastvc,0.4520,80227
del18,fastvc,0.4520,80228
del18,fastvc,0.4520,80229
del18,fastvc,0.4520,80230
del18,fastvc,0.4520,80231
del18,fastvc,0.4520,80232
del18,fastvc,0.4530,80233
del18,fastvc,0.4530,80234
del18,fastvc,0.4530,80235
del18,fastvc,0.4530,80236
del18,fastvc,0.4530,80237
del18,fastvc,0.4530,80238
del18,fastvc,0.4530,80239
del18,fastvc,0.4530,80240
del18,fastvc,0.4530,80241
del18,fastvc,0.4530,80242
del18,fastvc,0.4530,80243
del18,fastvc,0.4530,80244
del18,fastvc,0.4530,80245
del18,fastvc,0.4530,80246
del18,fastvc,0.4540,80247
del18,fastvc,0.4540,80248
del18,fastvc,0.4540,80249
del18,fastvc,0.4540,80250
del18,fastvc,0.4540,80251
del18,fastvc,0.4540,80252
del18,fastvc,0.4540,80253
del18,fastvc,0.4550,80254
del18,fastvc,0.4550,80255
del18,fastvc,0.4550,80256
del18,fastvc,0.4550,80257
del18,fastvc,0.4550,80258
del18,fastvc,0.4560,80259
del18,fastvc,0.4560,80260
del18,fastvc,0.4560,80261
del18,fastvc,0.4560,80262
del18,fastvc,0.4560,80263
del18,fastvc,0.4560,80264
del18,fastvc,0.4560,80265
del18,fastvc,0.4560,80266
del18,fastvc,0.4560,80267
del18,fastvc,0.4560,80268
del18,fastvc,0.4560,80269
del18,fastvc,0.4570,80270
del18,fastvc,0.4570,80271
del18,fastvc,0.4570,80272
del18,fastvc,0.4570,80273
del18,fastvc,0.4570,80274
del18,fastvc,0.4570,80275
del18,fastvc,0.4570,80276
del18,fastvc,0.4580,80277
del18,fastvc,0.4580,80278
del18,fastvc,0.4580,80279
del18,fastvc,0.4580,80280
del18,fastvc,0.4590,80281
del18,fastvc,0.4590,80282
del18,fastvc,0.4590,80283
del18,fastvc,0.4590,80284
del18,fastvc,0.4590,80285
del18,fastvc,0.4590,80286
del18,fastvc,0.4590,80287
del18,fastvc,0.4600,80288
del18,fastvc,0.4600,80289
del18,fastvc,0.4600,80290
del18,fastvc,0.4600,80291
del18,fastvc,0.4610,80292
del18,fastvc,0.4610,80293
del18,fastvc,0.4610,80294
del18,fastvc,0.4610,80295
del18,fastvc,0.4620,80296
del18,fastvc,0.4620,80297
del18,fastvc,0.4620,80298
del18,fastvc,0.4620,80299
del18,fastvc,0.4620,80300
del18,fastvc,0.4620,80301
del18,fastvc,0.4630,80302
del18,fastvc,0.4630,80303
del18,fastvc,0.4630,80304
del18,fastvc,0.4630,80305
del18,fastvc,0.4630,80306
del18,fastvc,0.4630,80307
del18,fastvc,0.4630,80308
del18,fastvc,0.4630,80309
del18,fastvc,0.4640,80310
del18,fastvc,0.4640,80311
del18,fastvc,0.4640,80312
del18,fastvc,0.4640,80313
del18,fastvc,0.4640,80314
del18,fastvc,0.4640,80315
del18,fastvc,0.4640,80316
del18,fastvc,0.4650,80317
del18,fastvc,0.4650,80318
del18,fastvc,0.4650,80319
del18,fastvc,0.4650,80320
del18,fastvc,0.4650,80321
del18,fastvc,0.4660,80322
del18,fastvc,0.4660,80323
del18,fastvc,0.4660,80324
del18,fastvc,0.4660,80325
del18,fastvc,0.4660,80326
del18,fastvc,0.4660,80327
del18,fastvc,0.4660,80328
del18,fastvc,0.4660,80329
del18,fastvc,0.4670,80330
del18,fastvc,0.4670,80331
del18,fastvc,0.4670,80332
del18,fastvc,0.4670,80333
del18,fastvc,0.4680,80334
del18,fastvc,0.4680,80335
del18,fastvc,0.4680,80336
del18,fastvc,0.4680,80337
del18,fastvc,0.4680,80338
del18,fastvc,0.4680,80339
del18,fastvc,0.4690,80340
del18,fastvc,0.4690,80341
del18,fastvc,0.4690,80342
del18,fastvc,0.4690,80343
del18,fastvc,0.4690,80344
del18,fastvc,0.4690,80345
del18,fastvc,0.4690,80346
del18,fastvc,0.4690,80347
del18,fastvc,0.4690,80348
del18,fastvc,0.4700,80349
del18,fastvc,0.4700,80350
del18,fastvc,0.4700,80351
del18,fastvc,0.4700,80352
del18,fastvc,0.4710,80353
del18,fastvc,0.4710,80354
del18,fastvc,0.4710,80355
del18,fastvc,0.4710,80356
del18,fastvc,0.4710,80357
del18,fastvc,0.4720,80358
del18,fastvc,0.4720,80359
del18,fastvc,0.4720,80360
del18,fastvc,0.4720,80361
del18,fastvc,0.4720,80362
del18,fastvc,0.4720,80363
del18,fastvc,0.4720,80364
del18,fastvc,0.4730,80365
del18,fastvc,0.4730,80366
del18,fastvc,0.4740,80367
del18,fastvc,0.4740,80368
del18,fastvc,0.4740,80369
del18,fastvc,0.4740,80370
del18,fastvc,0.4740,80371
del18,fastvc,0.4740,80372
del18,fastvc,0.4740,80373
del18,fastvc,0.4750,80374
del18,fastvc,0.4750,80375
del18,fastvc,0.4750,80376
del18,fastvc,0.4750,80377
del18,fastvc,0.4750,80378
del18,fastvc,0.4750,80379
del18,fastvc,0.4750,80380
del18,fastvc,0.4760,80381
del18,fastvc,0.4760,80382
del18,fastvc,0.4760,80383
del18,fastvc,0.4760,80384
del18,fastvc,0.4770,80385
del18,fastvc,0.4770,80386
del18,fastvc,0.4770,80387
del18,fastvc,0.4770,80388
del18,fastvc,0.4770,80389
del18,fastvc,0.4770,80390
del18,fastvc,0.4770,80391
del18,fastvc,0.4770,80392
del18,fastvc,0.4780,80393
del18,fastvc,0.4780,80394
del18,fastvc,0.4780,80395
del18,fastvc,0.4780,80396
del18,fastvc,0.4790,80397
del18,fastvc,0.4790,80398
del18,fastvc,0.4790,80399
del18,fastvc,0.4790,80400
del18,fastvc,0.4790,80401
del18,fastvc,0.4790,80402
del18,fastvc,0.4790,80403
del18,fastvc,0.4800,80404
del18,fastvc,0.4800,80405
del18,fastvc,0.4800,80406
del18,fastvc,0.4800,80407
del18,fastvc,0.4810,80408
del18,fastvc,0.4810,80409
del18,fastvc,0.4810,80410
del18,fastvc,0.4810,80411
del18,fastvc,0.4810,80412
del18,fastvc,0.4820,80413
del18,fastvc,0.4820,80414
del18,fastvc,0.4830,80415
del18,fastvc,0.4830,80416
del18,fastvc,0.4830,80417
del18,fastvc,0.4840,80418
del18,fastvc,0.4840,80419
del18,fastvc,0.4840,80420
del18,fastvc,0.4840,80421
del18,fastvc,0.4850,80422
del18,fastvc,0.4850,80423
del18,fastvc,0.4850,80424
del18,fastvc,0.4850,80425
del18,fastvc,0.4860,80426
del18,fastvc,0.4860,80427
del18,fastvc,0.4860,80428
del18,fastvc,0.4860,80429
del18,fastvc,0.4860,80430
del18,fastvc,0.4870,80431
del18,fastvc,0.4870,80432
del18,fastvc,0.4870,80433
del18,fastvc,0.4870,80434
del18,fastvc,0.4870,80435
del18,fastvc,0.4870,80436
del18,fastvc,0.4880,80437
del18,fastvc,0.4880,80438
del18,fastvc,0.4880,80439
del18,fastvc,0.4880,80440
del18,fastvc,0.4890,80441
del18,fastvc,0.4890,80442
del18,fastvc,0.4900,80443
del18,fastvc,0.4900,80444
del18,fastvc,0.4900,80445
del18,fastvc,0.4900,80446
del18,fastvc,0.4900,80447
del18,fastvc,0.4910,80448
del18,fastvc,0.4910,80449
del18,fastvc,0.4910,80450
del18,fastvc,0.4910,80451
del18,fastvc,0.4910,80452
del18,fastvc,0.4920,80453
del18,fastvc,0.4920,80454
del18,fastvc,0.4920,80455
del18,fastvc,0.4920,80456
del18,fastvc,0.4920,80457
del18,fastvc,0.4920,80458
del18,fastvc,0.4930,80459
del18,fastvc,0.4930,80460
del18,fastvc,0.4930,80461
del18,fastvc,0.4930,80462
del18,fastvc,0.4930,80463
del18,fastvc,0.4930,80464
del18,fastvc,0.4940,80465
del18,fastvc,0.4940,80466
del18,fastvc,0.4940,80467
del18,fastvc,0.4940,80468
del18,fastvc,0.4940,80469
del18,fastvc,0.4950,80470
del18,fastvc,0.4950,80471
del18,fastvc,0.4950,80472
del18,fastvc,0.4960,80473
del18,fastvc,0.4960,80474
del18,fastvc,0.4960,80475
del18,fastvc,0.4960,80476
del18,fastvc,0.4970,80477
del18,fastvc,0.4970,80478
del18,fastvc,0.4970,80479
del18,fastvc,0.4970,80480
del18,fastvc,0.4970,80481
del18,fastvc,0.4970,80482
del18,fastvc,0.4970,80483
del18,fastvc,0.4980,80484
del18,fastvc,0.4980,80485
del18,fastvc,0.4980,80486
del18,fastvc,0.4980,80487
del18,fastvc,0.4990,80488
del18,fastvc,0.4990,80489
del18,fastvc,0.4990,80490
del18,fastvc,0.4990,80491
del18,fastvc,0.4990,80492
del18,fastvc,0.4990,80493
del18,fastvc,0.5000,80494
del18,fastvc,0.5000,80495
del18,fastvc,0.5000,80496
del18,fastvc,0.5000,80497
del18,fastvc,0.5000,80498
del18,fastvc,0.5000,80499
del18,fastvc,0.5000,80500
del18,fastvc,0.5000,80501
del18,fastvc,0.5000,80502
del18,fastvc,0.5000,80503
del18,fastvc,0.5010,80504
del18,fastvc,0.5010,80505
del18,fastvc,0.5010,80506
del18,fastvc,0.5010,80507
del18,fastvc,0.5010,80508
del18,fastvc,0.5010,80509
del18,fastvc,0.5020,80510
del18,fastvc,0.5020,80511
del18,fastvc,0.5020,80512
del18,fastvc,0.5020,80513
del18,fastvc,0.5020,80514
del18,fastvc,0.5030,80515
del18,fastvc,0.5030,80516
del18,fastvc,0.5030,80517
del18,fastvc,0.5030,80518
del18,fastvc,0.5030,80519
del18,fastvc,0.5030,80520
del18,fastvc,0.5030,80521
del18,fastvc,0.5040,80522
del18,fastvc,0.5040,80523
del18,fastvc,0.5040,80524
del18,fastvc,0.5040,80525
del18,fastvc,0.5040,80526
del18,fastvc,0.5040,80527
del18,fastvc,0.5050,80528
del18,fastvc,0.5050,80529
del18,fastvc,0.5050,80530
del18,fastvc,0.5050,80531
del18,fastvc,0.5050,80532
del18,fastvc,0.5050,80533
del18,fastvc,0.5050,80534
del18,fastvc,0.5060,80535
del18,fastvc,0.5060,80536
del18,fastvc,0.5060,80537
del18,fastvc,0.5060,80538
del18,fastvc,0.5060,80539
del18,fastvc,0.5060,80540
del18,fastvc,0.5060,80541
del18,fastvc,0.5070,80542
del18,fastvc,0.5070,80543
del18,fastvc,0.5070,80544
del18,fastvc,0.5070,80545
del18,fastvc,0.5070,80546
del18,fastvc,0.5070,80547
del18,fastvc,0.5080,80548
del18,fastvc,0.5080,80549
del18,fastvc,0.5090,80550
del18,fastvc,0.5090,80551
del18,fastvc,0.5090,80552
del18,fastvc,0.5090,80553
del18,fastvc,0.5090,80554
del18,fastvc,0.5090,80555
del18,fastvc,0.5090,80556
del18,fastvc,0.5090,80557
del18,fastvc,0.5100,80558
del18,fastvc,0.5100,80559
del18,fastvc,0.5100,80560
del18,fastvc,0.5100,80561
del18,fastvc,0.5100,80562
del18,fastvc,0.5100,80563
del18,fastvc,0.5100,80564
del18,fastvc,0.5110,80565
del18,fastvc,0.5110,80566
del18,fastvc,0.5110,80567
del18,fastvc,0.5120,80568
del18,fastvc,0.5120,80569
del18,fastvc,0.5120,80570
del18,fastvc,0.5120,80571
del18,fastvc,0.5130,80572
del18,fastvc,0.5130,80573
del18,fastvc,0.5130,80574
del18,fastvc,0.5130,80575
del18,fastvc,0.5140,80576
del18,fastvc,0.5140,80577
del18,fastvc,0.5140,80578
del18,fastvc,0.5140,80579
del18,fastvc,0.5140,80580
del18,fastvc,0.5150,80581
del18,fastvc,0.5150,80582
del18,fastvc,0.5160,80583
del18,fastvc,0.5160,80584
del18,fastvc,0.5160,80585
del18,fastvc,0.5160,80586
del18,fastvc,0.5160,80587
del18,fastvc,0.5160,80588
del18,fastvc,0.5160,80589
del18,fastvc,0.5170,80590
del18,fastvc,0.5170,80591
del18,fastvc,0.5170,80592
del18,fastvc,0.5170,80593
del18,fastvc,0.5170,80594
del18,fastvc,0.5170,80595
del18,fastvc,0.5170,80596
del18,fastvc,0.5170,80597
del18,fastvc,0.5180,80598
del18,fastvc,0.5180,80599
del18,fastvc,0.5190,80600
del18,fastvc,0.5190,80601
del18,fastvc,0.5190,80602
del18,fastvc,0.5190,80603
del18,fastvc,0.5190,80604
del18,fastvc,0.5200,80605
del18,fastvc,0.5200,80606
del18,fastvc,0.5200,80607
del18,fastvc,0.5200,80608
del18,fastvc,0.5200,80609
del18,fastvc,0.5200,80610
del18,fastvc,0.5210,80611
del18,fastvc,0.5210,80612
del18,fastvc,0.5210,80613
del18,fastvc,0.5210,80614
del18,fastvc,0.5220,80615
del18,fastvc,0.5220,80616
del18,fastvc,0.5220,80617
del18,fastvc,0.5220,80618
del18,fastvc,0.5220,80619
del18,fastvc,0.5230,80620
del18,fastvc,0.5230,80621
del18,fastvc,0.5230,80622
del18,fastvc,0.5230,80623
del18,fastvc,0.5240,80624
del18,fastvc,0.5240,80625
del18,fastvc,0.5250,80626
del18,fastvc,0.5250,80627
del18,fastvc,0.5250,80628
del18,fastvc,0.5260,80629
del18,fastvc,0.5260,80630
del18,fastvc,0.5260,80631
del18,fastvc,0.5260,80632
del18,fastvc,0.5260,80633
del18,fastvc,0.5260,80634
del18,fastvc,0.5260,80635
del18,fastvc,0.5260,80636
del18,fastvc,0.5260,80637
del18,fastvc,0.5270,80638
del18,fastvc,0.5270,80639
del18,fastvc,0.5270,80640
del18,fastvc,0.5280,80641
del18,fastvc,0.5280,80642
del18,fastvc,0.5280,80643
del18,fastvc,0.5280,80644
del18,fastvc,0.5280,80645
del18,fastvc,0.5290,80646
del18,fastvc,0.5290,80647
del18,fastvc,0.5290,80648
del18,fastvc,0.5300,80649
del18,fastvc,0.5300,80650
del18,fastvc,0.5300,80651
del18,fastvc,0.5300,80652
del18,fastvc,0.5300,80653
del18,fastvc,0.5300,80654
del18,fastvc,0.5300,80655
del18,fastvc,0.5300,80656
del18,fastvc,0.5310,80657
del18,fastvc,0.5310,80658
del18,fastvc,0.5310,80659
del18,fastvc,0.5320,80660
del18,fastvc,0.5320,80661
del18,fastvc,0.5320,80662
del18,fastvc,0.5320,80663
del18,fastvc,0.5330,80664
del18,fastvc,0.5330,80665
del18,fastvc,0.5330,80666
del18,fastvc,0.5340,80667
del18,fastvc,0.5340,80668
del18,fastvc,0.5340,80669
del18,fastvc,0.5340,80670
del18,fastvc,0.5350,80671
del18,fastvc,0.5350,80672
del18,fastvc,0.5350,80673
del18,fastvc,0.5350,80674
del18,fastvc,0.5350,80675
del18,fastvc,0.5350,80676
del18,fastvc,0.5360,80677
del18,fastvc,0.5360,80678
del18,fastvc,0.5360,80679
del18,fastvc,0.5360,80680
del18,fastvc,0.5360,80681
del18,fastvc,0.5360,80682
del18,fastvc,0.5370,80683
del18,fastvc,0.5370,80684
del18,fastvc,0.5370,80685
del18,fastvc,0.5370,80686
del18,fastvc,0.5380,80687
del18,fastvc,0.5390,80688
del18,fastvc,0.5390,80689
del18,fastvc,0.5390,80690
del18,fastvc,0.5390,80691
del18,fastvc,0.5390,80692
del18,fastvc,0.5400,80693
del18,fastvc,0.5400,80694
del18,fastvc,0.5400,80695
del18,fastvc,0.5400,80696
del18,fastvc,0.5400,80697
del18,fastvc,0.5410,80698
del18,fastvc,0.5410,80699
del18,fastvc,0.5410,80700
del18,fastvc,0.5410,80701
del18,fastvc,0.5410,80702
del18,fastvc,0.5410,80703
del18,fastvc,0.5420,80704
del18,fastvc,0.5420,80705
del18,fastvc,0.5420,80706
del18,fastvc,0.5420,80707
del18,fastvc,0.5430,80708
del18,fastvc,0.5430,80709
del18,fastvc,0.5430,80710
del18,fastvc,0.5430,80711
del18,fastvc,0.5430,80712
del18,fastvc,0.5440,80713
del18,fastvc,0.5440,80714
del18,fastvc,0.5440,80715
del18,fastvc,0.5440,80716
del18,fastvc,0.5440,80717
del18,fastvc,0.5440,80718
del18,fastvc,0.5450,80719
del18,fastvc,0.5450,80720
del18,fastvc,0.5450,80721
del18,fastvc,0.5450,80722
del18,fastvc,0.5450,80723
del18,fastvc,0.5460,80724
del18,fastvc,0.5460,80725
del18,fastvc,0.5460,80726
del18,fastvc,0.5460,80727
del18,fastvc,0.5460,80728
del18,fastvc,0.5470,80729
del18,fastvc,0.5470,80730
del18,fastvc,0.5470,80731
del18,fastvc,0.5470,80732
del18,fastvc,0.5470,80733
del18,fastvc,0.5480,80734
del18,fastvc,0.5480,80735
del18,fastvc,0.5480,80736
del18,fastvc,0.5490,80737
del18,fastvc,0.5490,80738
del18,fastvc,0.5490,80739
del18,fastvc,0.5490,80740
del18,fastvc,0.5490,80741
del18,fastvc,0.5490,80742
del18,fastvc,0.5500,80743
del18,fastvc,0.5500,80744
del18,fastvc,0.5500,80745
del18,fastvc,0.5500,80746
del18,fastvc,0.5510,80747
del18,fastvc,0.5510,80748
del18,fastvc,0.5520,80749
del18,fastvc,0.5520,80750
del18,fastvc,0.5520,80751
del18,fastvc,0.5520,80752
del18,fastvc,0.5520,80753
del18,fastvc,0.5530,80754
del18,fastvc,0.5530,80755
del18,fastvc,0.5540,80756
del18,fastvc,0.5540,80757
del18,fastvc,0.5540,80758
del18,fastvc,0.5540,80759
del18,fastvc,0.5550,80760
del18,fastvc,0.5550,80761
del18,fastvc,0.5550,80762
del18,fastvc,0.5550,80763
del18,fastvc,0.5560,80764
del18,fastvc,0.5560,80765
del18,fastvc,0.5560,80766
del18,fastvc,0.5560,80767
del18,fastvc,0.5570,80768
del18,fastvc,0.5570,80769
del18,fastvc,0.5570,80770
del18,fastvc,0.5570,80771
del18,fastvc,0.5580,80772
del18,fastvc,0.5580,80773
del18,fastvc,0.5580,80774
del18,fastvc,0.5580,80775
del18,fastvc,0.5580,80776
del18,fastvc,0.5590,80777
del18,fastvc,0.5590,80778
del18,fastvc,0.5590,80779
del18,fastvc,0.5590,80780
del18,fastvc,0.5590,80781
del18,fastvc,0.5600,80782
del18,fastvc,0.5600,80783
del18,fastvc,0.5600,80784
del18,fastvc,0.5600,80785
del18,fastvc,0.5600,80786
del18,fastvc,0.5600,80787
del18,fastvc,0.5610,80788
del18,fastvc,0.5610,80789
del18,fastvc,0.5610,80790
del18,fastvc,0.5620,80791
del18,fastvc,0.5620,80792
del18,fastvc,0.5630,80793
del18,fastvc,0.5630,80794
del18,fastvc,0.5630,80795
del18,fastvc,0.5630,80796
del18,fastvc,0.5640,80797
del18,fastvc,0.5640,80798
del18,fastvc,0.5640,80799
del18,fastvc,0.5640,80800
del18,fastvc,0.5640,80801
del18,fastvc,0.5650,80802
del18,fastvc,0.5650,80803
del18,fastvc,0.5650,80804
del18,fastvc,0.5650,80805
del18,fastvc,0.5650,80806
del18,fastvc,0.5650,80807
del18,fastvc,0.5660,80808
del18,fastvc,0.5660,80809
del18,fastvc,0.5670,80810
del18,fastvc,0.5670,80811
del18,fastvc,0.5670,80812
del18,fastvc,0.5670,80813
del18,fastvc,0.5680,80814
del18,fastvc,0.5680,80815
del18,fastvc,0.5680,80816
del18,fastvc,0.5680,80817
del18,fastvc,0.5680,80818
del18,fastvc,0.5680,80819
del18,fastvc,0.5690,80820
del18,fastvc,0.5690,80821
del18,fastvc,0.5690,80822
del18,fastvc,0.5700,80823
del18,fastvc,0.5710,80824
del18,fastvc,0.5710,80825
del18,fastvc,0.5710,80826
del18,fastvc,0.5720,80827
del18,fastvc,0.5720,80828
del18,fastvc,0.5720,80829
del18,fastvc,0.5730,80830
del18,fastvc,0.5730,80831
del18,fastvc,0.5730,80832
del18,fastvc,0.5740,80833
del18,fastvc,0.5740,80834
del18,fastvc,0.5740,80835
del18,fastvc,0.5750,80836
del18,fastvc,0.5750,80837
del18,fastvc,0.5750,80838
del18,fastvc,0.5760,80839
del18,fastvc,0.5760,80840
del18,fastvc,0.5760,80841
del18,fastvc,0.5770,80842
del18,fastvc,0.5770,80843
del18,fastvc,0.5770,80844
del18,fastvc,0.5770,80845
del18,fastvc,0.5780,80846
del18,fastvc,0.5780,80847
del18,fastvc,0.5780,80848
del18,fastvc,0.5780,80849
del18,fastvc,0.5780,80850
del18,fastvc,0.5780,80851
del18,fastvc,0.5790,80852
del18,fastvc,0.5790,80853
del18,fastvc,0.5790,80854
del18,fastvc,0.5800,80855
del18,fastvc,0.5800,80856
del18,fastvc,0.5800,80857
del18,fastvc,0.5800,80858
del18,fastvc,0.5810,80859
del18,fastvc,0.5810,80860
del18,fastvc,0.5810,80861
del18,fastvc,0.5820,80862
del18,fastvc,0.5820,80863
del18,fastvc,0.5830,80864
del18,fastvc,0.5830,80865
del18,fastvc,0.5830,80866
del18,fastvc,0.5840,80867
del18,fastvc,0.5840,80868
del18,fastvc,0.5840,80869
del18,fastvc,0.5840,80870
del18,fastvc,0.5850,80871
del18,fastvc,0.5850,80872
del18,fastvc,0.5850,80873
del18,fastvc,0.5850,80874
del18,fastvc,0.5850,80875
del18,fastvc,0.5850,80876
del18,fastvc,0.5850,80877
del18,fastvc,0.5860,80878
del18,fastvc,0.5860,80879
del18,fastvc,0.5860,80880
del18,fastvc,0.5870,80881
del18,fastvc,0.5870,80882
del18,fastvc,0.5870,80883
del18,fastvc,0.5870,80884
del18,fastvc,0.5880,80885
del18,fastvc,0.5880,80886
del18,fastvc,0.5880,80887
del18,fastvc,0.5880,80888
del18,fastvc,0.5890,80889
del18,fastvc,0.5890,80890
del18,fastvc,0.5890,80891
del18,fastvc,0.5890,80892
del18,fastvc,0.5900,80893
del18,fastvc,0.5900,80894
del18,fastvc,0.5900,80895
del18,fastvc,0.5900,80896
del18,fastvc,0.5900,80897
del18,fastvc,0.5900,80898
del18,fastvc,0.5910,80899
del18,fastvc,0.5910,80900
del18,fastvc,0.5910,80901
del18,fastvc,0.5920,80902
del18,fastvc,0.5930,80903
del18,fastvc,0.5930,80904
del18,fastvc,0.5940,80905
del18,fastvc,0.5940,80906
del18,fastvc,0.5950,80907
del18,fastvc,0.5950,80908
del18,fastvc,0.5950,80909
del18,fastvc,0.5960,80910
del18,fastvc,0.5960,80911
del18,fastvc,0.5960,80912
del18,fastvc,0.5960,80913
del18,fastvc,0.5970,80914
del18,fastvc,0.5970,80915
del18,fastvc,0.5970,80916
del18,fastvc,0.5970,80917
del18,fastvc,0.5980,80918
del18,fastvc,0.5980,80919
del18,fastvc,0.5990,80920
del18,fastvc,0.5990,80921
del18,fastvc,0.5990,80922
del18,fastvc,0.6000,80923
del18,fastvc,0.6000,80924
del18,fastvc,0.6010,80925
del18,fastvc,0.6010,80926
del18,fastvc,0.6020,80927
del18,fastvc,0.6030,80928
del18,fastvc,0.6030,80929
del18,fastvc,0.6040,80930
del18,fastvc,0.6050,80931
del18,fastvc,0.6060,80932
del18,fastvc,0.6070,80933
del18,fastvc,0.6080,80934
del18,fastvc,0.6080,80935
del18,fastvc,0.6080,80936
del18,fastvc,0.6090,80937
del18,fastvc,0.6090,80938
del18,fastvc,0.6100,80939
del18,fastvc,0.6100,80940
del18,fastvc,0.6100,80941
del18,fastvc,0.6100,80942
del18,fastvc,0.6110,80943
del18,fastvc,0.6110,80944
del18,fastvc,0.6120,80945
del18,fastvc,0.6120,80946
del18,fastvc,0.6130,80947
del18,fastvc,0.6140,80948
del18,fastvc,0.6140,80949
del18,fastvc,0.6140,80950
del18,fastvc,0.6140,80951
del18,fastvc,0.6140,80952
del18,fastvc,0.6150,80953
del18,fastvc,0.6160,80954
del18,fastvc,0.6160,80955
del18,fastvc,0.6160,80956
del18,fastvc,0.6160,80957
del18,fastvc,0.6170,80958
del18,fastvc,0.6170,80959
del18,fastvc,0.6170,80960
del18,fastvc,0.6180,80961
del18,fastvc,0.6180,80962
del18,fastvc,0.6180,80963
del18,fastvc,0.6190,80964
del18,fastvc,0.6190,80965
del18,fastvc,0.6190,80966
del18,fastvc,0.6190,80967
del18,fastvc,0.6200,80968
del18,fastvc,0.6200,80969
del18,fastvc,0.6200,80970
del18,fastvc,0.6200,80971
del18,fastvc,0.6210,80972
del18,fastvc,0.6210,80973
del18,fastvc,0.6210,80974
del18,fastvc,0.6220,80975
del18,fastvc,0.6220,80976
del18,fastvc,0.6220,80977
del18,fastvc,0.6230,80978
del18,fastvc,0.6240,80979
del18,fastvc,0.6240,80980
del18,fastvc,0.6240,80981
del18,fastvc,0.6240,80982
del18,fastvc,0.6240,80983
del18,fastvc,0.6240,80984
del18,fastvc,0.6250,80985
del18,fastvc,0.6250,80986
del18,fastvc,0.6250,80987
del18,fastvc,0.6250,80988
del18,fastvc,0.6250,80989
del18,fastvc,0.6260,80990
del18,fastvc,0.6260,80991
del18,fastvc,0.6260,80992
del18,fastvc,0.6270,80993
del18,fastvc,0.6270,80994
del18,fastvc,0.6270,80995
del18,fastvc,0.6280,80996
del18,fastvc,0.6280,80997
del18,fastvc,0.6280,80998
del18,fastvc,0.6290,80999
del18,fastvc,0.6290,81000
del18,fastvc,0.6290,81001
del18,fastvc,0.6290,81002
del18,fastvc,0.6290,81003
del18,fastvc,0.6300,81004
del18,fastvc,0.6300,81005
del18,fastvc,0.6310,81006
del18,fastvc,0.6310,81007
del18,fastvc,0.6310,81008
del18,fastvc,0.6310,81009
del18,fastvc,0.6320,81010
del18,fastvc,0.6320,81011
del18,fastvc,0.6330,81012
del18,fastvc,0.6330,81013
del18,fastvc,0.6340,81014
del18,fastvc,0.6340,81015
del18,fastvc,0.6340,81016
del18,fastvc,0.6350,81017
del18,fastvc,0.6360,81018
del18,fastvc,0.6370,81019
del18,fastvc,0.6370,81020
del18,fastvc,0.6370,81021
del18,fastvc,0.6370,81022
del18,fastvc,0.6380,81023
del18,fastvc,0.6380,81024
del18,fastvc,0.6380,81025
del18,fastvc,0.6380,81026
del18,fastvc,0.6390,81027
del18,fastvc,0.6390,81028
del18,fastvc,0.6390,81029
del18,fastvc,0.6390,81030
del18,fastvc,0.6390,81031
del18,fastvc,0.6400,81032
del18,fastvc,0.6400,81033
del18,fastvc,0.6400,81034
del18,fastvc,0.6400,81035
del18,fastvc,0.6410,81036
del18,fastvc,0.6410,81037
del18,fastvc,0.6410,81038
del18,fastvc,0.6410,81039
del18,fastvc,0.6410,81040
del18,fastvc,0.6410,81041
del18,fastvc,0.6420,81042
del18,fastvc,0.6420,81043
del18,fastvc,0.6420,81044
del18,fastvc,0.6420,81045
del18,fastvc,0.6430,81046
del18,fastvc,0.6430,81047
del18,fastvc,0.6430,81048
del18,fastvc,0.6430,81049
del18,fastvc,0.6440,81050
del18,fastvc,0.6440,81051
del18,fastvc,0.6440,81052
del18,fastvc,0.6440,81053
del18,fastvc,0.6440,81054
del18,fastvc,0.6440,81055
del18,fastvc,0.6450,81056
del18,fastvc,0.6450,81057
del18,fastvc,0.6450,81058
del18,fastvc,0.6460,81059
del18,fastvc,0.6470,81060
del18,fastvc,0.6470,81061
del18,fastvc,0.6470,81062
del18,fastvc,0.6480,81063
del18,fastvc,0.6480,81064
del18,fastvc,0.6480,81065
del18,fastvc,0.6480,81066
del18,fastvc,0.6490,81067
del18,fastvc,0.6490,81068
del18,fastvc,0.6490,81069
del18,fastvc,0.6490,81070
del18,fastvc,0.6500,81071
del18,fastvc,0.6500,81072
del18,fastvc,0.6500,81073
del18,fastvc,0.6500,81074
del18,fastvc,0.6510,81075
del18,fastvc,0.6510,81076
del18,fastvc,0.6520,81077
del18,fastvc,0.6530,81078
del18,fastvc,0.6540,81079
del18,fastvc,0.6540,81080
del18,fastvc,0.6540,81081
del18,fastvc,0.6550,81082
del18,fastvc,0.6550,81083
del18,fastvc,0.6560,81084
del18,fastvc,0.6560,81085
del18,fastvc,0.6570,81086
del18,fastvc,0.6570,81087
del18,fastvc,0.6580,81088
del18,fastvc,0.6580,81089
del18,fastvc,0.6590,81090
del18,fastvc,0.6590,81091
del18,fastvc,0.6600,81092
del18,fastvc,0.6600,81093
del18,fastvc,0.6610,81094
del18,fastvc,0.6610,81095
del18,fastvc,0.6610,81096
del18,fastvc,0.6610,81097
del18,fastvc,0.6620,81098
del18,fastvc,0.6620,81099
del18,fastvc,0.6620,81100
del18,fastvc,0.6620,81101
del18,fastvc,0.6630,81102
del18,fastvc,0.6640,81103
del18,fastvc,0.6640,81104
del18,fastvc,0.6640,81105
del18,fastvc,0.6640,81106
del18,fastvc,0.6650,81107
del18,fastvc,0.6650,81108
del18,fastvc,0.6650,81109
del18,fastvc,0.6660,81110
del18,fastvc,0.6660,81111
del18,fastvc,0.6670,81112
del18,fastvc,0.6670,81113
del18,fastvc,0.6670,81114
del18,fastvc,0.6670,81115
del18,fastvc,0.6680,81116
del18,fastvc,0.6680,81117
del18,fastvc,0.6680,81118
del18,fastvc,0.6680,81119
del18,fastvc,0.6680,81120
del18,fastvc,0.6680,81121
del18,fastvc,0.6680,81122
del18,fastvc,0.6690,81123
del18,fastvc,0.6690,81124
del18,fastvc,0.6690,81125
del18,fastvc,0.6690,81126
del18,fastvc,0.6690,81127
del18,fastvc,0.6690,81128
del18,fastvc,0.6700,81129
del18,fastvc,0.6700,81130
del18,fastvc,0.6700,81131
del18,fastvc,0.6710,81132
del18,fastvc,0.6710,81133
del18,fastvc,0.6710,81134
del18,fastvc,0.6710,81135
del18,fastvc,0.6710,81136
del18,fastvc,0.6720,81137
del18,fastvc,0.6720,81138
del18,fastvc,0.6720,81139
del18,fastvc,0.6720,81140
del18,fastvc,0.6720,81141
del18,fastvc,0.6730,81142
del18,fastvc,0.6740,81143
del18,fastvc,0.6740,81144
del18,fastvc,0.6750,81145
del18,fastvc,0.6760,81146
del18,fastvc,0.6760,81147
del18,fastvc,0.6760,81148
del18,fastvc,0.6760,81149
del18,fastvc,0.6770,81150
del18,fastvc,0.6780,81151
del18,fastvc,0.6780,81152
del18,fastvc,0.6780,81153
del18,fastvc,0.6780,81154
del18,fastvc,0.6780,81155
del18,fastvc,0.6780,81156
del18,fastvc,0.6790,81157
del18,fastvc,0.6790,81158
del18,fastvc,0.6790,81159
del18,fastvc,0.6790,81160
del18,fastvc,0.6800,81161
del18,fastvc,0.6800,81162
del18,fastvc,0.6810,81163
del18,fastvc,0.6810,81164
del18,fastvc,0.6810,81165
del18,fastvc,0.6830,81166
del18,fastvc,0.6830,81167
del18,fastvc,0.6830,81168
del18,fastvc,0.6830,81169
del18,fastvc,0.6830,81170
del18,fastvc,0.6840,81171
del18,fastvc,0.6840,81172
del18,fastvc,0.6860,81173
del18,fastvc,0.6860,81174
del18,fastvc,0.6860,81175
del18,fastvc,0.6870,81176
del18,fastvc,0.6870,81177
del18,fastvc,0.6880,81178
del18,fastvc,0.6890,81179
del18,fastvc,0.6890,81180
del18,fastvc,0.6890,81181
del18,fastvc,0.6890,81182
del18,fastvc,0.6890,81183
del18,fastvc,0.6890,81184
del18,fastvc,0.6890,81185
del18,fastvc,0.6890,81186
del18,fastvc,0.6900,81187
del18,fastvc,0.6900,81188
del18,fastvc,0.6900,81189
del18,fastvc,0.6900,81190
del18,fastvc,0.6900,81191
del18,fastvc,0.6910,81192
del18,fastvc,0.6910,81193
del18,fastvc,0.6910,81194
del18,fastvc,0.6920,81195
del18,fastvc,0.6920,81196
del18,fastvc,0.6920,81197
del18,fastvc,0.6930,81198
del18,fastvc,0.6940,81199
del18,fastvc,0.6940,81200
del18,fastvc,0.6950,81201
del18,fastvc,0.6960,81202
del18,fastvc,0.6960,81203
del18,fastvc,0.6960,81204
del18,fastvc,0.6960,81205
del18,fastvc,0.6960,81206
del18,fastvc,0.6960,81207
del18,fastvc,0.6970,81208
del18,fastvc,0.6970,81209
del18,fastvc,0.6980,81210
del18,fastvc,0.6980,81211
del18,fastvc,0.6980,81212
del18,fastvc,0.6980,81213
del18,fastvc,0.6990,81214
del18,fastvc,0.7000,81215
del18,fastvc,0.7000,81216
del18,fastvc,0.7000,81217
del18,fastvc,0.7000,81218
del18,fastvc,0.7010,81219
del18,fastvc,0.7010,81220
del18,fastvc,0.7010,81221
del18,fastvc,0.7010,81222
del18,fastvc,0.7010,81223
del18,fastvc,0.7020,81224
del18,fastvc,0.7020,81225
del18,fastvc,0.7020,81226
del18,fastvc,0.7020,81227
del18,fastvc,0.7020,81228
del18,fastvc,0.7030,81229
del18,fastvc,0.7030,81230
del18,fastvc,0.7030,81231
del18,fastvc,0.7030,81232
del18,fastvc,0.7030,81233
del18,fastvc,0.7050,81234
del18,fastvc,0.7050,81235
del18,fastvc,0.7060,81236
del18,fastvc,0.7060,81237
del18,fastvc,0.7060,81238
del18,fastvc,0.7060,81239
del18,fastvc,0.7070,81240
del18,fastvc,0.7070,81241
del18,fastvc,0.7070,81242
del18,fastvc,0.7070,81243
del18,fastvc,0.7080,81244
del18,fastvc,0.7080,81245
del18,fastvc,0.7080,81246
del18,fastvc,0.7090,81247
del18,fastvc,0.7090,81248
del18,fastvc,0.7090,81249
del18,fastvc,0.7090,81250
del18,fastvc,0.7090,81251
del18,fastvc,0.7100,81252
del18,fastvc,0.7100,81253
del18,fastvc,0.7110,81254
del18,fastvc,0.7120,81255
del18,fastvc,0.7130,81256
del18,fastvc,0.7130,81257
del18,fastvc,0.7130,81258
del18,fastvc,0.7130,81259
del18,fastvc,0.7150,81260
del18,fastvc,0.7150,81261
del18,fastvc,0.7150,81262
del18,fastvc,0.7150,81263
del18,fastvc,0.7150,81264
del18,fastvc,0.7160,81265
del18,fastvc,0.7160,81266
del18,fastvc,0.7160,81267
del18,fastvc,0.7160,81268
del18,fastvc,0.7170,81269
del18,fastvc,0.7170,81270
del18,fastvc,0.7170,81271
del18,fastvc,0.7180,81272
del18,fastvc,0.7190,81273
del18,fastvc,0.7200,81274
del18,fastvc,0.7210,81275
del18,fastvc,0.7210,81276
del18,fastvc,0.7210,81277
del18,fastvc,0.7220,81278
del18,fastvc,0.7220,81279
del18,fastvc,0.7220,81280
del18,fastvc,0.7250,81281
del18,fastvc,0.7250,81282
del18,fastvc,0.7250,81283
del18,fastvc,0.7250,81284
del18,fastvc,0.7260,81285
del18,fastvc,0.7260,81286
del18,fastvc,0.7270,81287
del18,fastvc,0.7270,81288
del18,fastvc,0.7280,81289
del18,fastvc,0.7280,81290
del18,fastvc,0.7280,81291
del18,fastvc,0.7290,81292
del18,fastvc,0.7290,81293
del18,fastvc,0.7290,81294
del18,fastvc,0.7300,81295
del18,fastvc,0.7300,81296
del18,fastvc,0.7310,81297
del18,fastvc,0.7320,81298
del18,fastvc,0.7340,81299
del18,fastvc,0.7340,81300
del18,fastvc,0.7350,81301
del18,fastvc,0.7350,81302
del18,fastvc,0.7350,81303
del18,fastvc,0.7360,81304
del18,fastvc,0.7360,81305
del18,fastvc,0.7360,81306
del18,fastvc,0.7370,81307
del18,fastvc,0.7370,81308
del18,fastvc,0.7380,81309
del18,fastvc,0.7390,81310
del18,fastvc,0.7400,81311
del18,fastvc,0.7410,81312
del18,fastvc,0.7410,81313
del18,fastvc,0.7420,81314
del18,fastvc,0.7420,81315
del18,fastvc,0.7420,81316
del18,fastvc,0.7430,81317
del18,fastvc,0.7430,81318
del18,fastvc,0.7440,81319
del18,fastvc,0.7440,81320
del18,fastvc,0.7440,81321
del18,fastvc,0.7440,81322
del18,fastvc,0.7450,81323
del18,fastvc,0.7450,81324
del18,fastvc,0.7450,81325
del18,fastvc,0.7460,81326
del18,fastvc,0.7460,81327
del18,fastvc,0.7480,81328
del18,fastvc,0.7480,81329
del18,fastvc,0.7480,81330
del18,fastvc,0.7480,81331
del18,fastvc,0.7490,81332
del18,fastvc,0.7500,81333
del18,fastvc,0.7500,81334
del18,fastvc,0.7500,81335
del18,fastvc,0.7510,81336
del18,fastvc,0.7510,81337
del18,fastvc,0.7530,81338
del18,fastvc,0.7540,81339
del18,fastvc,0.7540,81340
del18,fastvc,0.7540,81341
del18,fastvc,0.7550,81342
del18,fastvc,0.7560,81343
del18,fastvc,0.7570,81344
del18,fastvc,0.7570,81345
del18,fastvc,0.7570,81346
del18,fastvc,0.7580,81347
del18,fastvc,0.7580,81348
del18,fastvc,0.7580,81349
del18,fastvc,0.7590,81350
del18,fastvc,0.7600,81351
del18,fastvc,0.7620,81352
del18,fastvc,0.7620,81353
del18,fastvc,0.7620,81354
del18,fastvc,0.7620,81355
del18,fastvc,0.7630,81356
del18,fastvc,0.7630,81357
del18,fastvc,0.7630,81358
del18,fastvc,0.7640,81359
del18,fastvc,0.7650,81360
del18,fastvc,0.7650,81361
del18,fastvc,0.7650,81362
del18,fastvc,0.7650,81363
del18,fastvc,0.7660,81364
del18,fastvc,0.7670,81365
del18,fastvc,0.7670,81366
del18,fastvc,0.7680,81367
del18,fastvc,0.7690,81368
del18,fastvc,0.7700,81369
del18,fastvc,0.7700,81370
del18,fastvc,0.7710,81371
del18,fastvc,0.7720,81372
del18,fastvc,0.7720,81373
del18,fastvc,0.7730,81374
del18,fastvc,0.7730,81375
del18,fastvc,0.7750,81376
del18,fastvc,0.7760,81377
del18,fastvc,0.7780,81378
del18,fastvc,0.7780,81379
del18,fastvc,0.7780,81380
del18,fastvc,0.7790,81381
del18,fastvc,0.7790,81382
del18,fastvc,0.7800,81383
del18,fastvc,0.7800,81384
del18,fastvc,0.7800,81385
del18,fastvc,0.7810,81386
del18,fastvc,0.7810,81387
del18,fastvc,0.7820,81388
del18,fastvc,0.7830,81389
del18,fastvc,0.7830,81390
del18,fastvc,0.7840,81391
del18,fastvc,0.7840,81392
del18,fastvc,0.7840,81393
del18,fastvc,0.7850,81394
del18,fastvc,0.7850,81395
del18,fastvc,0.7860,81396
del18,fastvc,0.7870,81397
del18,fastvc,0.7880,81398
del18,fastvc,0.7890,81399
del18,fastvc,0.7900,81400
del18,fastvc,0.7900,81401
del18,fastvc,0.7900,81402
del18,fastvc,0.7910,81403
del18,fastvc,0.7910,81404
del18,fastvc,0.7930,81405
del18,fastvc,0.7930,81406
del18,fastvc,0.7930,81407
del18,fastvc,0.7930,81408
del18,fastvc,0.7930,81409
del18,fastvc,0.7940,81410
del18,fastvc,0.7950,81411
del18,fastvc,0.7950,81412
del18,fastvc,0.7950,81413
del18,fastvc,0.7960,81414
del18,fastvc,0.7960,81415
del18,fastvc,0.7970,81416
del18,fastvc,0.7980,81417
del18,fastvc,0.7980,81418
del18,fastvc,0.7980,81419
del18,fastvc,0.7990,81420
del18,fastvc,0.7990,81421
del18,fastvc,0.8000,81422
del18,fastvc,0.8000,81423
del18,fastvc,0.8020,81424
del18,fastvc,0.8030,81425
del18,fastvc,0.8040,81426
del18,fastvc,0.8040,81427
del18,fastvc,0.8050,81428
del18,fastvc,0.8050,81429
del18,fastvc,0.8050,81430
del18,fastvc,0.8080,81431
del18,fastvc,0.8090,81432
del18,fastvc,0.8090,81433
del18,fastvc,0.8090,81434
del18,fastvc,0.8090,81435
del18,fastvc,0.8100,81436
del18,fastvc,0.8100,81437
del18,fastvc,0.8100,81438
del18,fastvc,0.8110,81439
del18,fastvc,0.8110,81440
del18,fastvc,0.8110,81441
del18,fastvc,0.8130,81442
del18,fastvc,0.8130,81443
del18,fastvc,0.8130,81444
del18,fastvc,0.8130,81445
del18,fastvc,0.8140,81446
del18,fastvc,0.8140,81447
del18,fastvc,0.8150,81448
del18,fastvc,0.8160,81449
del18,fastvc,0.8170,81450
del18,fastvc,0.8170,81451
del18,fastvc,0.8170,81452
del18,fastvc,0.8180,81453
del18,fastvc,0.8190,81454
del18,fastvc,0.8190,81455
del18,fastvc,0.8190,81456
del18,fastvc,0.8190,81457
del18,fastvc,0.8200,81458
del18,fastvc,0.8220,81459
del18,fastvc,0.8230,81460
del18,fastvc,0.8240,81461
del18,fastvc,0.8250,81462
del18,fastvc,0.8250,81463
del18,fastvc,0.8260,81464
del18,fastvc,0.8260,81465
del18,fastvc,0.8260,81466
del18,fastvc,0.8270,81467
del18,fastvc,0.8270,81468
del18,fastvc,0.8270,81469
del18,fastvc,0.8280,81470
del18,fastvc,0.8290,81471
del18,fastvc,0.8290,81472
del18,fastvc,0.8300,81473
del18,fastvc,0.8300,81474
del18,fastvc,0.8300,81475
del18,fastvc,0.8310,81476
del18,fastvc,0.8310,81477
del18,fastvc,0.8320,81478
del18,fastvc,0.8320,81479
del18,fastvc,0.8320,81480
del18,fastvc,0.8320,81481
del18,fastvc,0.8330,81482
del18,fastvc,0.8340,81483
del18,fastvc,0.8340,81484
del18,fastvc,0.8350,81485
del18,fastvc,0.8360,81486
del18,fastvc,0.8370,81487
del18,fastvc,0.8370,81488
del18,fastvc,0.8370,81489
del18,fastvc,0.8370,81490
del18,fastvc,0.8380,81491
del18,fastvc,0.8380,81492
del18,fastvc,0.8380,81493
del18,fastvc,0.8380,81494
del18,fastvc,0.8390,81495
del18,fastvc,0.8390,81496
del18,fastvc,0.8390,81497
del18,fastvc,0.8390,81498
del18,fastvc,0.8400,81499
del18,fastvc,0.8400,81500
del18,fastvc,0.8410,81501
del18,fastvc,0.8430,81502
del18,fastvc,0.8450,81503
del18,fastvc,0.8460,81504
del18,fastvc,0.8470,81505
del18,fastvc,0.8480,81506
del18,fastvc,0.8490,81507
del18,fastvc,0.8490,81508
del18,fastvc,0.8500,81509
del18,fastvc,0.8500,81510
del18,fastvc,0.8510,81511
del18,fastvc,0.8510,81512
del18,fastvc,0.8520,81513
del18,fastvc,0.8530,81514
del18,fastvc,0.8540,81515
del18,fastvc,0.8550,81516
del18,fastvc,0.8550,81517
del18,fastvc,0.8560,81518
del18,fastvc,0.8560,81519
del18,fastvc,0.8570,81520
del18,fastvc,0.8570,81521
del18,fastvc,0.8580,81522
del18,fastvc,0.8580,81523
del18,fastvc,0.8580,81524
del18,fastvc,0.8580,81525
del18,fastvc,0.8590,81526
del18,fastvc,0.8590,81527
del18,fastvc,0.8590,81528
del18,fastvc,0.8600,81529
del18,fastvc,0.8600,81530
del18,fastvc,0.8620,81531
del18,fastvc,0.8620,81532
del18,fastvc,0.8630,81533
del18,fastvc,0.8640,81534
del18,fastvc,0.8650,81535
del18,fastvc,0.8650,81536
del18,fastvc,0.8660,81537
del18,fastvc,0.8670,81538
del18,fastvc,0.8680,81539
del18,fastvc,0.8690,81540
del18,fastvc,0.8690,81541
del18,fastvc,0.8700,81542
del18,fastvc,0.8700,81543
del18,fastvc,0.8710,81544
del18,fastvc,0.8710,81545
del18,fastvc,0.8710,81546
del18,fastvc,0.8710,81547
del18,fastvc,0.8710,81548
del18,fastvc,0.8720,81549
del18,fastvc,0.8720,81550
del18,fastvc,0.8730,81551
del18,fastvc,0.8730,81552
del18,fastvc,0.8730,81553
del18,fastvc,0.8740,81554
del18,fastvc,0.8740,81555
del18,fastvc,0.8740,81556
del18,fastvc,0.8750,81557
del18,fastvc,0.8760,81558
del18,fastvc,0.8760,81559
del18,fastvc,0.8760,81560
del18,fastvc,0.8780,81561
del18,fastvc,0.8780,81562
del18,fastvc,0.8790,81563
del18,fastvc,0.8790,81564
del18,fastvc,0.8800,81565
del18,fastvc,0.8810,81566
del18,fastvc,0.8820,81567
del18,fastvc,0.8820,81568
del18,fastvc,0.8830,81569
del18,fastvc,0.8830,81570
del18,fastvc,0.8830,81571
del18,fastvc,0.8860,81572
del18,fastvc,0.8860,81573
del18,fastvc,0.8860,81574
del18,fastvc,0.8860,81575
del18,fastvc,0.8870,81576
del18,fastvc,0.8870,81577
del18,fastvc,0.8880,81578
del18,fastvc,0.8890,81579
del18,fastvc,0.8890,81580
del18,fastvc,0.8890,81581
del18,fastvc,0.8910,81582
del18,fastvc,0.8910,81583
del18,fastvc,0.8910,81584
del18,fastvc,0.8920,81585
del18,fastvc,0.8920,81586
del18,fastvc,0.8920,81587
del18,fastvc,0.8930,81588
del18,fastvc,0.8930,81589
del18,fastvc,0.8930,81590
del18,fastvc,0.8930,81591
del18,fastvc,0.8940,81592
del18,fastvc,0.8940,81593
del18,fastvc,0.8950,81594
del18,fastvc,0.8950,81595
del18,fastvc,0.8960,81596
del18,fastvc,0.8970,81597
del18,fastvc,0.8970,81598
del18,fastvc,0.8970,81599
del18,fastvc,0.8970,81600
del18,fastvc,0.8990,81601
del18,fastvc,0.9000,81602
del18,fastvc,0.9000,81603
del18,fastvc,0.9000,81604
del18,fastvc,0.9010,81605
del18,fastvc,0.9040,81606
del18,fastvc,0.9050,81607
del18,fastvc,0.9050,81608
del18,fastvc,0.9050,81609
del18,fastvc,0.9050,81610
del18,fastvc,0.9070,81611
del18,fastvc,0.9070,81612
del18,fastvc,0.9080,81613
del18,fastvc,0.9110,81614
del18,fastvc,0.9110,81615
del18,fastvc,0.9120,81616
del18,fastvc,0.9130,81617
del18,fastvc,0.9130,81618
del18,fastvc,0.9140,81619
del18,fastvc,0.9150,81620
del18,fastvc,0.9150,81621
del18,fastvc,0.9150,81622
del18,fastvc,0.9160,81623
del18,fastvc,0.9170,81624
del18,fastvc,0.9170,81625
del18,fastvc,0.9180,81626
del18,fastvc,0.9180,81627
del18,fastvc,0.9200,81628
del18,fastvc,0.9200,81629
del18,fastvc,0.9210,81630
del18,fastvc,0.9230,81631
del18,fastvc,0.9240,81632
del18,fastvc,0.9250,81633
del18,fastvc,0.9250,81634
del18,fastvc,0.9270,81635
del18,fastvc,0.9270,81636
del18,fastvc,0.9280,81637
del18,fastvc,0.9280,81638
del18,fastvc,0.9280,81639
del18,fastvc,0.9290,81640
del18,fastvc,0.9290,81641
del18,fastvc,0.9310,81642
del18,fastvc,0.9310,81643
del18,fastvc,0.9320,81644
del18,fastvc,0.9320,81645
del18,fastvc,0.9320,81646
del18,fastvc,0.9330,81647
del18,fastvc,0.9330,81648
del18,fastvc,0.9340,81649
del18,fastvc,0.9340,81650
del18,fastvc,0.9350,81651
del18,fastvc,0.9350,81652
del18,fastvc,0.9360,81653
del18,fastvc,0.9360,81654
del18,fastvc,0.9360,81655
del18,fastvc,0.9370,81656
del18,fastvc,0.9370,81657
del18,fastvc,0.9380,81658
del18,fastvc,0.9380,81659
del18,fastvc,0.9380,81660
del18,fastvc,0.9390,81661
del18,fastvc,0.9390,81662
del18,fastvc,0.9400,81663
del18,fastvc,0.9410,81664
del18,fastvc,0.9430,81665
del18,fastvc,0.9450,81666
del18,fastvc,0.9450,81667
del18,fastvc,0.9460,81668
del18,fastvc,0.9460,81669
del18,fastvc,0.9470,81670
del18,fastvc,0.9470,81671
del18,fastvc,0.9480,81672
del18,fastvc,0.9480,81673
del18,fastvc,0.9480,81674
del18,fastvc,0.9500,81675
del18,fastvc,0.9510,81676
del18,fastvc,0.9520,81677
del18,fastvc,0.9530,81678
del18,fastvc,0.9530,81679
del18,fastvc,0.9530,81680
del18,fastvc,0.9540,81681
del18,fastvc,0.9550,81682
del18,fastvc,0.9550,81683
del18,fastvc,0.9560,81684
del18,fastvc,0.9570,81685
del18,fastvc,0.9570,81686
del18,fastvc,0.9580,81687
del18,fastvc,0.9590,81688
del18,fastvc,0.9610,81689
del18,fastvc,0.9610,81690
del18,fastvc,0.9630,81691
del18,fastvc,0.9640,81692
del18,fastvc,0.9660,81693
del18,fastvc,0.9660,81694
del18,fastvc,0.9660,81695
del18,fastvc,0.9660,81696
del18,fastvc,0.9670,81697
del18,fastvc,0.9690,81698
del18,fastvc,0.9700,81699
del18,fastvc,0.9710,81700
del18,fastvc,0.9720,81701
del18,fastvc,0.9720,81702
del18,fastvc,0.9720,81703
del18,fastvc,0.9750,81704
del18,fastvc,0.9750,81705
del18,fastvc,0.9780,81706
del18,fastvc,0.9780,81707
del18,fastvc,0.9780,81708
del18,fastvc,0.9790,81709
del18,fastvc,0.9790,81710
del18,fastvc,0.9820,81711
del18,fastvc,0.9830,81712
del18,fastvc,0.9830,81713
del18,fastvc,0.9830,81714
del18,fastvc,0.9830,81715
del18,fastvc,0.9850,81716
del18,fastvc,0.9850,81717
del18,fastvc,0.9870,81718
del18,fastvc,0.9910,81719
del18,fastvc,0.9950,81720
del18,fastvc,0.9960,81721
del18,fastvc,0.9960,81722
del18,fastvc,0.9990,81723
del18,fastvc,1.0030,81724
del18,fastvc,1.0030,81725
del18,fastvc,1.0050,81726
del18,fastvc,1.0050,81727
del18,fastvc,1.0070,81728
del18,fastvc,1.0080,81729
del18,fastvc,1.0080,81730
del18,fastvc,1.0090,81731
del18,fastvc,1.0090,81732
del18,fastvc,1.0100,81733
del18,fastvc,1.0110,81734
del18,fastvc,1.0120,81735
del18,fastvc,1.0150,81736
del18,fastvc,1.0150,81737
del18,fastvc,1.0180,81738
del18,fastvc,1.0190,81739
del18,fastvc,1.0190,81740
del18,fastvc,1.0190,81741
del18,fastvc,1.0190,81742
del18,fastvc,1.0200,81743
del18,fastvc,1.0200,81744
del18,fastvc,1.0210,81745
del18,fastvc,1.0210,81746
del18,fastvc,1.0230,81747
del18,fastvc,1.0230,81748
del18,fastvc,1.0230,81749
del18,fastvc,1.0240,81750
del18,fastvc,1.0240,81751
del18,fastvc,1.0270,81752
del18,fastvc,1.0280,81753
del18,fastvc,1.0280,81754
del18,fastvc,1.0280,81755
del18,fastvc,1.0290,81756
del18,fastvc,1.0380,81757
del18,fastvc,1.0400,81758
del18,fastvc,1.0400,81759
del18,fastvc,1.0410,81760
del18,fastvc,1.0420,81761
del18,fastvc,1.0440,81762
del18,fastvc,1.0440,81763
del18,fastvc,1.0460,81764
del18,fastvc,1.0480,81765
del18,fastvc,1.0480,81766
del18,fastvc,1.0520,81767
del18,fastvc,1.0550,81768
del18,fastvc,1.0550,81769
del18,fastvc,1.0560,81770
del18,fastvc,1.0570,81771
del18,fastvc,1.0600,81772
del18,fastvc,1.0610,81773
del18,fastvc,1.0610,81774
del18,fastvc,1.0620,81775
del18,fastvc,1.0630,81776
del18,fastvc,1.0640,81777
del18,fastvc,1.0640,81778
del18,fastvc,1.0650,81779
del18,fastvc,1.0680,81780
del18,fastvc,1.0690,81781
del18,fastvc,1.0700,81782
del18,fastvc,1.0710,81783
del18,fastvc,1.0710,81784
del18,fastvc,1.0720,81785
del18,fastvc,1.0740,81786
del18,fastvc,1.0760,81787
del18,fastvc,1.0770,81788
del18,fastvc,1.0780,81789
del18,fastvc,1.0790,81790
del18,fastvc,1.0790,81791
del18,fastvc,1.0800,81792
del18,fastvc,1.0800,81793
del18,fastvc,1.0810,81794
del18,fastvc,1.0810,81795
del18,fastvc,1.0820,81796
del18,fastvc,1.0830,81797
del18,fastvc,1.0830,81798
del18,fastvc,1.0840,81799
del18,fastvc,1.0850,81800
del18,fastvc,1.0850,81801
del18,fastvc,1.0850,81802
del18,fastvc,1.0860,81803
del18,fastvc,1.0890,81804
del18,fastvc,1.0890,81805
del18,fastvc,1.0910,81806
del18,fastvc,1.0920,81807
del18,fastvc,1.0930,81808
del18,fastvc,1.0940,81809
del18,fastvc,1.0940,81810
del18,fastvc,1.0940,81811
del18,fastvc,1.0960,81812
del18,fastvc,1.0970,81813
del18,fastvc,1.0970,81814
del18,fastvc,1.0970,81815
del18,fastvc,1.0980,81816
del18,fastvc,1.0990,81817
del18,fastvc,1.0990,81818
del18,fastvc,1.1000,81819
del18,fastvc,1.1010,81820
del18,fastvc,1.1050,81821
del18,fastvc,1.1080,81822
del18,fastvc,1.1080,81823
del18,fastvc,1.1080,81824
del18,fastvc,1.1090,81825
del18,fastvc,1.1090,81826
del18,fastvc,1.1090,81827
del18,fastvc,1.1100,81828
del18,fastvc,1.1120,81829
del18,fastvc,1.1130,81830
del18,fastvc,1.1140,81831
del18,fastvc,1.1140,81832
del18,fastvc,1.1150,81833
del18,fastvc,1.1160,81834
del18,fastvc,1.1170,81835
del18,fastvc,1.1170,81836
del18,fastvc,1.1170,81837
del18,fastvc,1.1190,81838
del18,fastvc,1.1210,81839
del18,fastvc,1.1210,81840
del18,fastvc,1.1230,81841
del18,fastvc,1.1240,81842
del18,fastvc,1.1260,81843
del18,fastvc,1.1270,81844
del18,fastvc,1.1300,81845
del18,fastvc,1.1310,81846
del18,fastvc,1.1310,81847
del18,fastvc,1.1310,81848
del18,fastvc,1.1310,81849
del18,fastvc,1.1330,81850
del18,fastvc,1.1340,81851
del18,fastvc,1.1370,81852
del18,fastvc,1.1380,81853
del18,fastvc,1.1380,81854
del18,fastvc,1.1380,81855
del18,fastvc,1.1390,81856
del18,fastvc,1.1400,81857
del18,fastvc,1.1420,81858
del18,fastvc,1.1430,81859
del18,fastvc,1.1450,81860
del18,fastvc,1.1460,81861
del18,fastvc,1.1480,81862
del18,fastvc,1.1500,81863
del18,fastvc,1.1520,81864
del18,fastvc,1.1520,81865
del18,fastvc,1.1520,81866
del18,fastvc,1.1530,81867
del18,fastvc,1.1590,81868
del18,fastvc,1.1590,81869
del18,fastvc,1.1590,81870
del18,fastvc,1.1600,81871
del18,fastvc,1.1610,81872
del18,fastvc,1.1620,81873
del18,fastvc,1.1630,81874
del18,fastvc,1.1640,81875
del18,fastvc,1.1650,81876
del18,fastvc,1.1660,81877
del18,fastvc,1.1660,81878
del18,fastvc,1.1660,81879
del18,fastvc,1.1680,81880
del18,fastvc,1.1690,81881
del18,fastvc,1.1720,81882
del18,fastvc,1.1730,81883
del18,fastvc,1.1740,81884
del18,fastvc,1.1750,81885
del18,fastvc,1.1750,81886
del18,fastvc,1.1780,81887
del18,fastvc,1.1780,81888
del18,fastvc,1.1810,81889
del18,fastvc,1.1830,81890
del18,fastvc,1.1830,81891
del18,fastvc,1.1850,81892
del18,fastvc,1.1850,81893
del18,fastvc,1.1870,81894
del18,fastvc,1.1870,81895
del18,fastvc,1.1890,81896
del18,fastvc,1.1910,81897
del18,fastvc,1.1940,81898
del18,fastvc,1.1960,81899
del18,fastvc,1.1970,81900
del18,fastvc,1.1970,81901
del18,fastvc,1.1970,81902
del18,fastvc,1.2010,81903
del18,fastvc,1.2010,81904
del18,fastvc,1.2060,81905
del18,fastvc,1.2080,81906
del18,fastvc,1.2080,81907
del18,fastvc,1.2180,81908
del18,fastvc,1.2180,81909
del18,fastvc,1.2180,81910
del18,fastvc,1.2210,81911
del18,fastvc,1.2230,81912
del18,fastvc,1.2240,81913
del18,fastvc,1.2290,81914
del18,fastvc,1.2300,81915
del18,fastvc,1.2310,81916
del18,fastvc,1.2330,81917
del18,fastvc,1.2330,81918
del18,fastvc,1.2360,81919
del18,fastvc,1.2400,81920
del18,fastvc,1.2410,81921
del18,fastvc,1.2430,81922
del18,fastvc,1.2450,81923
del18,fastvc,1.2460,81924
del18,fastvc,1.2490,81925
del18,fastvc,1.2490,81926
del18,fastvc,1.2500,81927
del18,fastvc,1.2520,81928
del18,fastvc,1.2530,81929
del18,fastvc,1.2540,81930
del18,fastvc,1.2550,81931
del18,fastvc,1.2560,81932
del18,fastvc,1.2560,81933
del18,fastvc,1.2600,81934
del18,fastvc,1.2640,81935
del18,fastvc,1.2650,81936
del18,fastvc,1.2660,81937
del18,fastvc,1.2660,81938
del18,fastvc,1.2670,81939
del18,fastvc,1.2690,81940
del18,fastvc,1.2690,81941
del18,fastvc,1.2700,81942
del18,fastvc,1.2730,81943
del18,fastvc,1.2780,81944
del18,fastvc,1.2790,81945
del18,fastvc,1.2810,81946
del18,fastvc,1.2810,81947
del18,fastvc,1.2820,81948
del18,fastvc,1.2820,81949
del18,fastvc,1.2830,81950
del18,fastvc,1.2830,81951
del18,fastvc,1.2840,81952
del18,fastvc,1.2880,81953
del18,fastvc,1.2930,81954
del18,fastvc,1.2940,81955
del18,fastvc,1.2970,81956
del18,fastvc,1.2970,81957
del18,fastvc,1.2990,81958
del18,fastvc,1.3000,81959
del18,fastvc,1.3000,81960
del18,fastvc,1.3030,81961
del18,fastvc,1.3040,81962
del18,fastvc,1.3060,81963
del18,fastvc,1.3070,81964
del18,fastvc,1.3080,81965
del18,fastvc,1.3140,81966
del18,fastvc,1.3150,81967
del18,fastvc,1.3230,81968
del18,fastvc,1.3260,81969
del18,fastvc,1.3310,81970
del18,fastvc,1.3310,81971
del18,fastvc,1.3370,81972
del18,fastvc,1.3370,81973
del18,fastvc,1.3370,81974
del18,fastvc,1.3380,81975
del18,fastvc,1.3390,81976
del18,fastvc,1.3400,81977
del18,fastvc,1.3410,81978
del18,fastvc,1.3410,81979
del18,fastvc,1.3420,81980
del18,fastvc,1.3460,81981
del18,fastvc,1.3480,81982
del18,fastvc,1.3490,81983
del18,fastvc,1.3530,81984
del18,fastvc,1.3570,81985
del18,fastvc,1.3570,81986
del18,fastvc,1.3570,81987
del18,fastvc,1.3580,81988
del18,fastvc,1.3590,81989
del18,fastvc,1.3590,81990
del18,fastvc,1.3600,81991
del18,fastvc,1.3630,81992
del18,fastvc,1.3710,81993
del18,fastvc,1.3730,81994
del18,fastvc,1.3740,81995
del18,fastvc,1.3740,81996
del18,fastvc,1.3770,81997
del18,fastvc,1.3800,81998
del18,fastvc,1.3800,81999
del18,fastvc,1.3810,82000
del18,fastvc,1.3820,82001
del18,fastvc,1.3820,82002
del18,fastvc,1.3860,82003
del18,fastvc,1.3860,82004
del18,fastvc,1.3880,82005
del18,fastvc,1.3910,82006
del18,fastvc,1.3930,82007
del18,fastvc,1.3950,82008
del18,fastvc,1.3960,82009
del18,fastvc,1.3970,82010
del18,fastvc,1.3990,82011
del18,fastvc,1.4000,82012
del18,fastvc,1.4010,82013
del18,fastvc,1.4010,82014
del18,fastvc,1.4020,82015
del18,fastvc,1.4060,82016
del18,fastvc,1.4100,82017
del18,fastvc,1.4120,82018
del18,fastvc,1.4130,82019
del18,fastvc,1.4170,82020
del18,fastvc,1.4190,82021
del18,fastvc,1.4200,82022
del18,fastvc,1.4220,82023
del18,fastvc,1.4240,82024
del18,fastvc,1.4290,82025
del18,fastvc,1.4310,82026
del18,fastvc,1.4310,82027
del18,fastvc,1.4390,82028
del18,fastvc,1.4390,82029
del18,fastvc,1.4410,82030
del18,fastvc,1.4430,82031
del18,fastvc,1.4460,82032
del18,fastvc,1.4480,82033
del18,fastvc,1.4500,82034
del18,fastvc,1.4510,82035
del18,fastvc,1.4540,82036
del18,fastvc,1.4560,82037
del18,fastvc,1.4630,82038
del18,fastvc,1.4630,82039
del18,fastvc,1.4640,82040
del18,fastvc,1.4650,82041
del18,fastvc,1.4680,82042
del18,fastvc,1.4700,82043
del18,fastvc,1.4720,82044
del18,fastvc,1.4730,82045
del18,fastvc,1.4770,82046
del18,fastvc,1.4780,82047
del18,fastvc,1.4800,82048
del18,fastvc,1.4810,82049
del18,fastvc,1.4820,82050
del18,fastvc,1.4830,82051
del18,fastvc,1.4870,82052
del18,fastvc,1.4890,82053
del18,fastvc,1.4900,82054
del18,fastvc,1.4900,82055
del18,fastvc,1.4910,82056
del18,fastvc,1.4950,82057
del18,fastvc,1.4970,82058
del18,fastvc,1.5020,82059
del18,fastvc,1.5030,82060
del18,fastvc,1.5090,82061
del18,fastvc,1.5160,82062
del18,fastvc,1.5160,82063
del18,fastvc,1.5190,82064
del18,fastvc,1.5220,82065
del18,fastvc,1.5260,82066
del18,fastvc,1.5280,82067
del18,fastvc,1.5290,82068
del18,fastvc,1.5320,82069
del18,fastvc,1.5340,82070
del18,fastvc,1.5340,82071
del18,fastvc,1.5360,82072
del18,fastvc,1.5400,82073
del18,fastvc,1.5450,82074
del18,fastvc,1.5470,82075
del18,fastvc,1.5470,82076
del18,fastvc,1.5480,82077
del18,fastvc,1.5480,82078
del18,fastvc,1.5490,82079
del18,fastvc,1.5490,82080
del18,fastvc,1.5500,82081
del18,fastvc,1.5560,82082
del18,fastvc,1.5580,82083
del18,fastvc,1.5590,82084
del18,fastvc,1.5600,82085
del18,fastvc,1.5630,82086
del18,fastvc,1.5640,82087
del18,fastvc,1.5700,82088
del18,fastvc,1.5720,82089
del18,fastvc,1.5750,82090
del18,fastvc,1.5760,82091
del18,fastvc,1.5760,82092
del18,fastvc,1.5790,82093
del18,fastvc,1.5790,82094
del18,fastvc,1.5820,82095
del18,fastvc,1.5860,82096
del18,fastvc,1.5940,82097
del18,fastvc,1.5990,82098
del18,fastvc,1.6010,82099
del18,fastvc,1.6050,82100
del18,fastvc,1.6090,82101
del18,fastvc,1.6100,82102
del18,fastvc,1.6140,82103
del18,fastvc,1.6140,82104
del18,fastvc,1.6180,82105
del18,fastvc,1.6290,82106
del18,fastvc,1.6310,82107
del18,fastvc,1.6410,82108
del18,fastvc,1.6470,82109
del18,fastvc,1.6550,82110
del18,fastvc,1.6550,82111
del18,fastvc,1.6600,82112
del18,fastvc,1.6650,82113
del18,fastvc,1.6660,82114
del18,fastvc,1.6740,82115
del18,fastvc,1.6750,82116
del18,fastvc,1.6780,82117
del18,fastvc,1.6790,82118
del18,fastvc,1.6870,82119
del18,fastvc,1.6870,82120
del18,fastvc,1.6880,82121
del18,fastvc,1.6920,82122
del18,fastvc,1.6960,82123
del18,fastvc,1.7070,82124
del18,fastvc,1.7100,82125
del18,fastvc,1.7100,82126
del18,fastvc,1.7100,82127
del18,fastvc,1.7130,82128
del18,fastvc,1.7180,82129
del18,fastvc,1.7180,82130
del18,fastvc,1.7320,82131
del18,fastvc,1.7350,82132
del18,fastvc,1.7350,82133
del18,fastvc,1.7460,82134
del18,fastvc,1.7500,82135
del18,fastvc,1.7600,82136
del18,fastvc,1.7600,82137
del18,fastvc,1.7610,82138
del18,fastvc,1.7630,82139
del18,fastvc,1.7640,82140
del18,fastvc,1.7640,82141
del18,fastvc,1.7660,82142
del18,fastvc,1.7700,82143
del18,fastvc,1.7700,82144
del18,fastvc,1.7780,82145
del18,fastvc,1.7790,82146
del18,fastvc,1.7810,82147
del18,fastvc,1.7820,82148
del18,fastvc,1.7830,82149
del18,fastvc,1.7860,82150
del18,fastvc,1.7860,82151
del18,fastvc,1.7880,82152
del18,fastvc,1.7950,82153
del18,fastvc,1.7980,82154
del18,fastvc,1.8010,82155
del18,fastvc,1.8020,82156
del18,fastvc,1.8030,82157
del18,fastvc,1.8140,82158
del18,fastvc,1.8160,82159
del18,fastvc,1.8210,82160
del18,fastvc,1.8290,82161
del18,fastvc,1.8460,82162
del18,fastvc,1.8680,82163
del18,fastvc,1.8700,82164
del18,fastvc,1.8750,82165
del18,fastvc,1.9040,82166
del18,fastvc,1.9070,82167
del18,fastvc,1.9100,82168
del18,fastvc,1.9170,82169
del18,fastvc,1.9180,82170
del18,fastvc,1.9200,82171
del18,fastvc,1.9310,82172
del18,fastvc,1.9340,82173
del18,fastvc,1.9450,82174
del18,fastvc,1.9490,82175
del18,fastvc,1.9550,82176
del18,fastvc,1.9610,82177
del18,fastvc,1.9620,82178
del18,fastvc,1.9640,82179
del18,fastvc,1.9650,82180
del18,fastvc,1.9660,82181
del18,fastvc,1.9680,82182
del18,fastvc,1.9750,82183
del18,fastvc,1.9760,82184
del18,fastvc,1.9820,82185
del18,fastvc,1.9850,82186
del18,fastvc,1.9860,82187
del18,fastvc,1.9870,82188
del18,fastvc,1.9870,82189
del18,fastvc,1.9890,82190
del18,fastvc,1.9990,82191
del18,fastvc,2.0000,82192
del18,fastvc,2.0010,82193
del18,fastvc,2.0030,82194
del18,fastvc,2.0100,82195
del18,fastvc,2.0130,82196
del18,fastvc,2.0160,82197
del18,fastvc,2.0200,82198
del18,fastvc,2.0310,82199
del18,fastvc,2.0310,82200
del18,fastvc,2.0390,82201
del18,fastvc,2.0500,82202
del18,fastvc,2.0570,82203
del18,fastvc,2.0650,82204
del18,fastvc,2.0740,82205
del18,fastvc,2.0780,82206
del18,fastvc,2.0790,82207
del18,fastvc,2.0980,82208
del18,fastvc,2.1000,82209
del18,fastvc,2.1090,82210
del18,fastvc,2.1170,82211
del18,fastvc,2.1180,82212
del18,fastvc,2.1190,82213
del18,fastvc,2.1250,82214
del18,fastvc,2.1260,82215
del18,fastvc,2.1310,82216
del18,fastvc,2.1340,82217
del18,fastvc,2.1420,82218
del18,fastvc,2.1430,82219
del18,fastvc,2.1440,82220
del18,fastvc,2.1510,82221
del18,fastvc,2.1640,82222
del18,fastvc,2.1690,82223
del18,fastvc,2.1700,82224
del18,fastvc,2.1810,82225
del18,fastvc,2.1850,82226
del18,fastvc,2.1860,82227
del18,fastvc,2.1900,82228
del18,fastvc,2.1920,82229
del18,fastvc,2.1930,82230
del18,fastvc,2.2020,82231
del18,fastvc,2.2200,82232
del18,fastvc,2.2420,82233
del18,fastvc,2.2430,82234
del18,fastvc,2.2530,82235
del18,fastvc,2.2570,82236
del18,fastvc,2.2770,82237
del18,fastvc,2.2800,82238
del18,fastvc,2.2810,82239
del18,fastvc,2.2970,82240
del18,fastvc,2.2990,82241
del18,fastvc,2.3040,82242
del18,fastvc,2.3060,82243
del18,fastvc,2.3200,82244
del18,fastvc,2.3300,82245
del18,fastvc,2.3360,82246
del18,fastvc,2.3410,82247
del18,fastvc,2.3550,82248
del18,fastvc,2.3660,82249
del18,fastvc,2.3740,82250
del18,fastvc,2.3760,82251
del18,fastvc,2.3930,82252
del18,fastvc,2.3970,82253
del18,fastvc,2.4090,82254
del18,fastvc,2.4160,82255
del18,fastvc,2.4220,82256
del18,fastvc,2.4260,82257
del18,fastvc,2.4360,82258
del18,fastvc,2.4390,82259
del18,fastvc,2.4510,82260
del18,fastvc,2.4570,82261
del18,fastvc,2.4650,82262
del18,fastvc,2.4690,82263
del18,fastvc,2.4800,82264
del18,fastvc,2.4860,82265
del18,fastvc,2.4870,82266
del18,fastvc,2.4920,82267
del18,fastvc,2.5080,82268
del18,fastvc,2.5300,82269
del18,fastvc,2.5340,82270
del18,fastvc,2.5400,82271
del18,fastvc,2.5580,82272
del18,fastvc,2.5720,82273
del18,fastvc,2.5750,82274
del18,fastvc,2.5950,82275
del18,fastvc,2.5990,82276
del18,fastvc,2.6170,82277
del18,fastvc,2.6170,82278
del18,fastvc,2.6180,82279
del18,fastvc,2.6190,82280
del18,fastvc,2.6240,82281
del18,fastvc,2.6320,82282
del18,fastvc,2.6670,82283
del18,fastvc,2.6750,82284
del18,fastvc,2.6890,82285
del18,fastvc,2.7040,82286
del18,fastvc,2.7060,82287
del18,fastvc,2.7140,82288
del18,fastvc,2.7320,82289
del18,fastvc,2.7350,82290
del18,fastvc,2.7360,82291
del18,fastvc,2.7450,82292
del18,fastvc,2.7480,82293
del18,fastvc,2.7490,82294
del18,fastvc,2.7520,82295
del18,fastvc,2.7560,82296
del18,fastvc,2.7660,82297
del18,fastvc,2.7820,82298
del18,fastvc,2.7870,82299
del18,fastvc,2.8100,82300
del18,fastvc,2.8110,82301
del18,fastvc,2.8130,82302
del18,fastvc,2.8230,82303
del18,fastvc,2.8350,82304
del18,fastvc,2.8390,82305
del18,fastvc,2.8430,82306
del18,fastvc,2.8440,82307
del18,fastvc,2.8620,82308
del18,fastvc,2.8630,82309
del18,fastvc,2.8820,82310
del18,fastvc,2.9040,82311
del18,fastvc,2.9040,82312
del18,fastvc,2.9080,82313
del18,fastvc,2.9160,82314
del18,fastvc,2.9400,82315
del18,fastvc,2.9650,82316
del18,fastvc,2.9680,82317
del18,fastvc,2.9810,82318
del18,fastvc,2.9860,82319
del18,fastvc,3.0020,82320
del18,fastvc,3.0060,82321
del18,fastvc,3.0300,82322
del18,fastvc,3.0320,82323
del18,fastvc,3.0390,82324
del18,fastvc,3.0910,82325
del18,fastvc,3.0950,82326
del18,fastvc,3.1020,82327
del18,fastvc,3.1090,82328
del18,fastvc,3.1220,82329
del18,fastvc,3.1380,82330
del18,fastvc,3.1480,82331
del18,fastvc,3.1580,82332
del18,fastvc,3.1630,82333
del18,fastvc,3.1640,82334
del18,fastvc,3.1870,82335
del18,fastvc,3.1900,82336
del18,fastvc,3.2070,82337
del18,fastvc,3.2140,82338
del18,fastvc,3.2280,82339
del18,fastvc,3.2290,82340
del18,fastvc,3.2300,82341
del18,fastvc,3.2400,82342
del18,fastvc,3.2520,82343
del18,fastvc,3.2780,82344
del18,fastvc,3.2810,82345
del18,fastvc,3.3040,82346
del18,fastvc,3.3250,82347
del18,fastvc,3.3470,82348
del18,fastvc,3.3550,82349
del18,fastvc,3.3620,82350
del18,fastvc,3.3730,82351
del18,fastvc,3.3840,82352
del18,fastvc,3.4050,82353
del18,fastvc,3.4140,82354
del18,fastvc,3.4410,82355
del18,fastvc,3.4490,82356
del18,fastvc,3.4600,82357
del18,fastvc,3.4640,82358
del18,fastvc,3.4710,82359
del18,fastvc,3.4740,82360
del18,fastvc,3.4810,82361
del18,fastvc,3.4970,82362
del18,fastvc,3.4990,82363
del18,fastvc,3.4990,82364
del18,fastvc,3.5000,82365
del18,fastvc,3.5000,82366
del18,fastvc,3.5020,82367
del18,fastvc,3.5060,82368
del18,fastvc,3.5070,82369
del18,fastvc,3.5110,82370
del18,fastvc,3.5300,82371
del18,fastvc,3.5310,82372
del18,fastvc,3.5510,82373
del18,fastvc,3.5680,82374
del18,fastvc,3.5930,82375
del18,fastvc,3.6190,82376
del18,fastvc,3.6280,82377
del18,fastvc,3.6670,82378
del18,fastvc,3.6840,82379
del18,fastvc,3.7650,82380
del18,fastvc,3.8330,82381
del18,fastvc,3.8470,82382
del18,fastvc,3.9170,82383
del18,fastvc,3.9230,82384
del18,fastvc,3.9500,82385
del18,fastvc,3.9510,82386
del18,fastvc,3.9520,82387
del18,fastvc,3.9540,82388
del18,fastvc,3.9720,82389
del18,fastvc,3.9790,82390
del18,fastvc,4.0290,82391
del18,fastvc,4.0790,82392
del18,fastvc,4.0890,82393
del18,fastvc,4.1080,82394
del18,fastvc,4.1440,82395
del18,fastvc,4.1600,82396
del18,fastvc,4.1600,82397
del18,fastvc,4.1660,82398
del18,fastvc,4.1660,82399
del18,fastvc,4.1880,82400
del18,fastvc,4.2090,82401
del18,fastvc,4.2150,82402
del18,fastvc,4.2270,82403
del18,fastvc,4.2450,82404
del18,fastvc,4.2830,82405
del18,fastvc,4.2950,82406
del18,fastvc,4.3040,82407
del18,fastvc,4.3170,82408
del18,fastvc,4.3300,82409
del18,fastvc,4.3800,82410
del18,fastvc,4.4560,82411
del18,fastvc,4.4620,82412
del18,fastvc,4.4900,82413
del18,fastvc,4.5040,82414
del18,fastvc,4.5260,82415
del18,fastvc,4.5490,82416
del18,fastvc,4.5630,82417
del18,fastvc,4.5660,82418
del18,fastvc,4.6200,82419
del18,fastvc,4.6320,82420
del18,fastvc,4.6650,82421
del18,fastvc,4.6690,82422
del18,fastvc,4.6990,82423
del18,fastvc,4.7430,82424
del18,fastvc,4.7720,82425
del18,fastvc,4.7800,82426
del18,fastvc,4.7870,82427
del18,fastvc,4.7930,82428
del18,fastvc,4.8000,82429
del18,fastvc,4.8070,82430
del18,fastvc,4.8190,82431
del18,fastvc,4.8240,82432
del18,fastvc,4.8480,82433
del18,fastvc,4.8570,82434
del18,fastvc,4.8820,82435
del18,fastvc,4.9660,82436
del18,fastvc,5.0000,82437
del18,fastvc,5.0310,82438
del18,fastvc,5.0460,82439
del18,fastvc,5.0750,82440
del18,fastvc,5.0820,82441
del18,fastvc,5.1000,82442
del18,fastvc,5.1260,82443
del18,fastvc,5.1510,82444
del18,fastvc,5.1710,82445
del18,fastvc,5.2330,82446
del18,fastvc,5.2690,82447
del18,fastvc,5.3420,82448
del18,fastvc,5.3690,82449
del18,fastvc,5.3870,82450
del18,fastvc,5.4100,82451
del18,fastvc,5.4600,82452
del18,fastvc,5.4870,82453
del18,fastvc,5.5380,82454
del18,fastvc,5.5670,82455
del18,fastvc,5.5770,82456
del18,fastvc,5.6420,82457
del18,fastvc,5.6750,82458
del18,fastvc,5.7370,82459
del18,fastvc,5.7480,82460
del18,fastvc,5.7690,82461
del18,fastvc,5.8130,82462
del18,fastvc,5.8220,82463
del18,fastvc,5.8230,82464
del18,fastvc,5.8280,82465
del18,fastvc,5.8720,82466
del18,fastvc,5.8870,82467
del18,fastvc,5.9690,82468
del18,fastvc,6.0220,82469
del18,fastvc,6.0240,82470
del18,fastvc,6.1050,82471
del18,fastvc,6.1460,82472
del18,fastvc,6.1470,82473
del18,fastvc,6.1670,82474
del18,fastvc,6.1740,82475
del18,fastvc,6.2230,82476
del18,fastvc,6.3080,82477
del18,fastvc,6.5330,82478
del18,fastvc,6.5480,82479
del18,fastvc,6.5530,82480
del18,fastvc,6.5910,82481
del18,fastvc,6.6010,82482
del18,fastvc,6.6280,82483
del18,fastvc,6.6730,82484
del18,fastvc,6.7130,82485
del18,fastvc,6.7220,82486
del18,fastvc,6.8950,82487
del18,fastvc,6.9560,82488
del18,fastvc,6.9700,82489
del18,fastvc,6.9750,82490
del18,fastvc,7.0600,82491
del18,fastvc,7.1540,82492
del18,fastvc,7.2400,82493
del18,fastvc,7.3380,82494
del18,fastvc,7.4560,82495
del18,fastvc,7.4570,82496
del18,fastvc,7.5370,82497
del18,fastvc,7.5490,82498
del18,fastvc,7.6410,82499
del18,fastvc,7.6490,82500
del18,fastvc,7.7400,82501
del18,fastvc,7.8380,82502
del18,fastvc,7.8560,82503
del18,fastvc,7.8890,82504
del18,fastvc,7.9270,82505
del18,fastvc,7.9440,82506
del18,fastvc,8.0000,82507
del18,fastvc,8.0390,82508
del18,fastvc,8.0700,82509
del18,fastvc,8.1190,82510
del18,fastvc,8.2720,82511
del18,fastvc,8.4700,82512
del18,fastvc,8.5590,82513
del18,fastvc,8.6040,82514
del18,fastvc,8.6670,82515
del18,fastvc,9.0850,82516
del18,fastvc,9.3650,82517
del18,fastvc,9.6190,82518
del18,fastvc,9.6400,82519
del18,fastvc,9.7860,82520
del18,fastvc,10.0540,82521
del18,fastvc,10.1100,82522
del18,fastvc,10.2590,82523
del18,fastvc,10.8770,82524
del18,fastvc,11.0020,82525
del18,fastvc,11.2880,82526
del18,fastvc,11.8090,82527
del18,fastvc,11.9580,82528
del18,fastvc,12.3030,82529
del18,fastvc,12.4180,82530
del18,fastvc,12.4540,82531
del18,fastvc,12.5880,82532
del18,fastvc,12.6470,82533
del18,fastvc,13.0170,82534
del18,fastvc,13.6750,82535
del18,fastvc,13.8400,82536
del18,fastvc,14.0470,82537
del18,fastvc,14.8230,82538
del18,fastvc,15.0000,82539
del18,fastvc,15.0370,82540
del18,fastvc,15.4520,82541
del18,fastvc,15.4580,82542
del18,fastvc,15.8000,82543
del18,fastvc,16.2090,82544
del18,fastvc,16.3400,82545
del18,fastvc,16.7910,82546
del18,fastvc,16.8780,82547
del18,fastvc,17.0300,82548
del18,fastvc,18.2530,82549
del18,fastvc,20.0250,82550
del18,fastvc,22.0630,82551
del18,fastvc,24.0370,82552
del18,fastvc,25.2110,82553
del18,fastvc,25.2880,82554
del18,fastvc,27.4370,82555
del18,fastvc,28.9260,82556
del18,fastvc,29.0450,82557
del18,fastvc,29.9510,82558
del18,fastvc,31.1970,82559
del18,fastvc,35.5750,82560
del18,fastvc,37.1270,82561
del18,fastvc,37.2370,82562
del18,fastvc,37.8360,82563
del18,fastvc,38.5150,82564
del18,fastvc,40.8080,82565
del18,fastvc,41.7640,82566
del18,fastvc,42.1120,82567
del18,fastvc,46.2150,82568
del18,fastvc,53.2580,82569
del18,fastvc,56.1880,82570
del18,fastvc,56.3300,82571
